88000,Bangunan Api-Api,Kota Kinabalu,Sabah
88000,Bangunan Asia City,Kota Kinabalu,Sabah
88000,Bangunan Bank Negara,Kota Kinabalu,Sabah
88000,Bangunan BFO,Kota Kinabalu,Sabah
88000,Bangunan Centre Point,Kota Kinabalu,Sabah
88000,Bangunan Dewan Bandaraya Kota Kinabalu,Kota Kinabalu,Sabah
88000,Bangunan Dewan Masyarakat Kota Kinabalu,Kota Kinabalu,Sabah
88000,Bangunan Feri Terminal,Kota Kinabalu,Sabah
88000,Bangunan Hong Kong Bank,Kota Kinabalu,Sabah
88000,Bangunan Indra Sabah,Kota Kinabalu,Sabah
88000,Bangunan Kinabalu Club,Kota Kinabalu,Sabah
88000,Bangunan KK Plaza,Kota Kinabalu,Sabah
88000,Bangunan MPKK,Kota Kinabalu,Sabah
88000,Bangunan Pasar Besar Kota Kinabalu,Kota Kinabalu,Sabah
88000,Bangunan S.T.P.C,Kota Kinabalu,Sabah
88000,Bangunan SAFMA,Kota Kinabalu,Sabah
88000,Bangunan Wawasan Plaza,Kota Kinabalu,Sabah
88000,Central Building,Kota Kinabalu,Sabah
88000,Chinese Chamber Building,Kota Kinabalu,Sabah
88000,Elas-Elas,Kota Kinabalu,Sabah
88000,Hong Dua,Kota Kinabalu,Sabah
88000,Hong Satu,Kota Kinabalu,Sabah
88000,Hotel Le Meridien,Kota Kinabalu,Sabah
88000,Hyatt Regency Hotel,Kota Kinabalu,Sabah
88000,Jalan 12,Kota Kinabalu,Sabah
88000,Jalan 13,Kota Kinabalu,Sabah
88000,Jalan 14,Kota Kinabalu,Sabah
88000,Jalan 15,Kota Kinabalu,Sabah
88000,Jalan 16,Kota Kinabalu,Sabah
88000,Jalan 2,Kota Kinabalu,Sabah
88000,Jalan 20,Kota Kinabalu,Sabah
88000,Jalan 21,Kota Kinabalu,Sabah
88000,Jalan 22,Kota Kinabalu,Sabah
88000,Jalan 23,Kota Kinabalu,Sabah
88000,Jalan 24,Kota Kinabalu,Sabah
88000,Jalan 3,Kota Kinabalu,Sabah
88000,Jalan 4,Kota Kinabalu,Sabah
88000,Jalan 5,Kota Kinabalu,Sabah
88000,Jalan 6,Kota Kinabalu,Sabah
88000,Jalan Albert Kwok,Kota Kinabalu,Sabah
88000,Jalan Api-Api,Kota Kinabalu,Sabah
88000,Jalan Bakau,Kota Kinabalu,Sabah
88000,Jalan Balai Polis Lama,Kota Kinabalu,Sabah
88000,Jalan Balai Polis,Kota Kinabalu,Sabah
88000,Jalan Bandaran Berjaya,Kota Kinabalu,Sabah
88000,Jalan Bandaran,Kota Kinabalu,Sabah
88000,Jalan Berjaya (1 - 3),Kota Kinabalu,Sabah
88000,Jalan Centre,Kota Kinabalu,Sabah
88000,Jalan Datuk Chong Thian Vun,Kota Kinabalu,Sabah
88000,Jalan Deasoka,Kota Kinabalu,Sabah
88000,Jalan Gaya,Kota Kinabalu,Sabah
88000,Jalan Haji Samad,Kota Kinabalu,Sabah
88000,Jalan Haji Saman,Kota Kinabalu,Sabah
88000,Jalan Haji Yaakub,Kota Kinabalu,Sabah
88000,Jalan Ibu Pejabat Berjaya,Kota Kinabalu,Sabah
88000,Jalan Jati,Kota Kinabalu,Sabah
88000,Jalan Kebijakan,Kota Kinabalu,Sabah
88000,Jalan Labuk,Kota Kinabalu,Sabah
88000,Jalan Ladang,Kota Kinabalu,Sabah
88000,Jalan Lapan,Kota Kinabalu,Sabah
88000,Jalan Lee Tet Phui,Kota Kinabalu,Sabah
88000,Jalan Liman Diki,Kota Kinabalu,Sabah
88000,Jalan Masjid Lama,Kota Kinabalu,Sabah
88000,Jalan Merdeka,Kota Kinabalu,Sabah
88000,Jalan Padang,Kota Kinabalu,Sabah
88000,Jalan Padas,Kota Kinabalu,Sabah
88000,Jalan Pantai,Kota Kinabalu,Sabah
88000,Jalan Pasar Baru,Kota Kinabalu,Sabah
88000,Jalan Pasar,Kota Kinabalu,Sabah
88000,Jalan Pelabuhan,Kota Kinabalu,Sabah
88000,Jalan Pengiran Fatimah,Kota Kinabalu,Sabah
88000,Jalan Perpaduan,Kota Kinabalu,Sabah
88000,Jalan Perpustakaan Negeri,Kota Kinabalu,Sabah
88000,Jalan Salleh Sulong,Kota Kinabalu,Sabah
88000,Jalan Satu,Kota Kinabalu,Sabah
88000,Jalan Sebelas,Kota Kinabalu,Sabah
88000,Jalan Segama,Kota Kinabalu,Sabah
88000,Jalan Segumting,Kota Kinabalu,Sabah
88000,Jalan Sembilan Belas,Kota Kinabalu,Sabah
88000,Jalan Sembilan,Kota Kinabalu,Sabah
88000,Jalan Sentosa,Kota Kinabalu,Sabah
88000,Jalan Sepuloh,Kota Kinabalu,Sabah
88000,Jalan Sinsuran,Kota Kinabalu,Sabah
88000,Jalan Sugut,Kota Kinabalu,Sabah
88000,Jalan Tan Beng Hing,Kota Kinabalu,Sabah
88000,Jalan Tanjung Lipat,Kota Kinabalu,Sabah
88000,Jalan Timbuk,Kota Kinabalu,Sabah
88000,Jalan Tuanku Abdul Rahman,Kota Kinabalu,Sabah
88000,Jalan Tugu,Kota Kinabalu,Sabah
88000,Jalan Tujuh Belas,Kota Kinabalu,Sabah
88000,Jalan Tujuh,Kota Kinabalu,Sabah
88000,Jalan Tun Razak,Kota Kinabalu,Sabah
88000,Kampung Air,Kota Kinabalu,Sabah
88000,King Park Hotel,Kota Kinabalu,Sabah
88000,Kompleks Asia City,Kota Kinabalu,Sabah
88000,Kompleks SEDCO,Kota Kinabalu,Sabah
88000,Kompleks Segama,Kota Kinabalu,Sabah
88000,Kompleks Sinsuran,Kota Kinabalu,Sabah
88000,Lebuhraya Pantai Baru,Kota Kinabalu,Sabah
88000,Lorong 6,Kota Kinabalu,Sabah
88000,Lorong 7,Kota Kinabalu,Sabah
88000,Lorong Api-Api,Kota Kinabalu,Sabah
88000,Lorong Bahasa,Kota Kinabalu,Sabah
88000,Lorong Bakau,Kota Kinabalu,Sabah
88000,Lorong Bank,Kota Kinabalu,Sabah
88000,Lorong Berjaya,Kota Kinabalu,Sabah
88000,Lorong Dewan,Kota Kinabalu,Sabah
88000,Lorong Ewan,Kota Kinabalu,Sabah
88000,Lorong Gumantung,Kota Kinabalu,Sabah
88000,Lorong Haji Ahmad,Kota Kinabalu,Sabah
88000,Lorong Haji Yaakub,Kota Kinabalu,Sabah
88000,Lorong Jati,Kota Kinabalu,Sabah
88000,Lorong Khidmat,Kota Kinabalu,Sabah
88000,Lorong Lapan,Kota Kinabalu,Sabah
88000,Lorong Merdeka,Kota Kinabalu,Sabah
88000,Lorong Pasar Baru,Kota Kinabalu,Sabah
88000,Lorong Pelabuhan A,Kota Kinabalu,Sabah
88000,Lorong Pelabuhan,Kota Kinabalu,Sabah
88000,Lorong Perpaduan (A & B),Kota Kinabalu,Sabah
88000,Lorong Sagunting,Kota Kinabalu,Sabah
88000,Lorong Sembilan Belas,Kota Kinabalu,Sabah
88000,Lorong Sembilan,Kota Kinabalu,Sabah
88000,Lorong Sinsuran,Kota Kinabalu,Sabah
88000,Lorong T3,Kota Kinabalu,Sabah
88000,Lorong Yakin,Kota Kinabalu,Sabah
88000,Marina Court,Kota Kinabalu,Sabah
88000,Menara Jubli,Kota Kinabalu,Sabah
88000,Menara MAA,Kota Kinabalu,Sabah
88000,Menara MBF,Kota Kinabalu,Sabah
88000,Pengkalan Polis Marin,Kota Kinabalu,Sabah
88000,Promanade Hotel,Kota Kinabalu,Sabah
88000,Pusat Kraftangan Filipina,Kota Kinabalu,Sabah
88000,Ruang Sinsuran 1 - 4,Kota Kinabalu,Sabah
88000,Ruang Tiong Hwa,Kota Kinabalu,Sabah
88000,Shangrila Hotel,Kota Kinabalu,Sabah
88000,Tang Dynasty Hotel,Kota Kinabalu,Sabah
88000,Warisan Square,Kota Kinabalu,Sabah
88000,Wisma Bandaraya,Kota Kinabalu,Sabah
88000,Wisma Budaya,Kota Kinabalu,Sabah
88000,Wisma Dang Bandang,Kota Kinabalu,Sabah
88000,Wisma Fook Loi,Kota Kinabalu,Sabah
88000,Wisma Gaya,Kota Kinabalu,Sabah
88000,Wisma Gek Poh,Kota Kinabalu,Sabah
88000,Wisma Great Eastern Life,Kota Kinabalu,Sabah
88000,Wisma Inti Utama,Kota Kinabalu,Sabah
88000,Wisma KK,Kota Kinabalu,Sabah
88000,Wisma Merdeka,Kota Kinabalu,Sabah
88000,Wisma Pendidikan,Kota Kinabalu,Sabah
88000,Wisma Perkasa,Kota Kinabalu,Sabah
88000,Wisma Sabah,Kota Kinabalu,Sabah
88000,Wisma SEDCO,Kota Kinabalu,Sabah
88000,Wisma Takada,Kota Kinabalu,Sabah
88000,Wisma TWB,Kota Kinabalu,Sabah
88000,Wisma Yakim,Kota Kinabalu,Sabah
88100,Anjung Perdana,Kota Kinabalu,Sabah
88100,Apartment Murni,Kota Kinabalu,Sabah
88100,Balai Bomba Negeri,Kota Kinabalu,Sabah
88100,Balai Polis Karamunsing,Kota Kinabalu,Sabah
88100,Balai Polis Tanjung Aru,Kota Kinabalu,Sabah
88100,Bangunan BSN,Kota Kinabalu,Sabah
88100,Bangunan Indonesia,Kota Kinabalu,Sabah
88100,Bangunan Jabatan Tanah Dan Ukur,Kota Kinabalu,Sabah
88100,Bangunan LHDN,Kota Kinabalu,Sabah
88100,Bangunan LUTH,Kota Kinabalu,Sabah
88100,Bangunan Maybank,Kota Kinabalu,Sabah
88100,Bangunan UMNO,Kota Kinabalu,Sabah
88100,Bangunan USIA,Kota Kinabalu,Sabah
88100,Casurina Hotel,Kota Kinabalu,Sabah
88100,Grace Court,Kota Kinabalu,Sabah
88100,Grace Square,Kota Kinabalu,Sabah
88100,Grace Villa,Kota Kinabalu,Sabah
88100,Harbour City,Kota Kinabalu,Sabah
88100,Hotel Karamunsing,Kota Kinabalu,Sabah
88100,Hotel Tang Dynasty Park,Kota Kinabalu,Sabah
88100,Jalan Aru,Kota Kinabalu,Sabah
88100,Jalan Belia,Kota Kinabalu,Sabah
88100,Jalan Bukit Nenas,Kota Kinabalu,Sabah
88100,Jalan Datuk Osman Yusof,Kota Kinabalu,Sabah
88100,Jalan Edwina,Kota Kinabalu,Sabah
88100,Jalan Ikan Juara,Kota Kinabalu,Sabah
88100,Jalan Johor,Kota Kinabalu,Sabah
88100,Jalan Kampung Tanjong Aru,Kota Kinabalu,Sabah
88100,Jalan Karamunsing,Kota Kinabalu,Sabah
88100,Jalan Kedah,Kota Kinabalu,Sabah
88100,Jalan Kemajuan,Kota Kinabalu,Sabah
88100,Jalan Kepayan,Kota Kinabalu,Sabah
88100,Jalan Lapangan Terbang Lama,Kota Kinabalu,Sabah
88100,Jalan Lingkar,Kota Kinabalu,Sabah
88100,Jalan Maktab Sabah,Kota Kinabalu,Sabah
88100,Jalan Markisa,Kota Kinabalu,Sabah
88100,Jalan Masjid Negeri,Kota Kinabalu,Sabah
88100,Jalan Mat Salleh,Kota Kinabalu,Sabah
88100,Jalan Melati,Kota Kinabalu,Sabah
88100,Jalan Mesra,Kota Kinabalu,Sabah
88100,Jalan Murai,Kota Kinabalu,Sabah
88100,Jalan Murni,Kota Kinabalu,Sabah
88100,Jalan Nilam,Kota Kinabalu,Sabah
88100,Jalan Padang Tembok,Kota Kinabalu,Sabah
88100,Jalan Pantai Sembulan,Kota Kinabalu,Sabah
88100,Jalan Parit,Kota Kinabalu,Sabah
88100,Jalan Pusat Pembangunan Masyarakat,Kota Kinabalu,Sabah
88100,Jalan Selangor,Kota Kinabalu,Sabah
88100,Jalan Sembulan Lama,Kota Kinabalu,Sabah
88100,Jalan Sembulan Tengah,Kota Kinabalu,Sabah
88100,Jalan Sembulan,Kota Kinabalu,Sabah
88100,Jalan Setia,Kota Kinabalu,Sabah
88100,Jalan Sireh,Kota Kinabalu,Sabah
88100,Jalan Tangki,Kota Kinabalu,Sabah
88100,Jalan Tanjung Aru,Kota Kinabalu,Sabah
88100,Jalan Tas,Kota Kinabalu,Sabah
88100,Jalan Tengku Abdul Rahman,Kota Kinabalu,Sabah
88100,Jalan Tun Mustafa,Kota Kinabalu,Sabah
88100,Kampung Sembulan,Kota Kinabalu,Sabah
88100,Kampung Sembulan(Lorong 1 - 16),Kota Kinabalu,Sabah
88100,Kampung Tanjong Aru,Kota Kinabalu,Sabah
88100,Kampung Tanjung Aru Baru,Kota Kinabalu,Sabah
88100,Kampung Tanjung Aru Lama,Kota Kinabalu,Sabah
88100,Karamunsing Capital,Kota Kinabalu,Sabah
88100,Karamunsing Warehouse,Kota Kinabalu,Sabah
88100,Karamunsing,Kota Kinabalu,Sabah
88100,Kem Bukit Perwira (507),Kota Kinabalu,Sabah
88100,Kem TUDM (571),Kota Kinabalu,Sabah
88100,Kinabalu Golf Cub,Kota Kinabalu,Sabah
88100,KK Time Square,Kota Kinabalu,Sabah
88100,Kompleks Karamunsing,Kota Kinabalu,Sabah
88100,Kompleks KWSP,Kota Kinabalu,Sabah
88100,Lapangan Terbang Kota Kinabalu Lama,Kota Kinabalu,Sabah
88100,Lorong Aru,Kota Kinabalu,Sabah
88100,Lorong Balai,Kota Kinabalu,Sabah
88100,Lorong Bandaran Tanjong Aru,Kota Kinabalu,Sabah
88100,Lorong Belia,Kota Kinabalu,Sabah
88100,Lorong Belidah,Kota Kinabalu,Sabah
88100,Lorong Bunga Kacang Wangi (1 - 2),Kota Kinabalu,Sabah
88100,Lorong Bunga Kacang Wangi,Kota Kinabalu,Sabah
88100,Lorong Bunga Kemunting,Kota Kinabalu,Sabah
88100,Lorong Bunga Telipoh (1 - 3),Kota Kinabalu,Sabah
88100,Lorong Bunga Telipoh,Kota Kinabalu,Sabah
88100,Lorong Bunga Telor,Kota Kinabalu,Sabah
88100,Lorong Cacaru,Kota Kinabalu,Sabah
88100,Lorong Cermin,Kota Kinabalu,Sabah
88100,Lorong Gerunggong (A & B),Kota Kinabalu,Sabah
88100,Lorong Gerunggong,Kota Kinabalu,Sabah
88100,Lorong Gunung Perlis,Kota Kinabalu,Sabah
88100,Lorong Ikan Badus,Kota Kinabalu,Sabah
88100,Lorong Ikan Emas,Kota Kinabalu,Sabah
88100,Lorong Ikan Krisi,Kota Kinabalu,Sabah
88100,Lorong Ikan Lais,Kota Kinabalu,Sabah
88100,Lorong Ikan Panggol,Kota Kinabalu,Sabah
88100,Lorong Ikan Pepuyu,Kota Kinabalu,Sabah
88100,Lorong Ikan Tongkol,Kota Kinabalu,Sabah
88100,Lorong Ikan Yu,Kota Kinabalu,Sabah
88100,Lorong Jelawat,Kota Kinabalu,Sabah
88100,Lorong Johor,Kota Kinabalu,Sabah
88100,Lorong Kampung Sembulan,Kota Kinabalu,Sabah
88100,Lorong Karamunsing (A - C),Kota Kinabalu,Sabah
88100,Lorong Karamunsing,Kota Kinabalu,Sabah
88100,Lorong Kedah,Kota Kinabalu,Sabah
88100,Lorong Kepar,Kota Kinabalu,Sabah
88100,Lorong Kerai,Kota Kinabalu,Sabah
88100,Lorong Kima,Kota Kinabalu,Sabah
88100,Lorong Kompleks Kebudayaan,Kota Kinabalu,Sabah
88100,Lorong Kopi,Kota Kinabalu,Sabah
88100,Lorong Kurau,Kota Kinabalu,Sabah
88100,Lorong Lee Thau Sang,Kota Kinabalu,Sabah
88100,Lorong Nilam,Kota Kinabalu,Sabah
88100,Lorong Pantai Aru Laut,Kota Kinabalu,Sabah
88100,Lorong Pantai Aru,Kota Kinabalu,Sabah
88100,Lorong Pasar,Kota Kinabalu,Sabah
88100,Lorong Perlis,Kota Kinabalu,Sabah
88100,Lorong Pinang,Kota Kinabalu,Sabah
88100,Lorong Puru,Kota Kinabalu,Sabah
88100,Lorong Putian,Kota Kinabalu,Sabah
88100,Lorong Rumah Pangsa,Kota Kinabalu,Sabah
88100,Lorong Selidai,Kota Kinabalu,Sabah
88100,Lorong Selunsung (A - G),Kota Kinabalu,Sabah
88100,Lorong Selunsung,Kota Kinabalu,Sabah
88100,Lorong Sembulan Lama,Kota Kinabalu,Sabah
88100,Lorong Sempelang 1 - 3,Kota Kinabalu,Sabah
88100,Lorong Sempelang,Kota Kinabalu,Sabah
88100,Lorong Surui,Kota Kinabalu,Sabah
88100,Lorong Taman Prince Philip,Kota Kinabalu,Sabah
88100,Lorong Tamban,Kota Kinabalu,Sabah
88100,Lorong Teraut,Kota Kinabalu,Sabah
88100,Low Cost Housing (LPPB),Kota Kinabalu,Sabah
88100,Mahkamah Anak Negeri,Kota Kinabalu,Sabah
88100,Masjid Negeri,Kota Kinabalu,Sabah
88100,Menara Khidmat,Kota Kinabalu,Sabah
88100,Menara Petronas,Kota Kinabalu,Sabah
88100,Palace Hotel,Kota Kinabalu,Sabah
88100,Pengkalan Polis Unit Udara,Kota Kinabalu,Sabah
88100,Putatan,Kota Kinabalu,Sabah
88100,Rumah Persekutuan,Kota Kinabalu,Sabah
88100,Sadong Jaya,Kota Kinabalu,Sabah
88100,Secred Heart Church,Kota Kinabalu,Sabah
88100,SK Stella Maris,Kota Kinabalu,Sabah
88100,SK Tanjung Aru 1,Kota Kinabalu,Sabah
88100,SK Tanjung Aru 2,Kota Kinabalu,Sabah
88100,SM Maktab Sabah,Kota Kinabalu,Sabah
88100,SRJK (C) Chung Hwa,Kota Kinabalu,Sabah
88100,SRK Secred Heart,Kota Kinabalu,Sabah
88100,Sutera Harbour Resort,Kota Kinabalu,Sabah
88100,Taman Elok,Kota Kinabalu,Sabah
88100,Taman Grace,Kota Kinabalu,Sabah
88100,Taman Sempelang (MPKK),Kota Kinabalu,Sabah
88100,Taman Sungai Wang 2,Kota Kinabalu,Sabah
88100,Tanjung Aru Beach Hotel,Kota Kinabalu,Sabah
88100,Tanjung Aru Plaza,Kota Kinabalu,Sabah
88100,Tanjung Aru,Kota Kinabalu,Sabah
88100,Telekom Malaysia Berhad,Kota Kinabalu,Sabah
88100,Terminal Air Asia,Kota Kinabalu,Sabah
88100,Urusetia,Kota Kinabalu,Sabah
88100,Wakiki Condominium,Kota Kinabalu,Sabah
88100,Wisma 2020,Kota Kinabalu,Sabah
88100,Wisma Anglican,Kota Kinabalu,Sabah
88100,Wisma Kewangan,Kota Kinabalu,Sabah
88100,Wisma Khidmat,Kota Kinabalu,Sabah
88100,Wisma Muis,Kota Kinabalu,Sabah
88100,Wisma Tun Fuad Stephen,Kota Kinabalu,Sabah
88200,Airport View Hotel,Kota Kinabalu,Sabah
88200,Apartment Pasir Putih Fasa 3B,Kota Kinabalu,Sabah
88200,Apartment Union,Kota Kinabalu,Sabah
88200,Balai Cerap Al Birumi,Kota Kinabalu,Sabah
88200,Borneo Paradise,Kota Kinabalu,Sabah
88200,Bukit Vor Apartment,Kota Kinabalu,Sabah
88200,Cyber City Apartment,Kota Kinabalu,Sabah
88200,Deluxe Court,Kota Kinabalu,Sabah
88200,Dewan Petagas,Kota Kinabalu,Sabah
88200,Flat Pasir Putih Fasa 2,Kota Kinabalu,Sabah
88200,Friendship Villa,Kota Kinabalu,Sabah
88200,Ganang Apartment,Kota Kinabalu,Sabah
88200,Golden Center,Kota Kinabalu,Sabah
88200,Golden Vale,Kota Kinabalu,Sabah
88200,Ibu Pejabat Polis,Kota Kinabalu,Sabah
88200,Institut Kemahiran Belia Negara,Kota Kinabalu,Sabah
88200,Jabatan Haiwan Kepayan,Kota Kinabalu,Sabah
88200,Jabatan Keretapi,Kota Kinabalu,Sabah
88200,Jalan Banjaran,Kota Kinabalu,Sabah
88200,Jalan Bersatu Lama,Kota Kinabalu,Sabah
88200,Jalan Bukit Vor,Kota Kinabalu,Sabah
88200,Jalan Bunga Raya,Kota Kinabalu,Sabah
88200,Jalan Chempaka,Kota Kinabalu,Sabah
88200,Jalan Deluxe,Kota Kinabalu,Sabah
88200,Jalan Ganang Villa,Kota Kinabalu,Sabah
88200,Jalan Ganang,Kota Kinabalu,Sabah
88200,Jalan Hussien 2,Kota Kinabalu,Sabah
88200,Jalan Hussien 3A,Kota Kinabalu,Sabah
88200,Jalan Hussien 6,Kota Kinabalu,Sabah
88200,Jalan Indah,Kota Kinabalu,Sabah
88200,Jalan Jagus,Kota Kinabalu,Sabah
88200,Jalan Kampung Ganang,Kota Kinabalu,Sabah
88200,Jalan Kampung Peringatan,Kota Kinabalu,Sabah
88200,Jalan Kampung Petagas,Kota Kinabalu,Sabah
88200,Jalan Ketiau,Kota Kinabalu,Sabah
88200,Jalan Kivouvang,Kota Kinabalu,Sabah
88200,Jalan Kosan,Kota Kinabalu,Sabah
88200,Jalan Lakati Mojunggal,Kota Kinabalu,Sabah
88200,Jalan Lama,Kota Kinabalu,Sabah
88200,Jalan Lapangan Terbang Baru,Kota Kinabalu,Sabah
88200,Jalan Linsuk Bersatu,Kota Kinabalu,Sabah
88200,Jalan Lintas By Pass Petagas,Kota Kinabalu,Sabah
88200,Jalan Masabun,Kota Kinabalu,Sabah
88200,Jalan Mongkopun,Kota Kinabalu,Sabah
88200,Jalan Nabizan,Kota Kinabalu,Sabah
88200,Jalan OT Sandakat,Kota Kinabalu,Sabah
88200,Jalan Pahlawan,Kota Kinabalu,Sabah
88200,Jalan Pandan,Kota Kinabalu,Sabah
88200,Jalan Pantai Barahi,Kota Kinabalu,Sabah
88200,Jalan Pedada 1,Kota Kinabalu,Sabah
88200,Jalan Penampang,Kota Kinabalu,Sabah
88200,Jalan Penjara,Kota Kinabalu,Sabah
88200,Jalan Perwira,Kota Kinabalu,Sabah
88200,Jalan Petagas,Kota Kinabalu,Sabah
88200,Jalan Putatan,Kota Kinabalu,Sabah
88200,Jalan Rumah Sakit,Kota Kinabalu,Sabah
88200,Jalan Sepanggil 2,Kota Kinabalu,Sabah
88200,Jalan Simpur,Kota Kinabalu,Sabah
88200,Jalan Tema 1,Kota Kinabalu,Sabah
88200,Jalan Tombovo,Kota Kinabalu,Sabah
88200,Jandan Pandan,Kota Kinabalu,Sabah
88200,Kampung Deluxe,Kota Kinabalu,Sabah
88200,Kampung Ganang,Kota Kinabalu,Sabah
88200,Kampung Kepayan,Kota Kinabalu,Sabah
88200,Kampung Ketiau,Kota Kinabalu,Sabah
88200,Kampung Kuala Putatan,Kota Kinabalu,Sabah
88200,Kampung Muhibbah Baru,Kota Kinabalu,Sabah
88200,Kampung Muhibbah Lama,Kota Kinabalu,Sabah
88200,Kampung Pasir Puteh,Kota Kinabalu,Sabah
88200,Kampung Peringkatan,Kota Kinabalu,Sabah
88200,Kampung Petagas,Kota Kinabalu,Sabah
88200,Kampung Sailan,Kota Kinabalu,Sabah
88200,Kampung Sepanggil,Kota Kinabalu,Sabah
88200,Kampung Sodomon,Kota Kinabalu,Sabah
88200,Kampung Sri Pandan,Kota Kinabalu,Sabah
88200,Kepayan Perdana Commercial Center,Kota Kinabalu,Sabah
88200,Kepayang Rumah Murah Fasa 1,Kota Kinabalu,Sabah
88200,Kepayang Rumah Murah Fasa 2,Kota Kinabalu,Sabah
88200,Klinik Kesihatan Putatan,Kota Kinabalu,Sabah
88200,Kompleks JKR,Kota Kinabalu,Sabah
88200,Kompleks Kilang BPIMB,Kota Kinabalu,Sabah
88200,Kompleks Veterinar,Kota Kinabalu,Sabah
88200,Kristal Condominium,Kota Kinabalu,Sabah
88200,Lok Kawi,Kota Kinabalu,Sabah
88200,Lokkawi Height Apartment,Kota Kinabalu,Sabah
88200,Lokkawi Industrial Estate Fasa 1,Kota Kinabalu,Sabah
88200,Lorong Berhwemin,Kota Kinabalu,Sabah
88200,Lorong Bersatu (3A - 3C),Kota Kinabalu,Sabah
88200,Lorong Bersatu 1,Kota Kinabalu,Sabah
88200,Lorong Bersatu 4,Kota Kinabalu,Sabah
88200,Lorong Bunga Patuma (A - G),Kota Kinabalu,Sabah
88200,Lorong Bunga Patuma,Kota Kinabalu,Sabah
88200,Lorong Bunga Petuma (1 - 10),Kota Kinabalu,Sabah
88200,Lorong Bunga Raya (1 - 2),Kota Kinabalu,Sabah
88200,Lorong Bunga Tanjung 2,Kota Kinabalu,Sabah
88200,Lorong Bunga Tasbeh (1 - 3),Kota Kinabalu,Sabah
88200,Lorong Bunga Tasbeh,Kota Kinabalu,Sabah
88200,Lorong Dembela Kera,Kota Kinabalu,Sabah
88200,Lorong Dinawan 1 - 4,Kota Kinabalu,Sabah
88200,Lorong Friendship 3,Kota Kinabalu,Sabah
88200,Lorong Friendship 3A,Kota Kinabalu,Sabah
88200,Lorong Friendship 3B - 3G,Kota Kinabalu,Sabah
88200,Lorong Ganang 1A,Kota Kinabalu,Sabah
88200,Lorong Ganang Villa 1 - 8,Kota Kinabalu,Sabah
88200,Lorong Ganang,Kota Kinabalu,Sabah
88200,Lorong Jumbo 1 - 12,Kota Kinabalu,Sabah
88200,Lorong Ketiau 1,Kota Kinabalu,Sabah
88200,Lorong Ketiau 2/1,Kota Kinabalu,Sabah
88200,Lorong Ketiau 3/1 - 3/2,Kota Kinabalu,Sabah
88200,Lorong Ketiau 3/1,Kota Kinabalu,Sabah
88200,Lorong Ketiau 3/2,Kota Kinabalu,Sabah
88200,Lorong KO-Pelajaran,Kota Kinabalu,Sabah
88200,Lorong Layang-Layang (1 - 2),Kota Kinabalu,Sabah
88200,Lorong Lok Saga,Kota Kinabalu,Sabah
88200,Lorong Melati,Kota Kinabalu,Sabah
88200,Lorong Meruntum (1 - 3),Kota Kinabalu,Sabah
88200,Lorong Meruntum (G - J),Kota Kinabalu,Sabah
88200,Lorong Milinneum (1 - 2),Kota Kinabalu,Sabah
88200,Lorong Olivia 1B,Kota Kinabalu,Sabah
88200,Lorong Olivia 1C,Kota Kinabalu,Sabah
88200,Lorong Pandan (1 - 4),Kota Kinabalu,Sabah
88200,Lorong Park (1 - 2),Kota Kinabalu,Sabah
88200,Lorong Pasir Putih (1 - 5),Kota Kinabalu,Sabah
88200,Lorong Pasir Putih 1 - 3,Kota Kinabalu,Sabah
88200,Lorong Pasir Putih 5,Kota Kinabalu,Sabah
88200,Lorong Perdana,Kota Kinabalu,Sabah
88200,Lorong Petagas (1 - 2),Kota Kinabalu,Sabah
88200,Lorong Petagas,Kota Kinabalu,Sabah
88200,Lorong Purun,Kota Kinabalu,Sabah
88200,Lorong Ridge (2/A - 2/E),Kota Kinabalu,Sabah
88200,Lorong Ridge (3/A - 3/L),Kota Kinabalu,Sabah
88200,Lorong Ridge 1,Kota Kinabalu,Sabah
88200,Lorong Ridge 1/A,Kota Kinabalu,Sabah
88200,Lorong Ridge 1/B,Kota Kinabalu,Sabah
88200,Lorong Ridge 2,Kota Kinabalu,Sabah
88200,Lorong Sri Pandan,Kota Kinabalu,Sabah
88200,Lorong Surau,Kota Kinabalu,Sabah
88200,Lorong Tanamas 1,Kota Kinabalu,Sabah
88200,Lorong Tanamas,Kota Kinabalu,Sabah
88200,Lorong Tema 1,Kota Kinabalu,Sabah
88200,Lorong Teratai,Kota Kinabalu,Sabah
88200,Lorong Tok Saga,Kota Kinabalu,Sabah
88200,Lorong Union (1 - 3),Kota Kinabalu,Sabah
88200,Maktab Rendah Sains Mara,Kota Kinabalu,Sabah
88200,Malaysia Airline System,Kota Kinabalu,Sabah
88200,Melinneum Center,Kota Kinabalu,Sabah
88200,Melinneum Court,Kota Kinabalu,Sabah
88200,Palm Beach Villa,Kota Kinabalu,Sabah
88200,Pasukan Gerak Am Batalion 16,Kota Kinabalu,Sabah
88200,Pejabat Belia Dan Sukan (P) Sabah,Kota Kinabalu,Sabah
88200,Pejabat Daerah Kecil Putatan,Kota Kinabalu,Sabah
88200,Persiaran Lady Mountbatten,Kota Kinabalu,Sabah
88200,Petagas Light Industry,Kota Kinabalu,Sabah
88200,Petagas,Kota Kinabalu,Sabah
88200,Pusat Latihan Jabatan Kerja Raya,Kota Kinabalu,Sabah
88200,Pusat Latihan Koperasi,Kota Kinabalu,Sabah
88200,Pusat Perniagaan Putatan,Kota Kinabalu,Sabah
88200,Putatan Court/Putatan Square,Kota Kinabalu,Sabah
88200,Putatan Grand Plaza,Kota Kinabalu,Sabah
88200,Putatan New Township,Kota Kinabalu,Sabah
88200,Putatan Platinum Plaza,Kota Kinabalu,Sabah
88200,Putatan Plaza,Kota Kinabalu,Sabah
88200,Putatan Point,Kota Kinabalu,Sabah
88200,Putra Square Fasa 1 - Fasa 2,Kota Kinabalu,Sabah
88200,Rumah Pangsa Limauan,Kota Kinabalu,Sabah
88200,Sekolah Agama Tun Mustapha,Kota Kinabalu,Sabah
88200,SESB Zon Tengah,Kota Kinabalu,Sabah
88200,Shangrila Estate,Kota Kinabalu,Sabah
88200,SK Kampung Contoh,Kota Kinabalu,Sabah
88200,SK Petagas,Kota Kinabalu,Sabah
88200,SK Putatan,Kota Kinabalu,Sabah
88200,SMK Putatan,Kota Kinabalu,Sabah
88200,Taman Berhwemim,Kota Kinabalu,Sabah
88200,Taman Bersatu (Fasa 1 - 4),Kota Kinabalu,Sabah
88200,Taman Bersatu,Kota Kinabalu,Sabah
88200,Taman Bukit Vor Villa,Kota Kinabalu,Sabah
88200,Taman Bunga Raya,Kota Kinabalu,Sabah
88200,Taman Darius,Kota Kinabalu,Sabah
88200,Taman Deluxe,Kota Kinabalu,Sabah
88200,Taman Friendship (Fasa 1 - 3),Kota Kinabalu,Sabah
88200,Taman Friendship,Kota Kinabalu,Sabah
88200,Taman Ganang Villa,Kota Kinabalu,Sabah
88200,Taman Ganang,Kota Kinabalu,Sabah
88200,Taman Jumbo,Kota Kinabalu,Sabah
88200,Taman Kepayan Ridge (Fasa 3 - 4),Kota Kinabalu,Sabah
88200,Taman Kepayan Ridge,Kota Kinabalu,Sabah
88200,Taman Kinalee,Kota Kinabalu,Sabah
88200,Taman Kinarut Jaya (1 - 3),Kota Kinabalu,Sabah
88200,Taman Kinarut Jaya,Kota Kinabalu,Sabah
88200,Taman Kinarut Spur,Kota Kinabalu,Sabah
88200,Taman Kinarut,Kota Kinabalu,Sabah
88200,Taman Kingland,Kota Kinabalu,Sabah
88200,Taman KO-Pelajaran,Kota Kinabalu,Sabah
88200,Taman Langkuas,Kota Kinabalu,Sabah
88200,Taman Lily,Kota Kinabalu,Sabah
88200,Taman Limauan,Kota Kinabalu,Sabah
88200,Taman Lokkawi Perdana,Kota Kinabalu,Sabah
88200,Taman Lokkawi,Kota Kinabalu,Sabah
88200,Taman Milinneum,Kota Kinabalu,Sabah
88200,Taman Mulia,Kota Kinabalu,Sabah
88200,Taman Olivia,Kota Kinabalu,Sabah
88200,Taman Pantai Lokkawi,Kota Kinabalu,Sabah
88200,Taman Pantai,Kota Kinabalu,Sabah
88200,Taman Park,Kota Kinabalu,Sabah
88200,Taman Pasir Putih Fasa 1 - Fasa 3,Kota Kinabalu,Sabah
88200,Taman Perdana Emas,Kota Kinabalu,Sabah
88200,Taman Petagas,Kota Kinabalu,Sabah
88200,Taman Putatan Baru,Kota Kinabalu,Sabah
88200,Taman Regal,Kota Kinabalu,Sabah
88200,Taman Sabindo,Kota Kinabalu,Sabah
88200,Taman Sentosa,Kota Kinabalu,Sabah
88200,Taman Seri Kepayan,Kota Kinabalu,Sabah
88200,Taman Sin Haw,Kota Kinabalu,Sabah
88200,Taman Sri Angkasa,Kota Kinabalu,Sabah
88200,Taman Sri Kinarut Selatan,Kota Kinabalu,Sabah
88200,Taman Sri Pagi,Kota Kinabalu,Sabah
88200,Taman Sri Utama,Kota Kinabalu,Sabah
88200,Taman Teluk Meruntum,Kota Kinabalu,Sabah
88200,Taman Teluk Villa,Kota Kinabalu,Sabah
88200,Taman Tema,Kota Kinabalu,Sabah
88200,Taman TJ & R,Kota Kinabalu,Sabah
88200,Taman Union,Kota Kinabalu,Sabah
88200,Taman Wajar,Kota Kinabalu,Sabah
88200,Taman Wenley Dua,Kota Kinabalu,Sabah
88200,Villa Saujana,Kota Kinabalu,Sabah
88200,Wisma Shin Yin,Kota Kinabalu,Sabah
88300,Ahzam Villa,Kota Kinabalu,Sabah
88300,Apartment Puteri Bahang,Kota Kinabalu,Sabah
88300,Apartment Viewland Fasa 3,Kota Kinabalu,Sabah
88300,Arkib Negeri,Kota Kinabalu,Sabah
88300,Bangunan Daya,Kota Kinabalu,Sabah
88300,Bangunan Mega Long,Kota Kinabalu,Sabah
88300,Bangunan Perpustakaan,Kota Kinabalu,Sabah
88300,Beauty Garden,Kota Kinabalu,Sabah
88300,Beverly Hill Plaza,Kota Kinabalu,Sabah
88300,Bukit Warisan,Kota Kinabalu,Sabah
88300,Bundusan Commercial,Kota Kinabalu,Sabah
88300,Bundusan Villa,Kota Kinabalu,Sabah
88300,Central Plaza,Kota Kinabalu,Sabah
88300,Cerson Heights,Kota Kinabalu,Sabah
88300,Colenaddes Condominium,Kota Kinabalu,Sabah
88300,Elopura Apartment,Kota Kinabalu,Sabah
88300,Fairway Mansion Condominium,Kota Kinabalu,Sabah
88300,Flat Kepayan Ridge (Fasa 18 & 19),Kota Kinabalu,Sabah
88300,Flat Sri Vista Kiranau,Kota Kinabalu,Sabah
88300,Flat Vista Minintod,Kota Kinabalu,Sabah
88300,Gaya Court Apartment,Kota Kinabalu,Sabah
88300,Golf View,Kota Kinabalu,Sabah
88300,Golf Villa,Kota Kinabalu,Sabah
88300,Hilltop Perdana,Kota Kinabalu,Sabah
88300,Hing Apartment,Kota Kinabalu,Sabah
88300,Hing Tower,Kota Kinabalu,Sabah
88300,Hospital Queen Elizabeth,Kota Kinabalu,Sabah
88300,Hotel Bundusan,Kota Kinabalu,Sabah
88300,Jabatan Kajibumi,Kota Kinabalu,Sabah
88300,Jalan Angsa,Kota Kinabalu,Sabah
88300,Jalan Banjaran,Kota Kinabalu,Sabah
88300,Jalan Budaya,Kota Kinabalu,Sabah
88300,Jalan Bukit Padang,Kota Kinabalu,Sabah
88300,Jalan Bukit Temesu,Kota Kinabalu,Sabah
88300,Jalan Bundusan,Kota Kinabalu,Sabah
88300,Jalan Bunga Bawang,Kota Kinabalu,Sabah
88300,Jalan Bunga Raja Kayu,Kota Kinabalu,Sabah
88300,Jalan Bunga Rose,Kota Kinabalu,Sabah
88300,Jalan Bunga Ulam Raja,Kota Kinabalu,Sabah
88300,Jalan Damai,Kota Kinabalu,Sabah
88300,Jalan Dontozidon,Kota Kinabalu,Sabah
88300,Jalan Harington,Kota Kinabalu,Sabah
88300,Jalan Hing,Kota Kinabalu,Sabah
88300,Jalan Kaidupan,Kota Kinabalu,Sabah
88300,Jalan Kebajikan,Kota Kinabalu,Sabah
88300,Jalan Kepayan- Kobusak,Kota Kinabalu,Sabah
88300,Jalan Kesihatan,Kota Kinabalu,Sabah
88300,Jalan Kijang,Kota Kinabalu,Sabah
88300,Jalan Kimia,Kota Kinabalu,Sabah
88300,Jalan KK Mojilis,Kota Kinabalu,Sabah
88300,Jalan Kobusak,Kota Kinabalu,Sabah
88300,Jalan Kohizan,Kota Kinabalu,Sabah
88300,Jalan Kolam,Kota Kinabalu,Sabah
88300,Jalan Koposizon,Kota Kinabalu,Sabah
88300,Jalan Maktab Gaya,Kota Kinabalu,Sabah
88300,Jalan Mawar,Kota Kinabalu,Sabah
88300,Jalan Mawas,Kota Kinabalu,Sabah
88300,Jalan Menteri,Kota Kinabalu,Sabah
88300,Jalan Muzium,Kota Kinabalu,Sabah
88300,Jalan Nosoob - Hungab,Kota Kinabalu,Sabah
88300,Jalan Nosoob B - C,Kota Kinabalu,Sabah
88300,Jalan Pelanduk,Kota Kinabalu,Sabah
88300,Jalan Pemeliharaan,Kota Kinabalu,Sabah
88300,Jalan Penampang Lama,Kota Kinabalu,Sabah
88300,Jalan Penenmpatan,Kota Kinabalu,Sabah
88300,Jalan Sena,Kota Kinabalu,Sabah
88300,Jalan Shantung,Kota Kinabalu,Sabah
88300,Jalan Summerset 1,Kota Kinabalu,Sabah
88300,Jalan Tasik,Kota Kinabalu,Sabah
88300,Jalan Universiti Kebangsaan,Kota Kinabalu,Sabah
88300,Kampung Baru Luyang,Kota Kinabalu,Sabah
88300,Kem 507 - Jalan Harrington,Kota Kinabalu,Sabah
88300,Kk High School,Kota Kinabalu,Sabah
88300,Kompleks Rose,Kota Kinabalu,Sabah
88300,Lorong Amab,Kota Kinabalu,Sabah
88300,Lorong Anggsa (1 - 14),Kota Kinabalu,Sabah
88300,Lorong Anggsa Kecil,Kota Kinabalu,Sabah
88300,Lorong Angsana,Kota Kinabalu,Sabah
88300,Lorong Austral 1 - 11,Kota Kinabalu,Sabah
88300,Lorong Badak,Kota Kinabalu,Sabah
88300,Lorong Bakawali (1 - 2),Kota Kinabalu,Sabah
88300,Lorong Bemban,Kota Kinabalu,Sabah
88300,Lorong Berembun (1 - 5),Kota Kinabalu,Sabah
88300,Lorong Berembun,Kota Kinabalu,Sabah
88300,Lorong Berjasa,Kota Kinabalu,Sabah
88300,Lorong Bernam (1 - 2),Kota Kinabalu,Sabah
88300,Lorong Bernam,Kota Kinabalu,Sabah
88300,Lorong Beruang (1 - 2),Kota Kinabalu,Sabah
88300,Lorong Beruang,Kota Kinabalu,Sabah
88300,Lorong Biri-Biri,Kota Kinabalu,Sabah
88300,Lorong Budaya,Kota Kinabalu,Sabah
88300,Lorong Bukit Punai,Kota Kinabalu,Sabah
88300,Lorong Bunga Bulan 1 & 2,Kota Kinabalu,Sabah
88300,Lorong Bunga Daun Kecil,Kota Kinabalu,Sabah
88300,Lorong Bunga Dedap (1 - 2),Kota Kinabalu,Sabah
88300,Lorong Bunga Dedap 1 - 2,Kota Kinabalu,Sabah
88300,Lorong Bunga Dedap,Kota Kinabalu,Sabah
88300,Lorong Bunga Derdap,Kota Kinabalu,Sabah
88300,Lorong Bunga Duan,Kota Kinabalu,Sabah
88300,Lorong Bunga Inai,Kota Kinabalu,Sabah
88300,Lorong Bunga Kekewa (A - C),Kota Kinabalu,Sabah
88300,Lorong Bunga Kekewa,Kota Kinabalu,Sabah
88300,Lorong Bunga Kekwa 1 - 3,Kota Kinabalu,Sabah
88300,Lorong Bunga Kekwa,Kota Kinabalu,Sabah
88300,Lorong Bunga Kenanga (1- 2),Kota Kinabalu,Sabah
88300,Lorong Bunga Kenanga Kecil,Kota Kinabalu,Sabah
88300,Lorong Bunga Kenanga,Kota Kinabalu,Sabah
88300,Lorong Bunga Kertas,Kota Kinabalu,Sabah
88300,Lorong Bunga Kiambang,Kota Kinabalu,Sabah
88300,Lorong Bunga Kuasia (A - C),Kota Kinabalu,Sabah
88300,Lorong Bunga Kuasia,Kota Kinabalu,Sabah
88300,Lorong Bunga Kursia 1 - 3,Kota Kinabalu,Sabah
88300,Lorong Bunga Kursia,Kota Kinabalu,Sabah
88300,Lorong Bunga Mawar,Kota Kinabalu,Sabah
88300,Lorong Bunga Melor,Kota Kinabalu,Sabah
88300,Lorong Bunga Payong,Kota Kinabalu,Sabah
88300,Lorong Bunga Puding,Kota Kinabalu,Sabah
88300,Lorong Bunga Tiga Bulan,Kota Kinabalu,Sabah
88300,Lorong Bunga Tulip 1 - 3,Kota Kinabalu,Sabah
88300,Lorong Bunga Tulip,Kota Kinabalu,Sabah
88300,Lorong Cemaru,Kota Kinabalu,Sabah
88300,Lorong Cemerlang 1,Kota Kinabalu,Sabah
88300,Lorong Cemerlang,Kota Kinabalu,Sabah
88300,Lorong Cina,Kota Kinabalu,Sabah
88300,Lorong Cindul (A - C),Kota Kinabalu,Sabah
88300,Lorong Cindul 1 - 3,Kota Kinabalu,Sabah
88300,Lorong Cindul,Kota Kinabalu,Sabah
88300,Lorong Dahlia (A - G1),Kota Kinabalu,Sabah
88300,Lorong Dahlia 1 - 8,Kota Kinabalu,Sabah
88300,Lorong Dahlia,Kota Kinabalu,Sabah
88300,"Lorong Formosa C1, C2, C3",Kota Kinabalu,Sabah
88300,Lorong Gajah,Kota Kinabalu,Sabah
88300,Lorong Golf Garden 1 - 3,Kota Kinabalu,Sabah
88300,"Lorong Golf View 1, 3, 4, 5",Kota Kinabalu,Sabah
88300,Lorong Golfview,Kota Kinabalu,Sabah
88300,Lorong Gunung Besar,Kota Kinabalu,Sabah
88300,Lorong Gunung Bintang (A - C),Kota Kinabalu,Sabah
88300,Lorong Gunung Bintang,Kota Kinabalu,Sabah
88300,Lorong Gunung Murut,Kota Kinabalu,Sabah
88300,Lorong Indah 1,Kota Kinabalu,Sabah
88300,Lorong Indah,Kota Kinabalu,Sabah
88300,Lorong Intan 1,Kota Kinabalu,Sabah
88300,Lorong Itik,Kota Kinabalu,Sabah
88300,Lorong Jaring (1 - 5),Kota Kinabalu,Sabah
88300,Lorong Jelitana Utama 1,Kota Kinabalu,Sabah
88300,Lorong Jelitana Utama,Kota Kinabalu,Sabah
88300,Lorong Kajibumi,Kota Kinabalu,Sabah
88300,Lorong Kanggaru (1 - 5),Kota Kinabalu,Sabah
88300,Lorong Kangkong 1,Kota Kinabalu,Sabah
88300,Lorong Kangkong,Kota Kinabalu,Sabah
88300,Lorong Kapas,Kota Kinabalu,Sabah
88300,"Lorong KCK 1, 3, 4",Kota Kinabalu,Sabah
88300,Lorong Keladi (1 & 2),Kota Kinabalu,Sabah
88300,Lorong Keladi,Kota Kinabalu,Sabah
88300,Lorong Kesihatan,Kota Kinabalu,Sabah
88300,Lorong Kijang (1 - 9),Kota Kinabalu,Sabah
88300,Lorong Kimia,Kota Kinabalu,Sabah
88300,Lorong Kinabalu (1 - 3),Kota Kinabalu,Sabah
88300,Lorong Kinabalu,Kota Kinabalu,Sabah
88300,Lorong Kirana 1 - 2,Kota Kinabalu,Sabah
88300,Lorong Kuburan,Kota Kinabalu,Sabah
88300,Lorong Kuda,Kota Kinabalu,Sabah
88300,Lorong Kukang,Kota Kinabalu,Sabah
88300,Lorong L.T. Jaya 1,Kota Kinabalu,Sabah
88300,Lorong L.T. Jaya,Kota Kinabalu,Sabah
88300,Lorong Landak,Kota Kinabalu,Sabah
88300,Lorong Lembeding,Kota Kinabalu,Sabah
88300,Lorong Lokus (1 - 3),Kota Kinabalu,Sabah
88300,Lorong Lokus,Kota Kinabalu,Sabah
88300,Lorong Maktab Gaya 1- 6,Kota Kinabalu,Sabah
88300,Lorong Maktab Gaya,Kota Kinabalu,Sabah
88300,Lorong Margosa (1 - 5),Kota Kinabalu,Sabah
88300,Lorong Margosa,Kota Kinabalu,Sabah
88300,Lorong Mawas (1 - 10),Kota Kinabalu,Sabah
88300,Lorong Mawas,Kota Kinabalu,Sabah
88300,Lorong Mei Lok 1 - 4,Kota Kinabalu,Sabah
88300,Lorong Memberang,Kota Kinabalu,Sabah
88300,Lorong Merpati,Kota Kinabalu,Sabah
88300,Lorong Muntahah (1 - 3C),Kota Kinabalu,Sabah
88300,Lorong Muntahah Kecil,Kota Kinabalu,Sabah
88300,Lorong Muntahah,Kota Kinabalu,Sabah
88300,Lorong Nibung (1 - 5),Kota Kinabalu,Sabah
88300,Lorong Nibung,Kota Kinabalu,Sabah
88300,Lorong Nosoob Baru,Kota Kinabalu,Sabah
88300,Lorong Orkid (1 & 2),Kota Kinabalu,Sabah
88300,Lorong Orkid,Kota Kinabalu,Sabah
88300,Lorong Palas (1 - 4),Kota Kinabalu,Sabah
88300,Lorong Palas,Kota Kinabalu,Sabah
88300,Lorong Pelanduk (1 - 4),Kota Kinabalu,Sabah
88300,Lorong Plam Villa,Kota Kinabalu,Sabah
88300,Lorong Pokok Johar (1 - 2),Kota Kinabalu,Sabah
88300,Lorong Pokok Johar,Kota Kinabalu,Sabah
88300,Lorong Pokok Palma,Kota Kinabalu,Sabah
88300,Lorong Pulai,Kota Kinabalu,Sabah
88300,Lorong Rafflesia,Kota Kinabalu,Sabah
88300,Lorong Rainfield Court 1 - 3,Kota Kinabalu,Sabah
88300,Lorong Rampai (A - E),Kota Kinabalu,Sabah
88300,Lorong Rampai 1 - 5,Kota Kinabalu,Sabah
88300,Lorong Rampai,Kota Kinabalu,Sabah
88300,Lorong Rembia (1 - 3),Kota Kinabalu,Sabah
88300,Lorong Rembia,Kota Kinabalu,Sabah
88300,"Lorong Reservior 1, 1A, 1B, 2, 2A, 2B",Kota Kinabalu,Sabah
88300,Lorong Ridgeview 1 - 4,Kota Kinabalu,Sabah
88300,Lorong Ridgeview 5 - 7,Kota Kinabalu,Sabah
88300,Lorong Rotan,Kota Kinabalu,Sabah
88300,Lorong Ru,Kota Kinabalu,Sabah
88300,Lorong Ruang Ridge View,Kota Kinabalu,Sabah
88300,Lorong Sang Kanchil (1 - 3),Kota Kinabalu,Sabah
88300,Lorong Sang Kanchil,Kota Kinabalu,Sabah
88300,Lorong Sedudok,Kota Kinabalu,Sabah
88300,Lorong Seladang 1,Kota Kinabalu,Sabah
88300,Lorong Seladang,Kota Kinabalu,Sabah
88300,Lorong Selesa,Kota Kinabalu,Sabah
88300,Lorong Semangkok (A - G),Kota Kinabalu,Sabah
88300,Lorong Semarak Api,Kota Kinabalu,Sabah
88300,Lorong Sena (1 - 6),Kota Kinabalu,Sabah
88300,Lorong Sepat,Kota Kinabalu,Sabah
88300,Lorong Seroja (1 - 2E),Kota Kinabalu,Sabah
88300,Lorong Seroja 1 - 7,Kota Kinabalu,Sabah
88300,Lorong Seroja,Kota Kinabalu,Sabah
88300,Lorong Setia,Kota Kinabalu,Sabah
88300,Lorong Siamang,Kota Kinabalu,Sabah
88300,Lorong Sri Juta 1,Kota Kinabalu,Sabah
88300,Lorong Summerset 1- 4,Kota Kinabalu,Sabah
88300,Lorong Sutera 1 - 5,Kota Kinabalu,Sabah
88300,Lorong Sutera,Kota Kinabalu,Sabah
88300,Lorong Syarif Osman,Kota Kinabalu,Sabah
88300,Lorong Tahan (1 - 3),Kota Kinabalu,Sabah
88300,Lorong Tahan,Kota Kinabalu,Sabah
88300,Lorong Teberau,Kota Kinabalu,Sabah
88300,Lorong Tenggiling (1 & 2),Kota Kinabalu,Sabah
88300,Lorong Tenggiling,Kota Kinabalu,Sabah
88300,Lorong Tepus,Kota Kinabalu,Sabah
88300,Lorong Teratai (1 - 2),Kota Kinabalu,Sabah
88300,Lorong Terus,Kota Kinabalu,Sabah
88300,Lorong Tosa Raya 1 - 3,Kota Kinabalu,Sabah
88300,Lorong Tosa Raya,Kota Kinabalu,Sabah
88300,Lorong Tulip (1 - 2),Kota Kinabalu,Sabah
88300,Lorong Tulip,Kota Kinabalu,Sabah
88300,Lorong Tupai (1 - 3),Kota Kinabalu,Sabah
88300,Lorong Tupai,Kota Kinabalu,Sabah
88300,Lorong Unta (1 - 11),Kota Kinabalu,Sabah
88300,Lorong Unta,Kota Kinabalu,Sabah
88300,Lorong Wallace,Kota Kinabalu,Sabah
88300,Lorong Zirafah (1 - 12),Kota Kinabalu,Sabah
88300,Lorong Zirafah,Kota Kinabalu,Sabah
88300,Lprong Seladang A-E,Kota Kinabalu,Sabah
88300,Luyang,Kota Kinabalu,Sabah
88300,Maktab Perguruan Gaya,Kota Kinabalu,Sabah
88300,Maziun Tamadun Islam,Kota Kinabalu,Sabah
88300,Mesra Apartment,Kota Kinabalu,Sabah
88300,Moyog,Kota Kinabalu,Sabah
88300,Muzium Negeri,Kota Kinabalu,Sabah
88300,Noble Court,Kota Kinabalu,Sabah
88300,Person Heights,Kota Kinabalu,Sabah
88300,Plam Villa Fasa 2,Kota Kinabalu,Sabah
88300,Plaza Grand Milineum Blok A - F,Kota Kinabalu,Sabah
88300,Plaza Utama Blok A - C,Kota Kinabalu,Sabah
88300,Rainfeild Court Apartment Blok B - K,Kota Kinabalu,Sabah
88300,Ramin Court Apartment Blok A - B,Kota Kinabalu,Sabah
88300,Raya Court Apartment,Kota Kinabalu,Sabah
88300,Regent Park,Kota Kinabalu,Sabah
88300,Reservoir Garden Fasa 2,Kota Kinabalu,Sabah
88300,Sekolah Kebangsaan Luyang,Kota Kinabalu,Sabah
88300,Sekolah Menengah Taman Tun Fuad,Kota Kinabalu,Sabah
88300,Selesa Court Apartment Blok A - D,Kota Kinabalu,Sabah
88300,SK Sri Gaya,Kota Kinabalu,Sabah
88300,SK St Francis Convent,Kota Kinabalu,Sabah
88300,SRJK (C) Shan Tao,Kota Kinabalu,Sabah
88300,Taman Alpha,Kota Kinabalu,Sabah
88300,Taman Alpine,Kota Kinabalu,Sabah
88300,Taman Asli,Kota Kinabalu,Sabah
88300,Taman Atlandy,Kota Kinabalu,Sabah
88300,Taman Austral,Kota Kinabalu,Sabah
88300,Taman Azam Villa,Kota Kinabalu,Sabah
88300,Taman B.P.L Fasa 2,Kota Kinabalu,Sabah
88300,Taman Baginda,Kota Kinabalu,Sabah
88300,Taman Bahagia,Kota Kinabalu,Sabah
88300,Taman BDC,Kota Kinabalu,Sabah
88300,Taman Bintang,Kota Kinabalu,Sabah
88300,Taman Bistari,Kota Kinabalu,Sabah
88300,Taman Bornion,Kota Kinabalu,Sabah
88300,Taman BPL - Jalan Budaya,Kota Kinabalu,Sabah
88300,Taman BPL Fasa 1,Kota Kinabalu,Sabah
88300,Taman BPL,Kota Kinabalu,Sabah
88300,Taman Bulan,Kota Kinabalu,Sabah
88300,Taman Bumi,Kota Kinabalu,Sabah
88300,Taman Bunga Raya,Kota Kinabalu,Sabah
88300,Taman Cameron,Kota Kinabalu,Sabah
88300,Taman Cantek,Kota Kinabalu,Sabah
88300,Taman Casa Fabulosa,Kota Kinabalu,Sabah
88300,Taman Cendawan,Kota Kinabalu,Sabah
88300,Taman Century,Kota Kinabalu,Sabah
88300,Taman Che Mei,Kota Kinabalu,Sabah
88300,Taman Citizen,Kota Kinabalu,Sabah
88300,Taman Country Shangri-La,Kota Kinabalu,Sabah
88300,Taman Dai Ming,Kota Kinabalu,Sabah
88300,Taman Damai,Kota Kinabalu,Sabah
88300,Taman Delima,Kota Kinabalu,Sabah
88300,Taman Digot Fasa 3,Kota Kinabalu,Sabah
88300,Taman Dixon,Kota Kinabalu,Sabah
88300,Taman Emas,Kota Kinabalu,Sabah
88300,Taman Everlick,Kota Kinabalu,Sabah
88300,Taman Fabar,Kota Kinabalu,Sabah
88300,Taman Far East,Kota Kinabalu,Sabah
88300,Taman Foh Sang,Kota Kinabalu,Sabah
88300,Taman Foo Long,Kota Kinabalu,Sabah
88300,Taman Foo Loong Fasa 2,Kota Kinabalu,Sabah
88300,Taman Fook Tin,Kota Kinabalu,Sabah
88300,Taman Forget Me Not,Kota Kinabalu,Sabah
88300,Taman Formosa,Kota Kinabalu,Sabah
88300,Taman Fortuna (Fasa 1 & 2),Kota Kinabalu,Sabah
88300,Taman Fortuna Baru,Kota Kinabalu,Sabah
88300,Taman Frazer,Kota Kinabalu,Sabah
88300,Taman Friendly (Fasa 1 - 4),Kota Kinabalu,Sabah
88300,Taman Fu Yen (Fasa 3 - 5),Kota Kinabalu,Sabah
88300,Taman Gemilang,Kota Kinabalu,Sabah
88300,Taman Golden City,Kota Kinabalu,Sabah
88300,Taman Golf Garden,Kota Kinabalu,Sabah
88300,Taman Golf View Fasa 2,Kota Kinabalu,Sabah
88300,Taman Golf,Kota Kinabalu,Sabah
88300,Taman Golfview Fasa 1,Kota Kinabalu,Sabah
88300,Taman Good View,Kota Kinabalu,Sabah
88300,Taman Grand Milineum Fasa 1,Kota Kinabalu,Sabah
88300,Taman Green View,Kota Kinabalu,Sabah
88300,Taman Harapan,Kota Kinabalu,Sabah
88300,Taman Harington,Kota Kinabalu,Sabah
88300,Taman Harta Mas,Kota Kinabalu,Sabah
88300,Taman Hiburan,Kota Kinabalu,Sabah
88300,Taman Hilltop,Kota Kinabalu,Sabah
88300,Taman Hing,Kota Kinabalu,Sabah
88300,Taman Hong Kee,Kota Kinabalu,Sabah
88300,Taman Hong Kee/Taman Hospital,Kota Kinabalu,Sabah
88300,Taman Imperial Villa,Kota Kinabalu,Sabah
88300,Taman Impian,Kota Kinabalu,Sabah
88300,Taman Indah,Kota Kinabalu,Sabah
88300,Taman Intan,Kota Kinabalu,Sabah
88300,Taman Irama,Kota Kinabalu,Sabah
88300,Taman Istimewa,Kota Kinabalu,Sabah
88300,Taman Jelitana Utama,Kota Kinabalu,Sabah
88300,Taman Jindo,Kota Kinabalu,Sabah
88300,Taman Kasigui 3,Kota Kinabalu,Sabah
88300,Taman KCK Type A,Kota Kinabalu,Sabah
88300,Taman KCK Type B,Kota Kinabalu,Sabah
88300,Taman Keluarga,Kota Kinabalu,Sabah
88300,Taman Kendara,Kota Kinabalu,Sabah
88300,Taman Kepayan Fasa 3A,Kota Kinabalu,Sabah
88300,Taman Khidmat,Kota Kinabalu,Sabah
88300,Taman Kim Leng,Kota Kinabalu,Sabah
88300,Taman Kinabalu,Kota Kinabalu,Sabah
88300,Taman Kinamount,Kota Kinabalu,Sabah
88300,Taman Kinanty (1 - 2),Kota Kinabalu,Sabah
88300,Taman King Lam,Kota Kinabalu,Sabah
88300,Taman Kirana,Kota Kinabalu,Sabah
88300,Taman Kobusak Villa,Kota Kinabalu,Sabah
88300,Taman Kohizan,Kota Kinabalu,Sabah
88300,Taman Kolam Air,Kota Kinabalu,Sabah
88300,Taman L.T. Jaya,Kota Kinabalu,Sabah
88300,Taman Land Brezee,Kota Kinabalu,Sabah
88300,Taman Land Mark,Kota Kinabalu,Sabah
88300,Taman Langkuas,Kota Kinabalu,Sabah
88300,Taman Layang-Layang,Kota Kinabalu,Sabah
88300,Taman Lido,Kota Kinabalu,Sabah
88300,Taman Limbanak 2,Kota Kinabalu,Sabah
88300,Taman Lumaku,Kota Kinabalu,Sabah
88300,Taman Luyang (1 - 11),Kota Kinabalu,Sabah
88300,Taman Makmur,Kota Kinabalu,Sabah
88300,Taman Malukun,Kota Kinabalu,Sabah
88300,Taman Mandarin,Kota Kinabalu,Sabah
88300,Taman Maya,Kota Kinabalu,Sabah
88300,Taman Maya/Mabo,Kota Kinabalu,Sabah
88300,Taman Mei Lok,Kota Kinabalu,Sabah
88300,Taman Mesra Fasa 1,Kota Kinabalu,Sabah
88300,Taman Mesra Fasa 2,Kota Kinabalu,Sabah
88300,Taman Mesra,Kota Kinabalu,Sabah
88300,Taman Milik,Kota Kinabalu,Sabah
88300,Taman Mount Zion,Kota Kinabalu,Sabah
88300,Taman Mutiara,Kota Kinabalu,Sabah
88300,Taman New Far East,Kota Kinabalu,Sabah
88300,Taman Nosoob Fasa 3,Kota Kinabalu,Sabah
88300,Taman Nossob,Kota Kinabalu,Sabah
88300,Taman Orchid,Kota Kinabalu,Sabah
88300,Taman Oriental,Kota Kinabalu,Sabah
88300,Taman Padi View Villa Fasa 3,Kota Kinabalu,Sabah
88300,Taman Palm Villa,Kota Kinabalu,Sabah
88300,Taman Parkway,Kota Kinabalu,Sabah
88300,Taman Pelangi,Kota Kinabalu,Sabah
88300,Taman Penampang (1 - 2),Kota Kinabalu,Sabah
88300,Taman Perdana,Kota Kinabalu,Sabah
88300,Taman Prima Jaya Fasa 2,Kota Kinabalu,Sabah
88300,Taman Rafflesia,Kota Kinabalu,Sabah
88300,Taman Rainfield,Kota Kinabalu,Sabah
88300,Taman Ramai,Kota Kinabalu,Sabah
88300,Taman Regent,Kota Kinabalu,Sabah
88300,Taman Ria,Kota Kinabalu,Sabah
88300,Taman Richfield,Kota Kinabalu,Sabah
88300,Taman Ridge View Fasa 12a - 12 C,Kota Kinabalu,Sabah
88300,Taman Ridge View Fasa 9 Dan Fasa 10 A,Kota Kinabalu,Sabah
88300,Taman Ridge View,Kota Kinabalu,Sabah
88300,Taman Rindu,Kota Kinabalu,Sabah
88300,Taman Rodmas,Kota Kinabalu,Sabah
88300,Taman Rose,Kota Kinabalu,Sabah
88300,Taman Selesa,Kota Kinabalu,Sabah
88300,Taman Semporna,Kota Kinabalu,Sabah
88300,Taman Seni Bina,Kota Kinabalu,Sabah
88300,Taman Senibena Fasa 1 Dan Fasa 2,Kota Kinabalu,Sabah
88300,Taman Sentosa,Kota Kinabalu,Sabah
88300,Taman Seputeh,Kota Kinabalu,Sabah
88300,Taman Seri Gaya,Kota Kinabalu,Sabah
88300,Taman Seri Juta Fasa 3A,Kota Kinabalu,Sabah
88300,Taman Seri Menanti,Kota Kinabalu,Sabah
88300,Taman Seri Rasa,Kota Kinabalu,Sabah
88300,Taman Sheraton,Kota Kinabalu,Sabah
88300,Taman Siamang,Kota Kinabalu,Sabah
88300,Taman Sinar Emas,Kota Kinabalu,Sabah
88300,Taman Sinar,Kota Kinabalu,Sabah
88300,Taman Sindo,Kota Kinabalu,Sabah
88300,Taman Soon Kiong,Kota Kinabalu,Sabah
88300,Taman Southern,Kota Kinabalu,Sabah
88300,Taman Sri Juta Fasa 1,Kota Kinabalu,Sabah
88300,Taman Stephens,Kota Kinabalu,Sabah
88300,Taman Summerset (Fasa 1 & 2),Kota Kinabalu,Sabah
88300,Taman Sun Kiong,Kota Kinabalu,Sabah
88300,Taman Sunny,Kota Kinabalu,Sabah
88300,Taman Suria,Kota Kinabalu,Sabah
88300,Taman Sutera,Kota Kinabalu,Sabah
88300,Taman Tanah Emas,Kota Kinabalu,Sabah
88300,Taman Tasik,Kota Kinabalu,Sabah
88300,Taman Teck Guan,Kota Kinabalu,Sabah
88300,Taman Tosaraya,Kota Kinabalu,Sabah
88300,Taman Towering,Kota Kinabalu,Sabah
88300,Taman Tuan Huat,Kota Kinabalu,Sabah
88300,Taman Utama,Kota Kinabalu,Sabah
88300,Taman Victory,Kota Kinabalu,Sabah
88300,Taman Viewland Fasa 3b & 3c,Kota Kinabalu,Sabah
88300,Taman Viewland Fasa 4,Kota Kinabalu,Sabah
88300,Taman Villa Imbaan,Kota Kinabalu,Sabah
88300,Taman Wendy,Kota Kinabalu,Sabah
88300,Taman Winner,Kota Kinabalu,Sabah
88300,Taman Yun Kiong,Kota Kinabalu,Sabah
88300,Taman Ziont,Kota Kinabalu,Sabah
88300,Tanah Emas,Kota Kinabalu,Sabah
88300,Teck Guan Villa,Kota Kinabalu,Sabah
88300,Towering,Kota Kinabalu,Sabah
88300,Town House,Kota Kinabalu,Sabah
88300,Wisma Aman,Kota Kinabalu,Sabah
88300,Wisma Fres,Kota Kinabalu,Sabah
88300,Wisma Lau,Kota Kinabalu,Sabah
88300,Wisma Pertanian & Indistrian Makanan,Kota Kinabalu,Sabah
88400,Apartment Bay Shore,Kota Kinabalu,Sabah
88400,Bay View Court,Kota Kinabalu,Sabah
88400,Bay View Height,Kota Kinabalu,Sabah
88400,Beverly Hill,Kota Kinabalu,Sabah
88400,Bukit Bendera,Kota Kinabalu,Sabah
88400,Bukit Keramat,Kota Kinabalu,Sabah
88400,City Bird Santuary,Kota Kinabalu,Sabah
88400,Dah Yeh Court Apartment,Kota Kinabalu,Sabah
88400,Flat Persekutuan,Kota Kinabalu,Sabah
88400,Happy Garden,Kota Kinabalu,Sabah
88400,Jabatan Kastam Dan Eksais Diraja (Pelabuhan),Kota Kinabalu,Sabah
88400,Jalan Asmara,Kota Kinabalu,Sabah
88400,Jalan Asrama,Kota Kinabalu,Sabah
88400,Jalan Bantayan,Kota Kinabalu,Sabah
88400,Jalan Bukit Bendera Lower,Kota Kinabalu,Sabah
88400,Jalan Bukit Bendera Upper,Kota Kinabalu,Sabah
88400,Jalan Bukit Bendera,Kota Kinabalu,Sabah
88400,Jalan Bukit Keramat,Kota Kinabalu,Sabah
88400,Jalan Bukit Nanas,Kota Kinabalu,Sabah
88400,Jalan Bukut,Kota Kinabalu,Sabah
88400,Jalan Burung Puin,Kota Kinabalu,Sabah
88400,Jalan Burung Upih,Kota Kinabalu,Sabah
88400,Jalan Damai,Kota Kinabalu,Sabah
88400,Jalan Donald,Kota Kinabalu,Sabah
88400,Jalan Fung Yet Ting,Kota Kinabalu,Sabah
88400,Jalan Haiwan,Kota Kinabalu,Sabah
88400,Jalan Istana,Kota Kinabalu,Sabah
88400,Jalan Istiadat,Kota Kinabalu,Sabah
88400,Jalan Kampung Likas,Kota Kinabalu,Sabah
88400,Jalan Karuk,Kota Kinabalu,Sabah
88400,Jalan Kelicap,Kota Kinabalu,Sabah
88400,Jalan Kompleks Sukan,Kota Kinabalu,Sabah
88400,Jalan Kuala Laut,Kota Kinabalu,Sabah
88400,Jalan Kurol Melangi,Kota Kinabalu,Sabah
88400,Jalan Lower,Kota Kinabalu,Sabah
88400,Jalan Mergastua,Kota Kinabalu,Sabah
88400,Jalan Pameran,Kota Kinabalu,Sabah
88400,Jalan Pasir,Kota Kinabalu,Sabah
88400,Jalan Percetakan Baru,Kota Kinabalu,Sabah
88400,Jalan Pinggir,Kota Kinabalu,Sabah
88400,Jalan Punai Dekut,Kota Kinabalu,Sabah
88400,Jalan Punai Tanah,Kota Kinabalu,Sabah
88400,Jalan Seraya,Kota Kinabalu,Sabah
88400,Jalan Syn Fah Villa,Kota Kinabalu,Sabah
88400,Jalan Teluk Likas,Kota Kinabalu,Sabah
88400,Jalan Tenegal,Kota Kinabalu,Sabah
88400,Jalan Tuaran,Kota Kinabalu,Sabah
88400,Jalan Tun Fuad Stephens,Kota Kinabalu,Sabah
88400,Jalan Villa,Kota Kinabalu,Sabah
88400,Jalan Vokesional,Kota Kinabalu,Sabah
88400,Jalan Wong Yun Tiong,Kota Kinabalu,Sabah
88400,Juta Plaza,Kota Kinabalu,Sabah
88400,Kampung Likas,Kota Kinabalu,Sabah
88400,Kurnia Perdana,Kota Kinabalu,Sabah
88400,Leang Court,Kota Kinabalu,Sabah
88400,Likas Apartment,Kota Kinabalu,Sabah
88400,Likas Garden,Kota Kinabalu,Sabah
88400,Likas Park,Kota Kinabalu,Sabah
88400,Likas Plaza,Kota Kinabalu,Sabah
88400,Likas Square,Kota Kinabalu,Sabah
88400,Likas,Kota Kinabalu,Sabah
88400,Liwen Court,Kota Kinabalu,Sabah
88400,Lorong Banbasang,Kota Kinabalu,Sabah
88400,Lorong Bulud,Kota Kinabalu,Sabah
88400,Lorong Bunga Matahari (1 - 2),Kota Kinabalu,Sabah
88400,Lorong Bunga Matahari,Kota Kinabalu,Sabah
88400,Lorong Bunga Pasu,Kota Kinabalu,Sabah
88400,Lorong Burung Ejek,Kota Kinabalu,Sabah
88400,Lorong Burung Gian,Kota Kinabalu,Sabah
88400,Lorong Burung Han Paya (1 - 3),Kota Kinabalu,Sabah
88400,Lorong Burung Han Paya,Kota Kinabalu,Sabah
88400,Lorong Burung Kalapuin,Kota Kinabalu,Sabah
88400,Lorong Burung Kiking,Kota Kinabalu,Sabah
88400,Lorong Burung Langsuir,Kota Kinabalu,Sabah
88400,Lorong Burung Nasar (1 - 4),Kota Kinabalu,Sabah
88400,Lorong Burung Nasar,Kota Kinabalu,Sabah
88400,Lorong Burung Pekaka,Kota Kinabalu,Sabah
88400,Lorong Burung Puju,Kota Kinabalu,Sabah
88400,Lorong Burung Pungguk,Kota Kinabalu,Sabah
88400,Lorong Burung Ruai,Kota Kinabalu,Sabah
88400,Lorong Burung Rui (1 - 2),Kota Kinabalu,Sabah
88400,Lorong Burung Segan,Kota Kinabalu,Sabah
88400,Lorong Burung Tukang,Kota Kinabalu,Sabah
88400,Lorong Chanyai 2,Kota Kinabalu,Sabah
88400,Lorong Duai,Kota Kinabalu,Sabah
88400,Lorong Fantasi (1 - 2),Kota Kinabalu,Sabah
88400,Lorong Fantasi,Kota Kinabalu,Sabah
88400,Lorong Hen Paya 4,Kota Kinabalu,Sabah
88400,Lorong Ikan Mayung,Kota Kinabalu,Sabah
88400,Lorong Jawa,Kota Kinabalu,Sabah
88400,Lorong Jelatik,Kota Kinabalu,Sabah
88400,Lorong Kali,Kota Kinabalu,Sabah
88400,Lorong Kampung Likas,Kota Kinabalu,Sabah
88400,Lorong Karuk,Kota Kinabalu,Sabah
88400,Lorong Kelabu (1 & 2),Kota Kinabalu,Sabah
88400,Lorong Kelabu,Kota Kinabalu,Sabah
88400,Lorong Kelengkeng (1 - 7),Kota Kinabalu,Sabah
88400,Lorong Kelicap Kuning,Kota Kinabalu,Sabah
88400,Lorong Kelinking,Kota Kinabalu,Sabah
88400,Lorong Kembura (1 - 2),Kota Kinabalu,Sabah
88400,Lorong Kembura,Kota Kinabalu,Sabah
88400,Lorong Kenari (1 - 6),Kota Kinabalu,Sabah
88400,Lorong Kenari Kecil,Kota Kinabalu,Sabah
88400,Lorong Kenari,Kota Kinabalu,Sabah
88400,Lorong Kenawai (1 - 8),Kota Kinabalu,Sabah
88400,Lorong Kenawai,Kota Kinabalu,Sabah
88400,Lorong Kerapu,Kota Kinabalu,Sabah
88400,Lorong Ketiti,Kota Kinabalu,Sabah
88400,Lorong Ketiting,Kota Kinabalu,Sabah
88400,Lorong Kiju,Kota Kinabalu,Sabah
88400,Lorong Kuala Laut (1 - 2),Kota Kinabalu,Sabah
88400,Lorong Kuala Laut,Kota Kinabalu,Sabah
88400,Lorong Kuil,Kota Kinabalu,Sabah
88400,Lorong Langsuir,Kota Kinabalu,Sabah
88400,Lorong Lengkok,Kota Kinabalu,Sabah
88400,Lorong Lidah (1 - 3),Kota Kinabalu,Sabah
88400,Lorong Lidah,Kota Kinabalu,Sabah
88400,Lorong Likap,Kota Kinabalu,Sabah
88400,Lorong Likas,Kota Kinabalu,Sabah
88400,Lorong Lomntas,Kota Kinabalu,Sabah
88400,Lorong Madu,Kota Kinabalu,Sabah
88400,Lorong Merak,Kota Kinabalu,Sabah
88400,Lorong Merbok,Kota Kinabalu,Sabah
88400,Lorong Murai,Kota Kinabalu,Sabah
88400,Lorong Nuri,Kota Kinabalu,Sabah
88400,Lorong Paku Pakis (1 - 3),Kota Kinabalu,Sabah
88400,Lorong Paku Pakis,Kota Kinabalu,Sabah
88400,Lorong Parak,Kota Kinabalu,Sabah
88400,Lorong Pari,Kota Kinabalu,Sabah
88400,Lorong Pasir Kecil,Kota Kinabalu,Sabah
88400,Lorong Pasir,Kota Kinabalu,Sabah
88400,Lorong Patin Kecil,Kota Kinabalu,Sabah
88400,Lorong Patin,Kota Kinabalu,Sabah
88400,Lorong Pelabuhan,Kota Kinabalu,Sabah
88400,Lorong Perang,Kota Kinabalu,Sabah
88400,Lorong Pipit Merah,Kota Kinabalu,Sabah
88400,Lorong Pipit Uban,Kota Kinabalu,Sabah
88400,Lorong Pokok Saka,Kota Kinabalu,Sabah
88400,Lorong Puak,Kota Kinabalu,Sabah
88400,Lorong Pucung,Kota Kinabalu,Sabah
88400,Lorong Punai Kedut,Kota Kinabalu,Sabah
88400,Lorong Puncak,Kota Kinabalu,Sabah
88400,Lorong Pungguk (1 & 2),Kota Kinabalu,Sabah
88400,Lorong Pungguk,Kota Kinabalu,Sabah
88400,Lorong Putin Satu,Kota Kinabalu,Sabah
88400,Lorong Putin,Kota Kinabalu,Sabah
88400,Lorong Ranggung Batek,Kota Kinabalu,Sabah
88400,Lorong Ruai (3 - 4),Kota Kinabalu,Sabah
88400,Lorong Saga,Kota Kinabalu,Sabah
88400,Lorong Sampit,Kota Kinabalu,Sabah
88400,Lorong Sapat,Kota Kinabalu,Sabah
88400,Lorong Saujana 1 - 3,Kota Kinabalu,Sabah
88400,Lorong Saujana,Kota Kinabalu,Sabah
88400,Lorong Signal Hill 1 - 2,Kota Kinabalu,Sabah
88400,Lorong Signal Hill,Kota Kinabalu,Sabah
88400,Lorong Tabib,Kota Kinabalu,Sabah
88400,Lorong Talang,Kota Kinabalu,Sabah
88400,Lorong Tempua,Kota Kinabalu,Sabah
88400,Lorong Tenaga,Kota Kinabalu,Sabah
88400,Lorong Tenejal,Kota Kinabalu,Sabah
88400,Low Cost Housing (MPKK),Kota Kinabalu,Sabah
88400,Lucky Height Condominium,Kota Kinabalu,Sabah
88400,Persatuan Pendidik Akhlak Chee Sui Khor,Kota Kinabalu,Sabah
88400,Public Flat,Kota Kinabalu,Sabah
88400,Radiant Court,Kota Kinabalu,Sabah
88400,Radiant Mainsonet,Kota Kinabalu,Sabah
88400,Radiant Point,Kota Kinabalu,Sabah
88400,Radiant Tower,Kota Kinabalu,Sabah
88400,Sabah Port Berhad,Kota Kinabalu,Sabah
88400,Sabah Trade Center,Kota Kinabalu,Sabah
88400,Signal Hill Condominium,Kota Kinabalu,Sabah
88400,SM Likas,Kota Kinabalu,Sabah
88400,SM Perempuan,Kota Kinabalu,Sabah
88400,SM Shan Tao,Kota Kinabalu,Sabah
88400,SM Teknik,Kota Kinabalu,Sabah
88400,SMK All Saints,Kota Kinabalu,Sabah
88400,SMK Lok Yuk,Kota Kinabalu,Sabah
88400,Sri Gaya,Kota Kinabalu,Sabah
88400,SRJK (C) Chung Hwa,Kota Kinabalu,Sabah
88400,SRJK (C) Lok Yuk,Kota Kinabalu,Sabah
88400,SRJK St James,Kota Kinabalu,Sabah
88400,SRK Lok Yuk,Kota Kinabalu,Sabah
88400,SRK St Agnes,Kota Kinabalu,Sabah
88400,Tai Yap Villa,Kota Kinabalu,Sabah
88400,Taman Antarabangsa,Kota Kinabalu,Sabah
88400,Taman Bay View,Kota Kinabalu,Sabah
88400,Taman Bukit Saujana,Kota Kinabalu,Sabah
88400,Taman Cempaka,Kota Kinabalu,Sabah
88400,Taman Ching Sang,Kota Kinabalu,Sabah
88400,Taman Damai,Kota Kinabalu,Sabah
88400,Taman Fantasi,Kota Kinabalu,Sabah
88400,Taman Happy,Kota Kinabalu,Sabah
88400,Taman Hong Kong,Kota Kinabalu,Sabah
88400,Taman Iramanis,Kota Kinabalu,Sabah
88400,Taman Jaya,Kota Kinabalu,Sabah
88400,Taman Kemajuan,Kota Kinabalu,Sabah
88400,Taman Keramat,Kota Kinabalu,Sabah
88400,Taman Kwan Loke,Kota Kinabalu,Sabah
88400,Taman Lee Fah,Kota Kinabalu,Sabah
88400,Taman Likas Jaya,Kota Kinabalu,Sabah
88400,Taman Likas,Kota Kinabalu,Sabah
88400,Taman Lucky,Kota Kinabalu,Sabah
88400,Taman Maju Kota,Kota Kinabalu,Sabah
88400,Taman Melor,Kota Kinabalu,Sabah
88400,Taman Monne,Kota Kinabalu,Sabah
88400,Taman Orchid Villa,Kota Kinabalu,Sabah
88400,Taman Permai Valley,Kota Kinabalu,Sabah
88400,Taman Prestij,Kota Kinabalu,Sabah
88400,Taman Public Deluxe,Kota Kinabalu,Sabah
88400,Taman Public Jaya,Kota Kinabalu,Sabah
88400,Taman Public,Kota Kinabalu,Sabah
88400,Taman S. Baru,Kota Kinabalu,Sabah
88400,Taman Sea View,Kota Kinabalu,Sabah
88400,Taman Setia,Kota Kinabalu,Sabah
88400,Taman Signal Hill Park,Kota Kinabalu,Sabah
88400,Taman Signal Hill,Kota Kinabalu,Sabah
88400,Taman Sinar Baru,Kota Kinabalu,Sabah
88400,Taman Sinar Bukit,Kota Kinabalu,Sabah
88400,Taman Syn Fah Villa,Kota Kinabalu,Sabah
88400,Taman Tai Tet,Kota Kinabalu,Sabah
88400,Taman Teluk Likas,Kota Kinabalu,Sabah
88400,Taman Tuaran,Kota Kinabalu,Sabah
88400,Taman Ujanan Dah Yeh Villa,Kota Kinabalu,Sabah
88400,Taman Winley,Kota Kinabalu,Sabah
88400,Taman Yakim Jaya,Kota Kinabalu,Sabah
88400,Tanjung Lipat,Kota Kinabalu,Sabah
88400,The Peak Condominium,Kota Kinabalu,Sabah
88400,View Hotel,Kota Kinabalu,Sabah
88400,Winley Estate,Kota Kinabalu,Sabah
88400,Wisma Berjaya,Kota Kinabalu,Sabah
88400,Wisma Dixon,Kota Kinabalu,Sabah
88400,Wisma KKM,Kota Kinabalu,Sabah
88400,Wisma Kosan,Kota Kinabalu,Sabah
88400,Wisma Likas,Kota Kinabalu,Sabah
88400,Wisma Perindustrian,Kota Kinabalu,Sabah
88400,Wisma Pertubuhan Wanita,Kota Kinabalu,Sabah
88450,1 Borneo,Kota Kinabalu,Sabah
88450,31 Jalan Tuaran Batu 5,Kota Kinabalu,Sabah
88450,Bandar Sieera PH 1A,Kota Kinabalu,Sabah
88450,Bandar Sieera PH 1B,Kota Kinabalu,Sabah
88450,Chi Chi Industri Estate,Kota Kinabalu,Sabah
88450,Daita Industri,Kota Kinabalu,Sabah
88450,Delta Industrian Centre,Kota Kinabalu,Sabah
88450,Hai Oh Industrial Estate,Kota Kinabalu,Sabah
88450,Harmony Industri Estate,Kota Kinabalu,Sabah
88450,Hing Industri Estate,Kota Kinabalu,Sabah
88450,Hiong Tiong Industri,Kota Kinabalu,Sabah
88450,HJM Industrial Estate,Kota Kinabalu,Sabah
88450,HSK Industri Estate,Kota Kinabalu,Sabah
88450,HSK Industrial Estate,Kota Kinabalu,Sabah
88450,Inanam Baru Industrial (0094),Kota Kinabalu,Sabah
88450,Inanam Business Centre,Kota Kinabalu,Sabah
88450,Inanam Commercial Center,Kota Kinabalu,Sabah
88450,"Inanam Jaya (Fasa 1, Fasa 2)",Kota Kinabalu,Sabah
88450,Inanam Jaya,Kota Kinabalu,Sabah
88450,Inanam,Kota Kinabalu,Sabah
88450,Interstate Center,Kota Kinabalu,Sabah
88450,Jabatan Pengairan Dan Saliran Sabah,Kota Kinabalu,Sabah
88450,Jabatan Pertanian Sabah,Kota Kinabalu,Sabah
88450,Jalan Bakau,Kota Kinabalu,Sabah
88450,Jalan Bambangan,Kota Kinabalu,Sabah
88450,Jalan Bantayan,Kota Kinabalu,Sabah
88450,Jalan Bolukun,Kota Kinabalu,Sabah
88450,Jalan Buah Duku,Kota Kinabalu,Sabah
88450,Jalan Cenderawasi,Kota Kinabalu,Sabah
88450,Jalan Gudon,Kota Kinabalu,Sabah
88450,Jalan Kampung Inanam Laut,Kota Kinabalu,Sabah
88450,Jalan Kampung Sukang,Kota Kinabalu,Sabah
88450,Jalan Keluang Bantayan,Kota Kinabalu,Sabah
88450,Jalan Kilang,Kota Kinabalu,Sabah
88450,Jalan Kionsom,Kota Kinabalu,Sabah
88450,Jalan Kolombong,Kota Kinabalu,Sabah
88450,Jalan Limau Manis,Kota Kinabalu,Sabah
88450,Jalan Lintas Inanam,Kota Kinabalu,Sabah
88450,Jalan Maakat 1 - 3,Kota Kinabalu,Sabah
88450,Jalan Maakat,Kota Kinabalu,Sabah
88450,Jalan Mangga,Kota Kinabalu,Sabah
88450,Jalan Nounton,Kota Kinabalu,Sabah
88450,Jalan Pekan Baru Inanam,Kota Kinabalu,Sabah
88450,Jalan Rama-Rama,Kota Kinabalu,Sabah
88450,Jalan Rampayan,Kota Kinabalu,Sabah
88450,Jalan Sepagar,Kota Kinabalu,Sabah
88450,Jalan Sibu-sibu,Kota Kinabalu,Sabah
88450,Jalan Sinulihan,Kota Kinabalu,Sabah
88450,Jalan SK Lok Yuk,Kota Kinabalu,Sabah
88450,Jalan Sulaman,Kota Kinabalu,Sabah
88450,Jalan Taman Inanam,Kota Kinabalu,Sabah
88450,Jalan Telipok - Tuaran,Kota Kinabalu,Sabah
88450,Jalan Teluk Sepagar,Kota Kinabalu,Sabah
88450,Jalan Tiong Bantayan,Kota Kinabalu,Sabah
88450,Jalan Tongkuzu,Kota Kinabalu,Sabah
88450,Jalan Tuaran By Pass,Kota Kinabalu,Sabah
88450,Jalan Undan,Kota Kinabalu,Sabah
88450,Jalan Wijaya Park,Kota Kinabalu,Sabah
88450,Kampung Darau,Kota Kinabalu,Sabah
88450,Kampung Gudon,Kota Kinabalu,Sabah
88450,Kampung Labau,Kota Kinabalu,Sabah
88450,Kampung Lokub,Kota Kinabalu,Sabah
88450,Kampung Menggorok,Kota Kinabalu,Sabah
88450,Kampung Nunton,Kota Kinabalu,Sabah
88450,Kampung Rampayan,Kota Kinabalu,Sabah
88450,Kampung Ratau,Kota Kinabalu,Sabah
88450,Kampung Tobobon,Kota Kinabalu,Sabah
88450,Kampung Unggun Jaya,Kota Kinabalu,Sabah
88450,Kampung Warisan (Lorong 1 - 12),Kota Kinabalu,Sabah
88450,Kelombong Industrial Estate,Kota Kinabalu,Sabah
88450,Kian Yap Industri,Kota Kinabalu,Sabah
88450,Kinapalas Industri,Kota Kinabalu,Sabah
88450,Kinapar Industrial Estate,Kota Kinabalu,Sabah
88450,Kingfisher Plan Home,Kota Kinabalu,Sabah
88450,Kionsom Country Height,Kota Kinabalu,Sabah
88450,Lembaga Pelabuhan Sabah,Kota Kinabalu,Sabah
88450,Lembaga Pelabuhan Teluk Sepagar,Kota Kinabalu,Sabah
88450,Lian Seng Industri,Kota Kinabalu,Sabah
88450,Light Industri,Kota Kinabalu,Sabah
88450,Likas Industrial Estate,Kota Kinabalu,Sabah
88450,Lorong Anggur,Kota Kinabalu,Sabah
88450,Lorong Angsana (1 - 3),Kota Kinabalu,Sabah
88450,Lorong Bambak Bantayan,Kota Kinabalu,Sabah
88450,Lorong Bandar Putera 1C Dan 1D,Kota Kinabalu,Sabah
88450,Lorong Bandaran Kionsom,Kota Kinabalu,Sabah
88450,Lorong Bangau Bantayan,Kota Kinabalu,Sabah
88450,Lorong Bayan,Kota Kinabalu,Sabah
88450,Lorong Belimbing Delima,Kota Kinabalu,Sabah
88450,Lorong Belimbing,Kota Kinabalu,Sabah
88450,Lorong Binjai,Kota Kinabalu,Sabah
88450,Lorong Buah Betik,Kota Kinabalu,Sabah
88450,"Lorong Buah Duku 1, 1A, 3, 3A, 3C",Kota Kinabalu,Sabah
88450,Lorong Buah Keras,Kota Kinabalu,Sabah
88450,Lorong Buah Pala,Kota Kinabalu,Sabah
88450,Lorong Buah Pinang,Kota Kinabalu,Sabah
88450,Lorong Buah Salak 1 - 5,Kota Kinabalu,Sabah
88450,Lorong Buah Sukun,Kota Kinabalu,Sabah
88450,Lorong Buah Tamanic,Kota Kinabalu,Sabah
88450,Lorong Bukit Sepagar,Kota Kinabalu,Sabah
88450,Lorong Burung Keleto,Kota Kinabalu,Sabah
88450,Lorong Burung Pimping,Kota Kinabalu,Sabah
88450,Lorong Cempedak 1 - 4,Kota Kinabalu,Sabah
88450,Lorong Ceri,Kota Kinabalu,Sabah
88450,Lorong Cermai,Kota Kinabalu,Sabah
88450,Lorong Desa Permai 1 - 3,Kota Kinabalu,Sabah
88450,Lorong Desa Permai 1 - 5,Kota Kinabalu,Sabah
88450,"Lorong Durian 1, 3, 7",Kota Kinabalu,Sabah
88450,Lorong Durian,Kota Kinabalu,Sabah
88450,Lorong Geganti,Kota Kinabalu,Sabah
88450,Lorong Gipan,Kota Kinabalu,Sabah
88450,Lorong Inanam Baru (1 - 10),Kota Kinabalu,Sabah
88450,Lorong Inanam Baru,Kota Kinabalu,Sabah
88450,Lorong Inanam Laut,Kota Kinabalu,Sabah
88450,Lorong Indah Permai 7 - 23,Kota Kinabalu,Sabah
88450,Lorong Indah Permai,Kota Kinabalu,Sabah
88450,Lorong Industri Ringan,Kota Kinabalu,Sabah
88450,Lorong Industri Warisan 1 - 3,Kota Kinabalu,Sabah
88450,Lorong Industri Warisan,Kota Kinabalu,Sabah
88450,Lorong Jambu Susu,Kota Kinabalu,Sabah
88450,Lorong Janjang,Kota Kinabalu,Sabah
88450,Lorong Kacang Tanah,Kota Kinabalu,Sabah
88450,Lorong Kelapa,Kota Kinabalu,Sabah
88450,Lorong Kelip-Kelip,Kota Kinabalu,Sabah
88450,Lorong Kengkuit,Kota Kinabalu,Sabah
88450,Lorong Kilang (A - E),Kota Kinabalu,Sabah
88450,Lorong KMA,Kota Kinabalu,Sabah
88450,Lorong Kuala Menggatal 1 - 23,Kota Kinabalu,Sabah
88450,Lorong Kumbang,Kota Kinabalu,Sabah
88450,Lorong Kupu-Kupu,Kota Kinabalu,Sabah
88450,Lorong Kurma,Kota Kinabalu,Sabah
88450,Lorong Lama,Kota Kinabalu,Sabah
88450,Lorong Landing,Kota Kinabalu,Sabah
88450,Lorong Langgat,Kota Kinabalu,Sabah
88450,Lorong Laut Bantayan,Kota Kinabalu,Sabah
88450,Lorong Layang-Layang,Kota Kinabalu,Sabah
88450,Lorong Lebah,Kota Kinabalu,Sabah
88450,Lorong Limau Manis (1 - 3),Kota Kinabalu,Sabah
88450,Lorong Limau Manis,Kota Kinabalu,Sabah
88450,Lorong Limau,Kota Kinabalu,Sabah
88450,Lorong Madu,Kota Kinabalu,Sabah
88450,Lorong Mangga (1 - 3),Kota Kinabalu,Sabah
88450,Lorong Manggis,Kota Kinabalu,Sabah
88450,Lorong Mansiang,Kota Kinabalu,Sabah
88450,Lorong Mansing 1,Kota Kinabalu,Sabah
88450,Lorong Medan 1 - 3,Kota Kinabalu,Sabah
88450,Lorong Medan,Kota Kinabalu,Sabah
88450,Lorong Mega 1,Kota Kinabalu,Sabah
88450,Lorong Mega 2,Kota Kinabalu,Sabah
88450,Lorong Mega,Kota Kinabalu,Sabah
88450,Lorong Melawa (1 - 2),Kota Kinabalu,Sabah
88450,Lorong Mempalam,Kota Kinabalu,Sabah
88450,Lorong Minyak,Kota Kinabalu,Sabah
88450,Lorong Murni,Kota Kinabalu,Sabah
88450,Lorong Nelly (9/1 - 9/5),Kota Kinabalu,Sabah
88450,Lorong Nounton,Kota Kinabalu,Sabah
88450,Lorong Palma 1 - 3,Kota Kinabalu,Sabah
88450,Lorong Palma,Kota Kinabalu,Sabah
88450,Lorong Pekan Baru Inanam,Kota Kinabalu,Sabah
88450,Lorong Pelam 1,Kota Kinabalu,Sabah
88450,Lorong Pelam 2 - 6,Kota Kinabalu,Sabah
88450,Lorong Pelam,Kota Kinabalu,Sabah
88450,Lorong Permai 2 - 3,Kota Kinabalu,Sabah
88450,Lorong Permai,Kota Kinabalu,Sabah
88450,Lorong Pic (1 - 5),Kota Kinabalu,Sabah
88450,Lorong Pic,Kota Kinabalu,Sabah
88450,Lorong Pisang,Kota Kinabalu,Sabah
88450,"Lorong Plaza Utama 1 - 5, 4A, 4B",Kota Kinabalu,Sabah
88450,Lorong Puncak Desa 1 - 2,Kota Kinabalu,Sabah
88450,Lorong Puncak Desa,Kota Kinabalu,Sabah
88450,"Lorong Putra Jaya 3 - 9, 13 - 18, 20 - 24, 26",Kota Kinabalu,Sabah
88450,"Lorong Putra Jaya 9B, 3A",Kota Kinabalu,Sabah
88450,"Lorong Putra Perdana 2D, 2C, 2B, 2F, 2E",Kota Kinabalu,Sabah
88450,Lorong Raja Udang,Kota Kinabalu,Sabah
88450,Lorong Rambutan,Kota Kinabalu,Sabah
88450,Lorong Sampah,Kota Kinabalu,Sabah
88450,Lorong Sang Suria,Kota Kinabalu,Sabah
88450,Lorong Seri Indah 1 - 6,Kota Kinabalu,Sabah
88450,Lorong Seri Indah,Kota Kinabalu,Sabah
88450,Lorong Seri Maju,Kota Kinabalu,Sabah
88450,Lorong Sibu,Kota Kinabalu,Sabah
88450,Lorong Sri Baru (1 - 3),Kota Kinabalu,Sabah
88450,Lorong Sri Baru,Kota Kinabalu,Sabah
88450,Lorong Sri Kelombong,Kota Kinabalu,Sabah
88450,Lorong Sri Pulutan (1 - 3),Kota Kinabalu,Sabah
88450,"Lorong Sulaman 1 - 3, 2A, 3A, 5",Kota Kinabalu,Sabah
88450,Lorong Sungai Inanam,Kota Kinabalu,Sabah
88450,Lorong Suria,Kota Kinabalu,Sabah
88450,Lorong Synergy Square - Blok B1,Kota Kinabalu,Sabah
88450,"Lorong Telipok Jaya 1A, 2, 3, 3A",Kota Kinabalu,Sabah
88450,Lorong Telipok Jaya,Kota Kinabalu,Sabah
88450,Lorong Tembikai,Kota Kinabalu,Sabah
88450,Lorong Terap 2,Kota Kinabalu,Sabah
88450,Lorong Tomato,Kota Kinabalu,Sabah
88450,Lorong Tongkuzu,Kota Kinabalu,Sabah
88450,Lorong Wijaya Park 1 - 6,Kota Kinabalu,Sabah
88450,MARDI,Kota Kinabalu,Sabah
88450,Melawa Count,Kota Kinabalu,Sabah
88450,Menara Tun Mustapha,Kota Kinabalu,Sabah
88450,Menggatal,Kota Kinabalu,Sabah
88450,Metro Town,Kota Kinabalu,Sabah
88450,Ngee Lim Industri,Kota Kinabalu,Sabah
88450,Paramount Industri,Kota Kinabalu,Sabah
88450,Perindustrian Sri Inanam 13,Kota Kinabalu,Sabah
88450,Perkampungan Baru Inanam (1 - 5),Kota Kinabalu,Sabah
88450,Perumahan SESB Melawa,Kota Kinabalu,Sabah
88450,Pusat Perindustrian Jaya,Kota Kinabalu,Sabah
88450,Pusat Perindustrian Suria,Kota Kinabalu,Sabah
88450,S.L. Industri Estate,Kota Kinabalu,Sabah
88450,Seludang Industri Estate,Kota Kinabalu,Sabah
88450,Si Khiong Industri,Kota Kinabalu,Sabah
88450,Sinar Industrial Estate,Kota Kinabalu,Sabah
88450,Skim Penempatan Telipok,Kota Kinabalu,Sabah
88450,Sri Kemajuan Industri Estate,Kota Kinabalu,Sabah
88450,Sri Warisan Light Industri,Kota Kinabalu,Sabah
88450,Sulaman Central,Kota Kinabalu,Sabah
88450,Suria Industri Park,Kota Kinabalu,Sabah
88450,Taman Angsana,Kota Kinabalu,Sabah
88450,Taman Bakti Ikhlas,Kota Kinabalu,Sabah
88450,Taman Bukit Sepagar,Kota Kinabalu,Sabah
88450,Taman Bukit Setia,Kota Kinabalu,Sabah
88450,Taman Canggih,Kota Kinabalu,Sabah
88450,Taman Cerah,Kota Kinabalu,Sabah
88450,Taman Dai Ming Baru,Kota Kinabalu,Sabah
88450,Taman Fajar,Kota Kinabalu,Sabah
88450,Taman Flamingo,Kota Kinabalu,Sabah
88450,Taman Fulliwa,Kota Kinabalu,Sabah
88450,Taman Harmoni,Kota Kinabalu,Sabah
88450,Taman Hartamas,Kota Kinabalu,Sabah
88450,Taman Inanam Baru,Kota Kinabalu,Sabah
88450,Taman Inanam Laut Fasa 1,Kota Kinabalu,Sabah
88450,Taman Inanam Villa,Kota Kinabalu,Sabah
88450,Taman Inanam,Kota Kinabalu,Sabah
88450,Taman Indah Permai,Kota Kinabalu,Sabah
88450,Taman Jaya Diri,Kota Kinabalu,Sabah
88450,Taman Jaya Usaha,Kota Kinabalu,Sabah
88450,Taman Judy,Kota Kinabalu,Sabah
88450,Taman K. Menggatal,Kota Kinabalu,Sabah
88450,Taman Kemas,Kota Kinabalu,Sabah
88450,Taman King Fisher,Kota Kinabalu,Sabah
88450,Taman Kingfisher Fasa 4,Kota Kinabalu,Sabah
88450,Taman Kingfisher Sulaman PH 1,Kota Kinabalu,Sabah
88450,Taman Kionsom Jaya,Kota Kinabalu,Sabah
88450,Taman Kolombung,Kota Kinabalu,Sabah
88450,Taman Kopek,Kota Kinabalu,Sabah
88450,"Taman Kuala Menggatal (Fasa 1, Fasa 2, Fasa 3)",Kota Kinabalu,Sabah
88450,Taman Langkah,Kota Kinabalu,Sabah
88450,Taman Lifo,Kota Kinabalu,Sabah
88450,Taman Mansiang,Kota Kinabalu,Sabah
88450,Taman May May,Kota Kinabalu,Sabah
88450,Taman Mega,Kota Kinabalu,Sabah
88450,Taman Melawa Jaya,Kota Kinabalu,Sabah
88450,Taman Menggatal Villa,Kota Kinabalu,Sabah
88450,Taman Menggatal,Kota Kinabalu,Sabah
88450,Taman Mewah,Kota Kinabalu,Sabah
88450,Taman Murni,Kota Kinabalu,Sabah
88450,Taman Nelly Fasa 9,Kota Kinabalu,Sabah
88450,Taman Nelly,Kota Kinabalu,Sabah
88450,Taman Nounton,Kota Kinabalu,Sabah
88450,Taman Palma Rasa,Kota Kinabalu,Sabah
88450,Taman Palma,Kota Kinabalu,Sabah
88450,Taman Perindustrian Moden,Kota Kinabalu,Sabah
88450,Taman Permai,Kota Kinabalu,Sabah
88450,Taman Permata,Kota Kinabalu,Sabah
88450,"Taman Puri Saujana (Fasa 1, Fasa 2)",Kota Kinabalu,Sabah
88450,Taman Puri Saujana 3,Kota Kinabalu,Sabah
88450,Taman Putera Perdana,Kota Kinabalu,Sabah
88450,Taman Putra Jaya,Kota Kinabalu,Sabah
88450,Taman Riang,Kota Kinabalu,Sabah
88450,Taman Richdar,Kota Kinabalu,Sabah
88450,Taman Saga,Kota Kinabalu,Sabah
88450,Taman Satria Fasa 2,Kota Kinabalu,Sabah
88450,Taman Segar,Kota Kinabalu,Sabah
88450,Taman Selayang Kedai,Kota Kinabalu,Sabah
88450,Taman Sepangar,Kota Kinabalu,Sabah
88450,Taman Seri Kasturi,Kota Kinabalu,Sabah
88450,Taman Seri Kionsom,Kota Kinabalu,Sabah
88450,Taman Sri Baru,Kota Kinabalu,Sabah
88450,Taman Sri Chimera,Kota Kinabalu,Sabah
88450,Taman Sri Indah,Kota Kinabalu,Sabah
88450,"Taman Sri Maju (Blok 201 -205, 211, 212)",Kota Kinabalu,Sabah
88450,Taman Sri Maju Jaya (Blok 208 -210),Kota Kinabalu,Sabah
88450,Taman Sri Pulutan,Kota Kinabalu,Sabah
88450,Taman Sri Puteri,Kota Kinabalu,Sabah
88450,Taman Sri Rugading,Kota Kinabalu,Sabah
88450,Taman Syn Fah,Kota Kinabalu,Sabah
88450,Taman Tebobon,Kota Kinabalu,Sabah
88450,Taman Teck Lee,Kota Kinabalu,Sabah
88450,Taman Telipok Jaya,Kota Kinabalu,Sabah
88450,Taman Telipok Ria Fasa 2,Kota Kinabalu,Sabah
88450,Taman Telipok Ria,Kota Kinabalu,Sabah
88450,Taman Utara Gudon,Kota Kinabalu,Sabah
88450,Taman View Point,Kota Kinabalu,Sabah
88450,Taman Wangsa,Kota Kinabalu,Sabah
88450,Taman Wijayah Park,Kota Kinabalu,Sabah
88450,Telipok Commercial Centre - Blok A,Kota Kinabalu,Sabah
88450,Telipok,Kota Kinabalu,Sabah
88450,Tman Mepo,Kota Kinabalu,Sabah
88450,Tropical Industri Estate,Kota Kinabalu,Sabah
88450,Visa Industrial Estate,Kota Kinabalu,Sabah
88450,Visa L.I.E,Kota Kinabalu,Sabah
88450,Wei Hing Industri,Kota Kinabalu,Sabah
88450,Wisma Everight,Kota Kinabalu,Sabah
88450,Wisma Gaya,Kota Kinabalu,Sabah
88450,Wisma Kolombong,Kota Kinabalu,Sabah
88450,Wisma YTL,Kota Kinabalu,Sabah
88450,Yisu Industrial Estate,Kota Kinabalu,Sabah
88460,Jalan 3 KKIP Timur,Kota Kinabalu,Sabah
88460,Jalan KKIP Timur,Kota Kinabalu,Sabah
88460,Jalan Selatan,Kota Kinabalu,Sabah
88460,Lembaga Koko,Kota Kinabalu,Sabah
88500,TYT Yang Di Pertua Negeri Sabah,Kota Kinabalu,Sabah
88502,YAB Ketua Menteri Sabah,Kota Kinabalu,Sabah
88504,Biro Bantuan Guaman,Kota Kinabalu,Sabah
88505,Biro Pengaduan Awam,Kota Kinabalu,Sabah
88506,Mahkamah Tinggi,Kota Kinabalu,Sabah
88508,Amanah Raya Berhad,Kota Kinabalu,Sabah
88510,Jabatan Perkhidmatan Awam,Kota Kinabalu,Sabah
88512,Jabatan Peguam Negara,Kota Kinabalu,Sabah
88514,Jabatan Perangkaan,Kota Kinabalu,Sabah
88516,Jabatan Pemegang Harta,Kota Kinabalu,Sabah
88518,Ketua Audit Negeri,Kota Kinabalu,Sabah
88520,Suruhanjaya Perkhidmatan Awam Persekutuan,Kota Kinabalu,Sabah
88520,Unit Penyelidikan Sosio Ekonomi,Kota Kinabalu,Sabah
88526,Suruhanjaya Perkhidmatan Pendidikan,Kota Kinabalu,Sabah
88527,Unit Pentadbiran & Perancangan Pengurusan,Kota Kinabalu,Sabah
88532,Jabatan Sumber Manusia,Kota Kinabalu,Sabah
88534,Jabatan Kilang & Jentera,Kota Kinabalu,Sabah
88538,Jabatan Keselamatan Sosial (Perkeso),Kota Kinabalu,Sabah
88540,Jabatan Tenaga Rakyat,Kota Kinabalu,Sabah
88546,Pejabat Rela Negeri,Kota Kinabalu,Sabah
88550,Jabatan Imigresen,Kota Kinabalu,Sabah
88551,Jabatan Pendaftaran Negara,Kota Kinabalu,Sabah
88552,Jabatan Pendaftar Pertubuhan,Kota Kinabalu,Sabah
88554,Percetakan Nasional Berhad,Kota Kinabalu,Sabah
88556,Jabatan Pertahanan Awam,Kota Kinabalu,Sabah
88558,Jabatan Penjara,Kota Kinabalu,Sabah
88560,Ketua Polis Negeri,Kota Kinabalu,Sabah
88562,Kementerian Kebajikan Masyarakat Sabah,Kota Kinabalu,Sabah
88564,Jabatan Kebajikan Masyarakat,Kota Kinabalu,Sabah
88566,Jabatan Muzium,Kota Kinabalu,Sabah
88568,Jabatan Arkib Negara,Kota Kinabalu,Sabah
88570,Kementerian Belia Dan Sukan Sabah,Kota Kinabalu,Sabah
88572,Perpustakaan Awam Negeri,Kota Kinabalu,Sabah
88576,Jabatan Tanah & Ukur,Kota Kinabalu,Sabah
88580,Kementerian Perhubungan & Kerja Raya Sabah,Kota Kinabalu,Sabah
88582,Jabatan Kerja Raya,Kota Kinabalu,Sabah
88586,Hospital Queen Elizabeth,Kota Kinabalu,Sabah
88590,Jabatan Kesihatan,Kota Kinabalu,Sabah
88592,Jabatan Kewangan Persekutuan,Kota Kinabalu,Sabah
88592,Kementerian Kewangan Sabah,Kota Kinabalu,Sabah
88592,Pegawai Kewangan Negeri,Kota Kinabalu,Sabah
88594,Akauntan Negara,Kota Kinabalu,Sabah
88596,Jabatan Kastam & Eksais Di Raja,Kota Kinabalu,Sabah
88598,Kumpulan Wang Simpanan Pekerja,Kota Kinabalu,Sabah
88600,Lembaga Hasil Dalam Negeri,Kota Kinabalu,Sabah
88602,Pejabat Perhubungan Sabah/Kuala Lumpur,Kota Kinabalu,Sabah
88604,Jabatan Pendidikan,Kota Kinabalu,Sabah
88606,Kementerian Pembangunan Negara & Luar Bandar Sabah,Kota Kinabalu,Sabah
88608,Jabatan Pembangunan Koperasi,Kota Kinabalu,Sabah
88609,Pejabat Mara Negeri,Kota Kinabalu,Sabah
88610,Bahagian Perlesenan - Kementerian Penerangan,Kota Kinabalu,Sabah
88612,Jabatan Penerangan,Kota Kinabalu,Sabah
88614,Jabatan Penyiaran,Kota Kinabalu,Sabah
88617,Lembaga Pelabuhan Sabah,Kota Kinabalu,Sabah
88618,Jabatan Penerbangan Awam,Kota Kinabalu,Sabah
88620,Jabatan Pengangkutan Jalan,Kota Kinabalu,Sabah
88621,Jabatan Keratapi Sabah,Kota Kinabalu,Sabah
88622,Penguatkuasa Kementerian Perdagangan Dalam Negeri,Kota Kinabalu,Sabah
88624,Kementerian Pertanian & Perikanan Sabah,Kota Kinabalu,Sabah
88626,Jabatan Pengairan & Saliran,Kota Kinabalu,Sabah
88628,Jabatan Perikanan,Kota Kinabalu,Sabah
88630,Jabatan Haiwan,Kota Kinabalu,Sabah
88632,Jabatan Pertanian,Kota Kinabalu,Sabah
88634,Briget Kelima Infantri Malaysia,Kota Kinabalu,Sabah
88644,Kementerian Kerajaan Tempatan Sabah,Kota Kinabalu,Sabah
88646,Jabatan Perancang Bandar & Desa,Kota Kinabalu,Sabah
88648,Jabatan Bomba & Penyelamat,Kota Kinabalu,Sabah
88656,Jabatan Galian,Kota Kinabalu,Sabah
88658,Jabatan Kajibumi,Kota Kinabalu,Sabah
88660,Jabatan Perhutanan,Kota Kinabalu,Sabah
88661,Padi & Beras Nasional (Bernas),Kota Kinabalu,Sabah
88662,Jabatan Alam Sekitar Negeri,Kota Kinabalu,Sabah
88670,Pos Malaysia Berhad,Kota Kinabalu,Sabah
88672,Telekom Malaysia Berhad,Kota Kinabalu,Sabah
88673,Sabah Electricity Sendirian Berhad,Kota Kinabalu,Sabah
88675,Dewan Bandaraya Kota Kinabalu,Kota Kinabalu,Sabah
88676,Majlis Agama Islam Sabah,Kota Kinabalu,Sabah
88680,Dewan Undangan Negeri,Kota Kinabalu,Sabah
88690,Suruhanjaya Pilihanraya Negeri,Kota Kinabalu,Sabah
88700,Peti Surat 1 - 530,Beverly,Sabah
88721,Peti Surat 50001 - 50080,Putatan,Sabah
88722,Peti Surat 50081 - 50300,Putatan,Sabah
88723,Peti Surat 50301 - 50450,Putatan,Sabah
88724,Peti Surat 50451 - 50500,Putatan,Sabah
88725,Peti Surat 50501 - 50800,Putatan,Sabah
88757,"Peti Surat 20001 - 20100, Luyang",Kota Kinabalu,Sabah
88758,"Peti Surat 20101 - 20200, Luyang",Kota Kinabalu,Sabah
88759,"Peti Surat 20201 - 20300, Luyang",Kota Kinabalu,Sabah
88760,"Peti Surat 20301 - 20400, Luyang",Kota Kinabalu,Sabah
88761,"Peti Surat 20401 - 20500, Luyang",Kota Kinabalu,Sabah
88762,"Peti Surat 20501 - 20580, Luyang",Kota Kinabalu,Sabah
88763,"Peti Surat 20581 - 20680, Luyang",Kota Kinabalu,Sabah
88764,"Peti Surat 20681 - 20780, Luyang",Kota Kinabalu,Sabah
88765,"Peti Surat 20781 - 20880, Luyang",Kota Kinabalu,Sabah
88766,"Peti Surat 20881 - 20960, Luyang",Kota Kinabalu,Sabah
88767,"Peti Surat 20961 - 21060, Luyang",Kota Kinabalu,Sabah
88768,"Peti Surat 21061 - 21160, Luyang",Kota Kinabalu,Sabah
88769,"Peti Surat 21161 - 21240, Luyang",Kota Kinabalu,Sabah
88770,"Peti Surat 21241 - 21320, Luyang",Kota Kinabalu,Sabah
88771,"Peti Surat 21321 - 21420, Luyang",Kota Kinabalu,Sabah
88772,"Peti Surat 21421 - 21520, Luyang",Kota Kinabalu,Sabah
88773,"Peti Surat 21521 - 21600, Luyang",Kota Kinabalu,Sabah
88774,"Peti Surat 21601 - 21700, Luyang",Kota Kinabalu,Sabah
88775,"Peti Surat 21701 - 21800, Luyang",Kota Kinabalu,Sabah
88776,"Peti Surat 21801 - 21900, Luyang",Kota Kinabalu,Sabah
88777,"Peti Surat 21901 - 21980, Luyang",Kota Kinabalu,Sabah
88778,"Peti Surat 21981 - 22060, Luyang",Kota Kinabalu,Sabah
88779,"Peti Surat 22061 - 22140, Luyang",Kota Kinabalu,Sabah
88780,"Peti Surat 22141 - 22220, Luyang",Kota Kinabalu,Sabah
88781,"Peti Surat 22221 - 22300, Luyang",Kota Kinabalu,Sabah
88782,"Peti Surat 22301 - 22380, Luyang",Kota Kinabalu,Sabah
88783,"Peti Surat 22381 - 22460, Luyang",Kota Kinabalu,Sabah
88784,"Peti Surat 22461 - 22540, Luyang",Kota Kinabalu,Sabah
88785,"Peti Surat 22541 - 22620, Luyang",Kota Kinabalu,Sabah
88786,"Peti Surat 22621 - 22700, Luyang",Kota Kinabalu,Sabah
88787,"Peti Surat 22701 - 22800, Luyang",Kota Kinabalu,Sabah
88788,"Peti Surat 22801 - 22880, Luyang",Kota Kinabalu,Sabah
88789,"Peti Surat 22881 - 22980, Luyang",Kota Kinabalu,Sabah
88790,"Peti Surat 22981 - 23080, Luyang",Kota Kinabalu,Sabah
88800,Peti Surat 10001 - 10050,Kota Kinabalu,Sabah
88801,Peti Surat 10051 - 10170,Kota Kinabalu,Sabah
88802,Peti Surat 10171 - 10250,Kota Kinabalu,Sabah
88803,Peti Surat 10251 - 10370,Kota Kinabalu,Sabah
88804,Peti Surat 10371 - 10430,Kota Kinabalu,Sabah
88805,Peti Surat 10431 - 10530,Kota Kinabalu,Sabah
88806,Peti Surat 10531 - 10630,Kota Kinabalu,Sabah
88807,Peti Surat 10631 - 10730,Kota Kinabalu,Sabah
88808,Peti Surat 10731 - 10810,Kota Kinabalu,Sabah
88809,Peti Surat 10811 - 10890,Kota Kinabalu,Sabah
88810,Peti Surat 10891 - 10990,Kota Kinabalu,Sabah
88811,Peti Surat 10991 - 11090,Kota Kinabalu,Sabah
88812,Peti Surat 11091 - 11190,Kota Kinabalu,Sabah
88813,Peti Surat 11191 - 11270,Kota Kinabalu,Sabah
88814,Peti Surat 11271 - 11330,Kota Kinabalu,Sabah
88815,Peti Surat 11331 - 11430,Kota Kinabalu,Sabah
88816,Peti Surat 11431 - 11530,Kota Kinabalu,Sabah
88817,Peti Surat 11531 - 11630,Kota Kinabalu,Sabah
88818,Peti Surat 11631 - 11710,Kota Kinabalu,Sabah
88819,Peti Surat 11711 - 11790,Kota Kinabalu,Sabah
88820,Peti Surat 11791 - 11890,Kota Kinabalu,Sabah
88821,Peti Surat 11891 - 11990,Kota Kinabalu,Sabah
88822,Peti Surat 11991 - 12090,Kota Kinabalu,Sabah
88823,Peti Surat 12091 - 12160,Kota Kinabalu,Sabah
88824,Peti Surat 12161 - 12210,Kota Kinabalu,Sabah
88825,Peti Surat 12211 - 12310,Kota Kinabalu,Sabah
88826,Peti Surat 12311 - 12410,Kota Kinabalu,Sabah
88827,Peti Surat 12411 - 12510,Kota Kinabalu,Sabah
88828,Peti Surat 12511 - 12590,Kota Kinabalu,Sabah
88829,Peti Surat 12591 - 12670,Kota Kinabalu,Sabah
88830,Peti Surat 12671 - 12770,Kota Kinabalu,Sabah
88831,Peti Surat 12771 - 12870,Kota Kinabalu,Sabah
88832,Peti Surat 12871 - 12970,Kota Kinabalu,Sabah
88833,Peti Surat 12971 - 13050,Kota Kinabalu,Sabah
88834,Peti Surat 13051 - 13110,Kota Kinabalu,Sabah
88835,Peti Surat 13111 - 13190,Kota Kinabalu,Sabah
88836,Peti Surat 13191 - 13270,Kota Kinabalu,Sabah
88837,Peti Surat 13271 - 13360,Kota Kinabalu,Sabah
88838,Peti Surat 13361 - 13440,Kota Kinabalu,Sabah
88839,Peti Surat 13441 - 13530,Kota Kinabalu,Sabah
88840,Peti Surat 13531 - 13610,Kota Kinabalu,Sabah
88841,Peti Surat 13611 - 13690,Kota Kinabalu,Sabah
88842,Peti Surat 13691 - 13720,Kota Kinabalu,Sabah
88843,Peti Surat 13721 - 13800,Kota Kinabalu,Sabah
88844,Peti Surat 13801 - 13880,Kota Kinabalu,Sabah
88845,Peti Surat 13881 - 13970,Kota Kinabalu,Sabah
88846,Peti Surat 13971 - 14070,Kota Kinabalu,Sabah
88847,Peti Surat 14071 - 14180,Kota Kinabalu,Sabah
88848,Peti Surat 14181 - 14280,Kota Kinabalu,Sabah
88849,Peti Surat 14281 - 14360,Kota Kinabalu,Sabah
88850,Peti Surat 14361 - 14460,Kota Kinabalu,Sabah
88851,Peti Surat 14461 - 14540,Kota Kinabalu,Sabah
88852,Peti Surat 14541 - 14610,Kota Kinabalu,Sabah
88853,Peti Surat 14611 - 14690,Kota Kinabalu,Sabah
88854,Peti Surat 14691 - 14770,Kota Kinabalu,Sabah
88855,Peti Surat 14771 - 14870,Kota Kinabalu,Sabah
88855,Peti Surat 14871 - 15000,Kota Kinabalu,Sabah
88856,Peti Surat 1 - 630,Likas,Sabah
88857,Peti Surat 1 - 500,Inanam,Sabah
88858,Peti Surat 1 - 690,Tanjung Aru,Sabah
88860,Peti Surat 15001 - 15120,Kota Kinabalu,Sabah
88861,Peti Surat 15121 - 15180,Kota Kinabalu,Sabah
88862,Peti Surat 15181 - 15260,Kota Kinabalu,Sabah
88863,Peti Surat 15261 - 15460,Kota Kinabalu,Sabah
88865,Peti Surat 15461 - 15600,Kota Kinabalu,Sabah
88866,Peti Surat 15681 - 15800,Kota Kinabalu,Sabah
88867,Peti Surat 15801 - 16020,Kota Kinabalu,Sabah
88868,Peti Surat 16021 - 16100,Kota Kinabalu,Sabah
88869,Peti Surat 16101 - 16300,Kota Kinabalu,Sabah
88870,Peti Surat 16301 - 16560,Kota Kinabalu,Sabah
88871,Peti Surat 16561 - 16640,Kota Kinabalu,Sabah
88872,Peti Surat 16641 - 17160,Kota Kinabalu,Sabah
88873,Peti Surat 17161 - 17680,Kota Kinabalu,Sabah
88874,Peti Surat 17681 - 18120,Kota Kinabalu,Sabah
88875,Peti Surat 18121 - 18640,Kota Kinabalu,Sabah
88900,Kota Kinabalu - Tiket Serahan Tingkap 1 - 100,Kota Kinabalu,Sabah
88901,Kota Kinabalu - Tiket Serahan Tingkap 101 - 200,Kota Kinabalu,Sabah
88902,Kota Kinabalu - Tiket Serahan Tingkap 201 - 300,Kota Kinabalu,Sabah
88903,Kota Kinabalu - Tiket Serahan Tingkap 301 - 400,Kota Kinabalu,Sabah
88904,Kota Kinabalu - Tiket Serahan Tingkap 401 - 500,Kota Kinabalu,Sabah
88905,Kota Kinabalu - Tiket Serahan Tingkap 501 - 600,Kota Kinabalu,Sabah
88906,Kota Kinabalu - Tiket Serahan Tingkap 601 - 700,Kota Kinabalu,Sabah
88988,Badan Pencegah Rasuah,Kota Kinabalu,Sabah
88990,Beg Berkunci 1 - 30,Kota Kinabalu,Sabah
88991,Beg Berkunci 31 - 60,Kota Kinabalu,Sabah
88992,Beg Berkunci 61 - 90,Kota Kinabalu,Sabah
88993,Beg Berkunci 91 - 120,Kota Kinabalu,Sabah
88994,Beg Berkunci 121 - 150,Kota Kinabalu,Sabah
88995,Beg Berkunci 151 - 180,Kota Kinabalu,Sabah
88996,Beg Berkunci 181 - 210,Kota Kinabalu,Sabah
88997,Beg Berkunci 211 - 240,Kota Kinabalu,Sabah
88998,Beg Berkunci 2001 - 2026,Kota Kinabalu,Sabah
88999,Beg Berkunci 2027 - 2080,Kota Kinabalu,Sabah
89000,Apin-Apin,Keningau,Sabah
89000,Kampung Bingkor,Keningau,Sabah
89000,Kampung Dalayan Sook,Keningau,Sabah
89000,Kampung Pinipi Lanas,Keningau,Sabah
89000,Kampung Sebarang,Keningau,Sabah
89000,Kampung Sinulihan,Keningau,Sabah
89000,Kampung Tulid,Keningau,Sabah
89000,Keningau,Keningau,Sabah
89007,Peti Surat,Keningau,Sabah
89008,Keningau - Tiket Serahan Tingkap,Keningau,Sabah
89009,Beg Berkunci,Keningau,Sabah
89050,Banggi,Kudat,Sabah
89050,Bengkoka,Kudat,Sabah
89050,Kampung Lajong,Kudat,Sabah
89050,Kudat,Kudat,Sabah
89050,Langkon,Kudat,Sabah
89050,Matunggong,Kudat,Sabah
89050,Pinawantai,Kudat,Sabah
89050,Pitas,Kudat,Sabah
89050,Pulau Banggi,Kudat,Sabah
89050,Sekuati,Kudat,Sabah
89050,Tandek,Kudat,Sabah
89057,Peti Surat,Kudat,Sabah
89058,Kudat - Tiket Serahan Tingkap,Kudat,Sabah
89059,Beg Berkunci,Kudat,Sabah
89100,Bengkoka,Kota Marudu,Sabah
89100,Kampung Damai,Kota Marudu,Sabah
89100,Kota Marudu,Kota Marudu,Sabah
89100,Pitas,Kota Marudu,Sabah
89100,Tandek,Kota Marudu,Sabah
89107,Peti Surat,Kota Marudu,Sabah
89108,Kota Marudu - Serahan Tingkap,Kota Marudu,Sabah
89109,Beg Berkunci,Kota Marudu,Sabah
89130,Pingan-Pingan,Kota Marudu,Sabah
89137,"Peti Surat, Pingan-Pingan",Kota Marudu,Sabah
89138,Pingan-Pingan - Serahan Tingkap,Kota Marudu,Sabah
89139,"Beg Berkunci, Pingan-Pingan",Kota Marudu,Sabah
89150,Kadamaian,Kota Belud,Sabah
89150,Kampung Kelawat,Kota Belud,Sabah
89150,Kampung Taginambor,Kota Belud,Sabah
89150,Kota Belud,Kota Belud,Sabah
89150,Tempasuk,Kota Belud,Sabah
89150,Usukan,Kota Belud,Sabah
89157,Peti Surat,Kota Belud,Sabah
89158,Kota Belud - Tiket Serahan Tingkap,Kota Belud,Sabah
89159,Beg Berkunci,Kota Belud,Sabah
89200,Berungis,Tuaran,Sabah
89200,Kampung Bakut,Tuaran,Sabah
89200,Kampung Baru-Baru,Tuaran,Sabah
89200,Kampung Laya-Laya,Tuaran,Sabah
89200,Kampung Mengkabong,Tuaran,Sabah
89200,Sulaman,Tuaran,Sabah
89200,Tuaran,Tuaran,Sabah
89207,Peti Surat,Tuaran,Sabah
89208,Tuaran - Tiket Serahan Tingkap,Tuaran,Sabah
89209,Beg Berkunci,Tuaran,Sabah
89250,Kampung Kiulu,Tamparuli,Sabah
89250,Kampung Topokan,Tamparuli,Sabah
89250,Tamparuli,Tamparuli,Sabah
89257,Peti Surat,Tamparuli,Sabah
89258,Tamparuli - Tiket Serahan Tingkap,Tamparuli,Sabah
89259,Beg Berkunci,Tamparuli,Sabah
89260,"Peti Surat, Bongawan",Beverly,Sabah
89260,Bundu Tuhan,Tenghilan,Sabah
89260,Tenghilan,Tenghilan,Sabah
89300,Kampung Bangkod,Ranau,Sabah
89300,Kampung Kundasang,Ranau,Sabah
89300,Kampung Lohan,Ranau,Sabah
89300,Kampung Malinsau,Ranau,Sabah
89300,Kampung Nabalu,Ranau,Sabah
89300,Kampung Nalapak,Ranau,Sabah
89300,Kampung Panginatan,Ranau,Sabah
89300,Kampung Tagudon,Ranau,Sabah
89300,Kampung Tampios,Ranau,Sabah
89300,Kampung Timbua,Ranau,Sabah
89300,Kundasang,Ranau,Sabah
89300,Namaus,Ranau,Sabah
89300,Ranau,Ranau,Sabah
89300,Tenghilan,Ranau,Sabah
89307,Peti Surat,Ranau,Sabah
89308,Ranau - Serahan Tingkap,Ranau,Sabah
89309,Beg Berkunci,Ranau,Sabah
89320,Telupid,Ranau,Sabah
89327,"Peti Surat, Telupid",Ranau,Sabah
89328,Telupid - Serahan Tingkap,Ranau,Sabah
89329,"Beg Berkunci, Telupid",Ranau,Sabah
89330,Tongod,Ranau,Sabah
89337,"Peti Surat, Tongod",Ranau,Sabah
89338,Tongod - Serahan Tingkap,Ranau,Sabah
89339,"Beg Berkunci, Tongod",Ranau,Sabah
89500,Jalan Penampang,Penampang,Sabah
89500,Jalan Tambunan,Penampang,Sabah
89500,Kampung Babagon,Penampang,Sabah
89500,Kampung Kolopis,Penampang,Sabah
89500,Kampung Limbanak,Penampang,Sabah
89500,Kampung Maang,Penampang,Sabah
89500,Kampung Mahanoi,Penampang,Sabah
89500,Kampung Terawi,Penampang,Sabah
89500,Kampung Tombovo,Penampang,Sabah
89500,Penampang,Penampang,Sabah
89507,Peti Surat,Penampang,Sabah
89508,Penampang - Tiket Serahan Tingkap,Penampang,Sabah
89509,Beg Berkunci,Penampang,Sabah
89600,Kampung Benoni,Papar,Sabah
89600,Kampung Limbahau,Papar,Sabah
89600,Kampung Nagapas,Papar,Sabah
89600,Kawang,Papar,Sabah
89600,Pantai Manis,Papar,Sabah
89600,Papar,Papar,Sabah
89600,Pengalat Besar,Papar,Sabah
89607,Peti Surat,Papar,Sabah
89608,Papar - Tiket Serahan Tingkap,Papar,Sabah
89609,Beg Berkunci,Papar,Sabah
89650,Kampung Kapayan,Tambunan,Sabah
89650,Kampung Mansarulung,Tambunan,Sabah
89650,Kampung Nabayan,Tambunan,Sabah
89650,Kampung Patau,Tambunan,Sabah
89650,Kampung Sinsuron,Tambunan,Sabah
89650,Kampung Toboh,Tambunan,Sabah
89650,Tambunan,Tambunan,Sabah
89657,Peti Surat,Tambunan,Sabah
89658,Tambunan - Tiket Serahan Tingkap,Tambunan,Sabah
89659,Beg Berkunci,Tambunan,Sabah
89700,Bongawan,Bongawan,Sabah
89707,Peti Surat,Bongawan,Sabah
89708,Bongawan - Tiket Serahan Tingkap,Bongawan,Sabah
89709,Bongawan - Karung Berkunci,Bongawan,Sabah
89720,Kampung Binsulok,Membakut,Sabah
89720,Klias,Membakut,Sabah
89720,Membakut,Membakut,Sabah
89727,Peti Surat,Membakut,Sabah
89728,Membakut - Tiket Serahan Tingkap,Membakut,Sabah
89729,Beg Berkunci,Membakut,Sabah
89740,Kampung Batu Lintang,Kuala Penyu,Sabah
89740,Kampung Kerukan,Kuala Penyu,Sabah
89740,Kampung Mansud,Kuala Penyu,Sabah
89740,Kampung Palu-Palu,Kuala Penyu,Sabah
89740,Kampung Tempurong,Kuala Penyu,Sabah
89740,Kuala Penyu,Kuala Penyu,Sabah
89747,Peti Surat,Kuala Penyu,Sabah
89748,Kuala Penyu - Tiket Serahan Tingkap,Kuala Penyu,Sabah
89749,Beg Berkunci,Kuala Penyu,Sabah
89760,Kampung Lambidan,Menumbok,Sabah
89760,Kampung Malikai,Menumbok,Sabah
89760,Kampung Sangkabok,Menumbok,Sabah
89760,Menumbok,Menumbok,Sabah
89767,Peti Surat,Menumbok,Sabah
89768,Menumbok - Tiket Serahan Tingkap,Menumbok,Sabah
89769,Beg Berkunci,Menumbok,Sabah
89800,Beaufort,Beaufort,Sabah
89800,Kampung Bingkul,Beaufort,Sabah
89800,Kampung Bukau,Beaufort,Sabah
89800,Kampung Gadong,Beaufort,Sabah
89800,Kampung Kabajang,Beaufort,Sabah
89800,Kampung Lingkongan,Beaufort,Sabah
89800,Kampung Lumadan,Beaufort,Sabah
89800,Kampung Simpagar,Beaufort,Sabah
89800,Kampung Suasa,Beaufort,Sabah
89800,Kota Klias,Beaufort,Sabah
89800,Padas Damit,Beaufort,Sabah
89800,Weston,Beaufort,Sabah
89807,Peti Surat,Beaufort,Sabah
89808,Beaufort- Tiket Serahan Tingkap,Beaufort,Sabah
89809,Beaufort - Karung Berkunci,Beaufort,Sabah
89850,Kampung Melaman,Sipitang,Sabah
89850,Kampung Pelakat,Sipitang,Sabah
89850,Mesapol,Sipitang,Sabah
89850,Sindumin,Sipitang,Sabah
89850,Sipitang,Sipitang,Sabah
89857,Peti Surat,Sipitang,Sabah
89858,Sipitang - Tiket Serahan Tingkap,Sipitang,Sabah
89859,Beg Berkunci,Sipitang,Sabah
89900,Kampung Kemabong,Tenom,Sabah
89900,Melalap,Tenom,Sabah
89900,Melutut,Tenom,Sabah
89900,Tenom,Tenom,Sabah
89907,Peti Surat,Tenom,Sabah
89908,Tenom - Tiket Serahan Tingkap,Tenom,Sabah
89909,Beg Berkunci,Tenom,Sabah
89950,Nabawan,Nabawan,Sabah
89950,Pensiangan,Nabawan,Sabah
89950,Sepulot,Nabawan,Sabah
89957,Peti Surat,Nabawan,Sabah
89958,Nabawan - Tiket Serahan Tingkap,Nabawan,Sabah
89959,Beg Berkunci,Nabawan,Sabah
90000,Bandar Laila,Sandakan,Sabah
90000,Bandar Ramai - Ramai,Sandakan,Sabah
90000,Elopura,Sandakan,Sabah
90000,Jalan Labuk (Batu 36),Sandakan,Sabah
90000,Kampung B.D.C.,Sandakan,Sabah
90000,Kampung Damai,Sandakan,Sabah
90000,Kampung Karamunting,Sandakan,Sabah
90000,Kampung Seri Taman,Sandakan,Sabah
90000,Kampung Sim-Sim,Sandakan,Sabah
90000,Kampung Sungai Manila,Sandakan,Sabah
90000,Kampung Tambisan,Sandakan,Sabah
90000,Kampung Tongud,Sandakan,Sabah
90000,"Labuk (Batu 9, 11, 13, 15 & 17)",Sandakan,Sabah
90000,Ladang Segaliud,Sandakan,Sabah
90000,Rumah Persekutuan,Sandakan,Sabah
90000,Sabah Palm Estate,Sandakan,Sabah
90000,Sandakan,Sandakan,Sabah
90000,Taman Sibuga,Sandakan,Sabah
90000,Tanjung Papat,Sandakan,Sabah
90000,Tonggod,Sandakan,Sabah
90000,Ulu Dusun,Sandakan,Sabah
90009,Beg Berkunci,Sandakan,Sabah
90100,Beluran,Beluran,Sabah
90100,Labuk,Beluran,Sabah
90100,Sugut,Beluran,Sabah
90107,Peti Surat,Beluran,Sabah
90109,Beg Berkunci,Beluran,Sabah
90200,Kota Kinabatangan,Kota Kinabatangan,Sabah
90200,Kuamut,Kota Kinabatangan,Sabah
90200,Sekong,Kota Kinabatangan,Sabah
90200,Sukau,Kota Kinabatangan,Sabah
90300,Jalan Utara (Batu 1 1/2),Sandakan,Sabah
90307,Peti Surat - 1- 200 Batu 1 1/2 Jalan Utara,Sandakan,Sabah
90400,Pamol,Pamol,Sabah
90700,Peti Surat 1 - 60,Sandakan,Sabah
90701,Peti Surat 61 - 160,Sandakan,Sabah
90702,Peti Surat 161 - 260,Sandakan,Sabah
90703,Peti Surat 261 - 340,Sandakan,Sabah
90704,Peti Surat 341 - 430,Sandakan,Sabah
90705,Peti Surat 431 - 520,Sandakan,Sabah
90706,Peti Surat 521 - 600,Sandakan,Sabah
90707,Peti Surat 601 - 700,Sandakan,Sabah
90708,Peti Surat 701 - 800,Sandakan,Sabah
90709,Peti Surat 801 - 880,Sandakan,Sabah
90711,Peti Surat 801 - 1080,Sandakan,Sabah
90712,Peti Surat 1081 - 1160,Sandakan,Sabah
90713,Peti Surat 1161 - 1260,Sandakan,Sabah
90714,Peti Surat 1261 - 1360,Sandakan,Sabah
90715,Peti Surat 1361 - 1440,Sandakan,Sabah
90716,Peti Surat 1441 - 1530,Sandakan,Sabah
90717,Peti Surat 1531 - 1620,Sandakan,Sabah
90718,Peti Surat 1621 - 1700,Sandakan,Sabah
90719,Peti Surat 1701 - 1780,Sandakan,Sabah
90720,Peti Surat 1781 - 1860,Sandakan,Sabah
90721,Peti Surat 1861 - 1940,Sandakan,Sabah
90722,Peti Surat 1941 - 2020,Sandakan,Sabah
90723,Peti Surat 2021 -2100,Sandakan,Sabah
90724,Peti Surat 2101 - 2190,Sandakan,Sabah
90725,Peti Surat 2191 - 2280,Sandakan,Sabah
90726,Peti Surat 2281 - 2360,Sandakan,Sabah
90727,Peti Surat 2361 - 2460,Sandakan,Sabah
90728,Peti Surat 2461 - 2560,Sandakan,Sabah
90729,Peti Surat 2561 - 2640,Sandakan,Sabah
90730,Peti Surat 2641 - 2740,Sandakan,Sabah
90731,Peti Surat 2741 - 2840,Sandakan,Sabah
90732,Peti Surat 2841 - 2920,Sandakan,Sabah
90733,Peti Surat 2921 - 3020,Sandakan,Sabah
90734,Peti Surat 3021 - 3120,Sandakan,Sabah
90735,Peti Surat 3121 - 3200,Sandakan,Sabah
90736,Peti Surat 3201 - 3290,Sandakan,Sabah
90737,Peti Surat 3291 - 3380,Sandakan,Sabah
90738,Peti Surat 3381 - 3460,Sandakan,Sabah
90739,Peti Surat 3461 - 3560,Sandakan,Sabah
90740,Peti Surat 3561 - 3660,Sandakan,Sabah
90741,Peti Surat 3661 - 3720,Sandakan,Sabah
91000,Ambar Park,Tawau,Sabah
91000,Apas Balung,Tawau,Sabah
91000,Balung,Tawau,Sabah
91000,Bandar Sabindo,Tawau,Sabah
91000,Berumas,Tawau,Sabah
91000,Bommalai,Tawau,Sabah
91000,Brantian,Tawau,Sabah
91000,Check Point,Tawau,Sabah
91000,Jalan Apas (Batu 5 1/2),Tawau,Sabah
91000,Kalabakan,Tawau,Sabah
91000,Kampung Jawa,Tawau,Sabah
91000,Kampung Tanjong Batu Darat,Tawau,Sabah
91000,Kampung Tanjong Batu Laut,Tawau,Sabah
91000,Kampung Titingan,Tawau,Sabah
91000,Kampung Ulu Tiku,Tawau,Sabah
91000,Merotai Estate,Tawau,Sabah
91000,Merotai,Tawau,Sabah
91000,Seri Tanjong,Tawau,Sabah
91000,Sin On (Batu 5 1/2),Tawau,Sabah
91000,Tawau,Tawau,Sabah
91007,Peti Surat 1 - 500,Tawau,Sabah
91008,Peti Surat 500 & Ke Atas,Tawau,Sabah
91009,Beg Berkunci,Tawau,Sabah
91010,Peti Surat 60001 - 60100,Tawau,Sabah
91011,Peti Surat 60101 - 60200,Tawau,Sabah
91012,Peti Surat 60201 - 60230,Tawau,Sabah
91013,Peti Surat 60301 - 60400,Tawau,Sabah
91014,Peti Surat 60401 - 60500,Tawau,Sabah
91015,Peti Surat 60501 - 60600,Tawau,Sabah
91016,Peti Surat 60601 - 60700,Tawau,Sabah
91017,Peti Surat 60701 - 60800,Tawau,Sabah
91018,Peti Surat 60801 - 60900,Tawau,Sabah
91019,Peti Surat 60901 - 61000,Tawau,Sabah
91020,Peti Surat 61001 - 61100,Tawau,Sabah
91021,Peti Surat 61101 - 61200,Tawau,Sabah
91022,Peti Surat 61201 - 61300,Tawau,Sabah
91023,Peti Surat 61301 - 61400,Tawau,Sabah
91024,Peti Surat 61401 - 61500,Tawau,Sabah
91025,Peti Surat 61501 - 61600,Tawau,Sabah
91026,Peti Surat 61601 - 61700,Tawau,Sabah
91027,Peti Surat 61701 - 61800,Tawau,Sabah
91028,Peti Surat 61801 - 61900,Tawau,Sabah
91029,Peti Surat 61901 - 62000,Tawau,Sabah
91030,Peti Surat 62001 - 62100,Tawau,Sabah
91031,Peti Surat 62101 - 62200,Tawau,Sabah
91032,Peti Surat 62201 - 62300,Tawau,Sabah
91033,Peti Surat 62301 - 62400,Tawau,Sabah
91034,Peti Surat 62401 - 62500,Tawau,Sabah
91035,Peti Surat 62501 - 62600,Tawau,Sabah
91100,Kampung Sapagaya,Lahad Datu,Sabah
91100,Kampung Silabukan,Lahad Datu,Sabah
91100,Kampung Tengah Nipah,Lahad Datu,Sabah
91100,Kampung Tungku,Lahad Datu,Sabah
91100,Lahad Datu,Lahad Datu,Sabah
91100,Segama Pangkalan,Lahad Datu,Sabah
91100,Tungku,Lahad Datu,Sabah
91109,Beg Berkunci,Lahad Datu,Sabah
91110,Peti Surat 60001 - 60120,Lahad Datu,Sabah
91111,Peti Surat 60121 - 60240,Lahad Datu,Sabah
91112,Peti Surat 60241 - 60360,Lahad Datu,Sabah
91113,Peti Surat 60361 - 60440,Lahad Datu,Sabah
91114,Peti Surat 60441 - 60560,Lahad Datu,Sabah
91115,Peti Surat 60561 - 60680,Lahad Datu,Sabah
91116,Peti Surat 60681 - 60760,Lahad Datu,Sabah
91117,Peti Surat 60761 - 60880,Lahad Datu,Sabah
91118,Peti Surat 60881 - 61000,Lahad Datu,Sabah
91119,Peti Surat 61001 - 61080,Lahad Datu,Sabah
91120,Peti Surat 61081 - 61200,Lahad Datu,Sabah
91121,Peti Surat 61201 - 61320,Lahad Datu,Sabah
91122,Peti Surat 61321 - 61440,Lahad Datu,Sabah
91123,Peti Surat 61441 - 61560,Lahad Datu,Sabah
91124,Peti Surat 61561 - 61640,Lahad Datu,Sabah
91125,Peti Surat 61641 - 61760,Lahad Datu,Sabah
91126,Peti Surat 61761 - 61880,Lahad Datu,Sabah
91127,Peti Surat 61881 - 61960,Lahad Datu,Sabah
91128,Peti Surat 61961 - 62480,Lahad Datu,Sabah
91150,Cenderawasih,Lahad Datu,Sabah
91200,Kunak,Kunak,Sabah
91200,Ladang Giram,Kunak,Sabah
91207,Peti Surat,Kunak,Sabah
91209,Beg Berkunci,Kunak,Sabah
91300,Semporna,Semporna,Sabah
91300,Senallang,Semporna,Sabah
91300,Sulabayan,Semporna,Sabah
91307,Peti Surat 1 - 80,Semporna,Sabah
91308,Peti Surat 81 & Ke Atas,Semporna,Sabah
91309,Beg Berkunci,Semporna,Sabah
