93000,Jalan Badruddin,Kuching,Sarawak
93000,Jalan Barrack,Kuching,Sarawak
93000,Jalan Court House,Kuching,Sarawak
93000,Jalan Crookshank,Kuching,Sarawak
93000,Jalan Gambier,Kuching,Sarawak
93000,Jalan Golflink,Kuching,Sarawak
93000,Jalan Hokkien,Kuching,Sarawak
93000,Jalan Hospital Timur,Kuching,Sarawak
93000,Jalan Main Bazaar,Kuching,Sarawak
93000,Jalan Maxwell,Kuching,Sarawak
93000,Jalan Mcdougall,Kuching,Sarawak
93000,Jalan Mosque,Kuching,Sarawak
93000,Jalan Ong Kwan Hin,Kuching,Sarawak
93000,Jalan Reservoir,Kuching,Sarawak
93000,Jalan Rodway,Kuching,Sarawak
93000,Jalan Tun Abang Haji Openg,Kuching,Sarawak
93000,Jalan Wayang,Kuching,Sarawak
93000,Jalan Were,Kuching,Sarawak
93000,Ladang Ricketts,Kuching,Sarawak
93000,Lebuh Bishopgate,Kuching,Sarawak
93000,Lebuh Carpenter,Kuching,Sarawak
93000,Lebuh China,Kuching,Sarawak
93000,Lebuh Ewe Hai,Kuching,Sarawak
93000,Lebuh Gartak,Kuching,Sarawak
93000,Lebuh India,Kuching,Sarawak
93000,Lebuh Java,Kuching,Sarawak
93000,Lebuh Khoo Hun Yeang,Kuching,Sarawak
93000,Lebuh Market,Kuching,Sarawak
93000,Lebuh Power,Kuching,Sarawak
93000,Lebuh Ulu China,Kuching,Sarawak
93000,Lebuh Wayang 1,Kuching,Sarawak
93000,Lebuh Wayang 2,Kuching,Sarawak
93000,Lorong Ban Hock,Kuching,Sarawak
93000,Lorong Carmelite,Kuching,Sarawak
93000,Lorong Dock,Kuching,Sarawak
93000,Lorong Gertak,Kuching,Sarawak
93000,Lorong Kai Joo,Kuching,Sarawak
93000,Lorong Masjid,Kuching,Sarawak
93000,Lorong Mesjid India,Kuching,Sarawak
93000,Pengkalan Jeti,Kuching,Sarawak
93000,Persiaran Mill,Kuching,Sarawak
93000,Taman Budaya,Kuching,Sarawak
93000,Taman Oriental,Kuching,Sarawak
93000,Taman Ricketts,Kuching,Sarawak
93010,Bengoh,Kuching,Sarawak
93010,Kampung Anah Rais,Kuching,Sarawak
93010,Kampung Bako,Kuching,Sarawak
93010,Kampung Baru Samarahan,Kuching,Sarawak
93010,Kampung Beliong,Kuching,Sarawak
93010,Kampung Bengoh Padawan,Kuching,Sarawak
93010,Kampung Bratok,Kuching,Sarawak
93010,Kampung Bukit Panchor,Kuching,Sarawak
93010,Kampung Buntal,Kuching,Sarawak
93010,Kampung Bunuk,Kuching,Sarawak
93010,Kampung Geobilt,Kuching,Sarawak
93010,Kampung Karu,Kuching,Sarawak
93010,Kampung Lintang Baru,Kuching,Sarawak
93010,Kampung Mambong,Kuching,Sarawak
93010,Kampung Muhibah (Seberang Pending),Kuching,Sarawak
93010,Kampung Pasir Pandak,Kuching,Sarawak
93010,Kampung Paya Mebi,Kuching,Sarawak
93010,Kampung Rambungan,Kuching,Sarawak
93010,Kampung Salak,Kuching,Sarawak
93010,Kampung Sejingat,Kuching,Sarawak
93010,Kampung Semadang,Kuching,Sarawak
93010,Kampung Semedang,Kuching,Sarawak
93010,Kampung Semilang,Kuching,Sarawak
93010,Kampung Simpok,Kuching,Sarawak
93010,Kampung Stoh,Kuching,Sarawak
93010,Kampung Tapah,Kuching,Sarawak
93010,Kampung Terambol,Kuching,Sarawak
93010,Kolong Lapan,Kuching,Sarawak
93010,Muara Tebas,Kuching,Sarawak
93010,Pantai Damai,Kuching,Sarawak
93010,Santubong,Kuching,Sarawak
93010,Semenggok (Batu 15),Kuching,Sarawak
93010,Tiang Bekap,Kuching,Sarawak
93050,Bintawa Batu,Kuching,Sarawak
93050,Demak Laut,Kuching,Sarawak
93050,Demak,Kuching,Sarawak
93050,Gita Laut Tengah,Kuching,Sarawak
93050,Gita Laut,Kuching,Sarawak
93050,Jalan Astana Lot,Kuching,Sarawak
93050,Jalan Astana,Kuching,Sarawak
93050,Jalan Bako,Kuching,Sarawak
93050,Jalan Bangau,Kuching,Sarawak
93050,Jalan Belian,Kuching,Sarawak
93050,Jalan Bukit Siol,Kuching,Sarawak
93050,Jalan Bunga Cempaka (Kampung Gita),Kuching,Sarawak
93050,Jalan Bunga Engkodok (Kampung Gita),Kuching,Sarawak
93050,Jalan Bunga Kasturi (Kampung Gita),Kuching,Sarawak
93050,Jalan Bunga Kenanga (Kampung Gita),Kuching,Sarawak
93050,Jalan Bunga Melati (Kampung Gita),Kuching,Sarawak
93050,Jalan Bunga Melor (Kampung Gita),Kuching,Sarawak
93050,Jalan Bunga Raya (Kampung Gita),Kuching,Sarawak
93050,Jalan Bunga Rose (Kampung Gita),Kuching,Sarawak
93050,Jalan Bunga Tanjung (Kampung Gita),Kuching,Sarawak
93050,Jalan Bunga Teratai (Kampung Gita),Kuching,Sarawak
93050,Jalan Bunga Tiong (Kampung Gita),Kuching,Sarawak
93050,Jalan Bunga Tongkeng (Kampung Gita),Kuching,Sarawak
93050,Jalan Cederawasih,Kuching,Sarawak
93050,Jalan Crocker,Kuching,Sarawak
93050,Jalan Depo,Kuching,Sarawak
93050,Jalan Enggang,Kuching,Sarawak
93050,Jalan Field Force,Kuching,Sarawak
93050,Jalan Gani,Kuching,Sarawak
93050,Jalan Geruda,Kuching,Sarawak
93050,Jalan Haji Sobeng,Kuching,Sarawak
93050,Jalan Hashim Jaafar,Kuching,Sarawak
93050,Jalan Helang,Kuching,Sarawak
93050,Jalan Istana Lama,Kuching,Sarawak
93050,Jalan Istana,Kuching,Sarawak
93050,Jalan Juara,Kuching,Sarawak
93050,Jalan Kenari,Kuching,Sarawak
93050,Jalan Layang-Layang,Kuching,Sarawak
93050,Jalan Matang,Kuching,Sarawak
93050,Jalan Medang,Kuching,Sarawak
93050,Jalan Melindo,Kuching,Sarawak
93050,Jalan Menggeris,Kuching,Sarawak
93050,Jalan Merak,Kuching,Sarawak
93050,Jalan Merdeka,Kuching,Sarawak
93050,Jalan Pedidi,Kuching,Sarawak
93050,Jalan Perupok,Kuching,Sarawak
93050,Jalan Piala,Kuching,Sarawak
93050,Jalan Punai,Kuching,Sarawak
93050,Jalan Pustaka,Kuching,Sarawak
93050,Jalan Rajawali,Kuching,Sarawak
93050,Jalan Saadon,Kuching,Sarawak
93050,Jalan Samariang Batu,Kuching,Sarawak
93050,Jalan Samariang,Kuching,Sarawak
93050,Jalan Semarak,Kuching,Sarawak
93050,Jalan Semariang Lot,Kuching,Sarawak
93050,Jalan Semariang,Kuching,Sarawak
93050,Jalan Sentubong,Kuching,Sarawak
93050,Jalan Serunai,Kuching,Sarawak
93050,Jalan Siol Kanan,Kuching,Sarawak
93050,Jalan Siol Kandis,Kuching,Sarawak
93050,Jalan Sultan Tengah,Kuching,Sarawak
93050,Jalan Sungai Tengah Kolong,Kuching,Sarawak
93050,Jalan Tan Sri Abang Ikhwan,Kuching,Sarawak
93050,Jalan Tun Abdul Rahman Yakub,Kuching,Sarawak
93050,Jalan Unggas,Kuching,Sarawak
93050,Kampung Bintawa Hilir,Kuching,Sarawak
93050,Kampung Bintawa Hulu,Kuching,Sarawak
93050,Kampung Bintawa Tengah,Kuching,Sarawak
93050,Kampung Boyan,Kuching,Sarawak
93050,Kampung Gersik,Kuching,Sarawak
93050,Kampung Gita Lama,Kuching,Sarawak
93050,Kampung Gita Laut,Kuching,Sarawak
93050,Kampung Heritage,Kuching,Sarawak
93050,Kampung Kapitan Nandak,Kuching,Sarawak
93050,Kampung Kolong 1,Kuching,Sarawak
93050,Kampung Lada Pedas,Kuching,Sarawak
93050,Kampung Laruh Scheme,Kuching,Sarawak
93050,Kampung Lintang,Kuching,Sarawak
93050,Kampung Malaysia Jaya,Kuching,Sarawak
93050,Kampung Matang Batu 10,Kuching,Sarawak
93050,Kampung Nangka (Jalan Matang),Kuching,Sarawak
93050,Kampung Panglima Seman Hilir,Kuching,Sarawak
93050,Kampung Panglima Seman Hulu,Kuching,Sarawak
93050,Kampung Panglima Seman Lama,Kuching,Sarawak
93050,Kampung Panglima Seman,Kuching,Sarawak
93050,Kampung Pinang Jawa,Kuching,Sarawak
93050,Kampung Pulo Hilir,Kuching,Sarawak
93050,Kampung Pulo Hulu,Kuching,Sarawak
93050,Kampung Rampangi 1 - 3,Kuching,Sarawak
93050,Kampung Semarang,Kuching,Sarawak
93050,Kampung Semariang Batu,Kuching,Sarawak
93050,Kampung Semariang Jaya (Fasa 1 - 2),Kuching,Sarawak
93050,Kampung Semariang Lama,Kuching,Sarawak
93050,Kampung Semerah Padi,Kuching,Sarawak
93050,Kampung Sinjan,Kuching,Sarawak
93050,Kampung Siol Kandis Jalan Siol Kandis,Kuching,Sarawak
93050,Kampung Stadium,Kuching,Sarawak
93050,Kampung Sungai Bedil Besar,Kuching,Sarawak
93050,Kampung Sungai Bedil Kecil,Kuching,Sarawak
93050,Kampung Surabaya Hilir,Kuching,Sarawak
93050,Kampung Surabaya Hulu,Kuching,Sarawak
93050,Kampung Tanjung,Kuching,Sarawak
93050,Kampung Tupong Astana,Kuching,Sarawak
93050,Kampung Tupong Batu,Kuching,Sarawak
93050,Kampung Tupong Hulu,Kuching,Sarawak
93050,Kampung Tupong Jaya Jalan Merdeka,Kuching,Sarawak
93050,Kampung Tupong Tengah,Kuching,Sarawak
93050,Kampung Tupong,Kuching,Sarawak
93050,Kampung Wawasan Jaya,Kuching,Sarawak
93050,Kubah Ria,Kuching,Sarawak
93050,Kuching Family Park,Kuching,Sarawak
93050,Lorong 1 - 4 Jalan Istana,Kuching,Sarawak
93050,Lorong Haji Babel,Kuching,Sarawak
93050,Lorong Haji Said,Kuching,Sarawak
93050,Lorong Mustaffa,Kuching,Sarawak
93050,Lorong Penghulu Sudin,Kuching,Sarawak
93050,Pengkalan Sapi,Kuching,Sarawak
93050,Perumahan Rakyat Siol Kanan,Kuching,Sarawak
93050,Petra Jaya,Kuching,Sarawak
93050,Semarak Pinang Jawa,Kuching,Sarawak
93050,Semariang Aman (Fasa 1 - 2),Kuching,Sarawak
93050,Semariang Bandar Baru (Fasa 1 - 5),Kuching,Sarawak
93050,Semariang,Kuching,Sarawak
93050,Semerah Padi,Kuching,Sarawak
93050,Siol Kandis,Kuching,Sarawak
93050,Taman Abrar,Kuching,Sarawak
93050,Taman Ah Boon,Kuching,Sarawak
93050,Taman Aichi,Kuching,Sarawak
93050,Taman Alamanda Indah,Kuching,Sarawak
93050,Taman Alifah,Kuching,Sarawak
93050,Taman Amina,Kuching,Sarawak
93050,Taman Anib,Kuching,Sarawak
93050,"Taman Asiah, Jalan Siol Kandis",Kuching,Sarawak
93050,Taman Bahjah,Kuching,Sarawak
93050,Taman Bersinar,Kuching,Sarawak
93050,Taman Bowood,Kuching,Sarawak
93050,Taman Bukit Mawar (Kampung Gita),Kuching,Sarawak
93050,Taman Bunga Akasia,Kuching,Sarawak
93050,Taman Bunga Melati,Kuching,Sarawak
93050,Taman Bunga Raya,Kuching,Sarawak
93050,Taman Bunga Wangi,Kuching,Sarawak
93050,Taman Carisa,Kuching,Sarawak
93050,Taman Cresent,Kuching,Sarawak
93050,Taman Demak,Kuching,Sarawak
93050,Taman Desa Guru,Kuching,Sarawak
93050,Taman Desa Matang Jalan Matang Batu 3,Kuching,Sarawak
93050,Taman Desa Matang,Kuching,Sarawak
93050,Taman Dusun Bayu,Kuching,Sarawak
93050,Taman Dusun Indah,Kuching,Sarawak
93050,Taman Emas Jalan Depo,Kuching,Sarawak
93050,Taman Emas,Kuching,Sarawak
93050,Taman Fah Tah,Kuching,Sarawak
93050,Taman Farhanas,Kuching,Sarawak
93050,Taman Fitrah,Kuching,Sarawak
93050,Taman Foong Joon,Kuching,Sarawak
93050,"Taman Gemilang, Jalan Matang",Kuching,Sarawak
93050,Taman Gita Jaya,Kuching,Sarawak
93050,"Taman Grandview, Jalan Matang Batu 8",Kuching,Sarawak
93050,Taman Green View,Kuching,Sarawak
93050,Taman Haji Arshad Jalan Helang,Kuching,Sarawak
93050,Taman Hamimas Jaya,Kuching,Sarawak
93050,Taman Harmoni,Kuching,Sarawak
93050,Taman Heng Guan,Kuching,Sarawak
93050,Taman Heritage,Kuching,Sarawak
93050,Taman Hijrah,Kuching,Sarawak
93050,Taman Hillside,Kuching,Sarawak
93050,Taman Hipni,Kuching,Sarawak
93050,Taman Hussein,Kuching,Sarawak
93050,Taman Ibni Hasyim,Kuching,Sarawak
93050,Taman Ichi,Kuching,Sarawak
93050,Taman Inai Jalan Matang Batu 2 1/2,Kuching,Sarawak
93050,Taman Indah Fasa 1 - 2,Kuching,Sarawak
93050,Taman Inspire,Kuching,Sarawak
93050,Taman Juta Ria,Kuching,Sarawak
93050,Taman Kandis,Kuching,Sarawak
93050,Taman Kenanga,Kuching,Sarawak
93050,Taman Kopidim,Kuching,Sarawak
93050,"Taman Kopodim, Jalan Matang",Kuching,Sarawak
93050,Taman Kubah Jaya,Kuching,Sarawak
93050,Taman Lake Side Jalan Sultan Tengah,Kuching,Sarawak
93050,Taman Larender,Kuching,Sarawak
93050,Taman Layang - Layang,Kuching,Sarawak
93050,Taman Lebunda,Kuching,Sarawak
93050,Taman Lee Ling,Kuching,Sarawak
93050,Taman Long Seng,Kuching,Sarawak
93050,Taman Madehi,Kuching,Sarawak
93050,Taman Makmur,Kuching,Sarawak
93050,Taman Malihah Jaya,Kuching,Sarawak
93050,Taman Malihah,Kuching,Sarawak
93050,Taman Mastura,Kuching,Sarawak
93050,Taman Matang Avenue Jalan Matang,Kuching,Sarawak
93050,Taman Matang Baru,Kuching,Sarawak
93050,Taman Matang Height,Kuching,Sarawak
93050,Taman Matang Indah Jalan Matang,Kuching,Sarawak
93050,Taman Matang Jaya,Kuching,Sarawak
93050,Taman Mawar,Kuching,Sarawak
93050,Taman Melati,Kuching,Sarawak
93050,Taman Monah,Kuching,Sarawak
93050,Taman Muhibbah,Kuching,Sarawak
93050,Taman Murni,Kuching,Sarawak
93050,Taman Nestle Jalan Bakti,Kuching,Sarawak
93050,Taman Norjesnita,Kuching,Sarawak
93050,Taman Orchidwood,Kuching,Sarawak
93050,Taman Palma Indah,Kuching,Sarawak
93050,Taman Pandan Jaya,Kuching,Sarawak
93050,Taman Peaceful,Kuching,Sarawak
93050,Taman Pearl,Kuching,Sarawak
93050,Taman Peony,Kuching,Sarawak
93050,Taman PJ Heights,Kuching,Sarawak
93050,Taman PRC,Kuching,Sarawak
93050,Taman Puteri (Fasa 1 - 3),Kuching,Sarawak
93050,Taman Puteri,Kuching,Sarawak
93050,Taman Rafia,Kuching,Sarawak
93050,Taman Rasa Jaya,Kuching,Sarawak
93050,Taman Rasa Makmur,Kuching,Sarawak
93050,Taman Rassnorm,Kuching,Sarawak
93050,Taman Regent (Petra Jaya),Kuching,Sarawak
93050,Taman Riverview,Kuching,Sarawak
93050,Taman Rose,Kuching,Sarawak
93050,Taman Ruhaya,Kuching,Sarawak
93050,Taman S.K. Liew Jalan Batu Kawa - Matang,Kuching,Sarawak
93050,Taman Sajoli,Kuching,Sarawak
93050,Taman Salma,Kuching,Sarawak
93050,Taman Sebah Height,Kuching,Sarawak
93050,Taman Sejijak,Kuching,Sarawak
93050,Taman Selasih Jalan Cenderawasih Lorong 1A,Kuching,Sarawak
93050,Taman Semariang Aman,Kuching,Sarawak
93050,Taman Sepakat Jaya,Kuching,Sarawak
93050,Taman Sepawie,Kuching,Sarawak
93050,Taman Seri Kandis,Kuching,Sarawak
93050,Taman Seri Semerah Padi,Kuching,Sarawak
93050,Taman Seri Sena,Kuching,Sarawak
93050,Taman Seri Usang,Kuching,Sarawak
93050,Taman Serira,Kuching,Sarawak
93050,Taman Setia,Kuching,Sarawak
93050,Taman Sheikh Ismail,Kuching,Sarawak
93050,Taman Sinar Serapi,Kuching,Sarawak
93050,Taman Sonia,Kuching,Sarawak
93050,Taman Sourabaya Indah,Kuching,Sarawak
93050,Taman Sri Jaya,Kuching,Sarawak
93050,Taman Sri Makmur,Kuching,Sarawak
93050,Taman Sri Malihah 2,Kuching,Sarawak
93050,Taman Sri Matang,Kuching,Sarawak
93050,Taman Sri Melaga,Kuching,Sarawak
93050,Taman Sri Melati,Kuching,Sarawak
93050,Taman Sri Perkasa,Kuching,Sarawak
93050,Taman Sri Serapi,Kuching,Sarawak
93050,Taman Sri Wangi,Kuching,Sarawak
93050,Taman Sukma,Kuching,Sarawak
93050,Taman Surabaya,Kuching,Sarawak
93050,Taman Suria Jaya,Kuching,Sarawak
93050,Taman Syn Syn,Kuching,Sarawak
93050,Taman Tanjong,Kuching,Sarawak
93050,Taman Tatai Kumang,Kuching,Sarawak
93050,Taman Teratai,Kuching,Sarawak
93050,Taman Trinora,Kuching,Sarawak
93050,Taman Tupong Jaya,Kuching,Sarawak
93050,Taman Unique,Kuching,Sarawak
93050,Taman Wangi Indah Jalan Simpor,Kuching,Sarawak
93050,Taman Wangsa,Kuching,Sarawak
93050,Taman Wirajaya Jalan Bukit Siol,Kuching,Sarawak
93050,Taman Won Baru,Kuching,Sarawak
93050,Taman Won,Kuching,Sarawak
93050,Taman Wummas,Kuching,Sarawak
93050,Taman Yen Yen Park Jalan Matang,Kuching,Sarawak
93050,Taman Yen Yen,Kuching,Sarawak
93050,Tinggian Demak,Kuching,Sarawak
93050,Tupong Jaya Jalan Merdeka,Kuching,Sarawak
93100,Green Hill,Kuching,Sarawak
93100,Jalan Abell Utara,Kuching,Sarawak
93100,Jalan Abell,Kuching,Sarawak
93100,Jalan Ang Cheng Ho,Kuching,Sarawak
93100,Jalan Ban Hock Drive,Kuching,Sarawak
93100,Jalan Ban Hock,Kuching,Sarawak
93100,Jalan Blacksmith,Kuching,Sarawak
93100,Jalan Borneo,Kuching,Sarawak
93100,Jalan Bukit Mata,Kuching,Sarawak
93100,Jalan Central Garden,Kuching,Sarawak
93100,Jalan Chan Chin Ann,Kuching,Sarawak
93100,Jalan Deshon,Kuching,Sarawak
93100,Jalan Green Hill,Kuching,Sarawak
93100,Jalan Mathies,Kuching,Sarawak
93100,Jalan Nipah,Kuching,Sarawak
93100,Jalan Padungan Utara,Kuching,Sarawak
93100,Jalan Padungan,Kuching,Sarawak
93100,Jalan Petanak,Kuching,Sarawak
93100,Jalan Rumbia,Kuching,Sarawak
93100,Jalan Song Kheng Hai,Kuching,Sarawak
93100,Jalan Song Thian Cheok,Kuching,Sarawak
93100,Jalan Sungai Padungan,Kuching,Sarawak
93100,Jalan Tabuan (1 - 40),Kuching,Sarawak
93100,Jalan Temple,Kuching,Sarawak
93100,Jalan Tukang Besi,Kuching,Sarawak
93100,Jalan Tunku Abdul Rahman,Kuching,Sarawak
93100,KMC Terrace House,Kuching,Sarawak
93100,Padungan Arcade,Kuching,Sarawak
93100,Persiaran Lucky,Kuching,Sarawak
93100,Rumah Pangsa MPK,Kuching,Sarawak
93100,Taman Central,Kuching,Sarawak
93100,Taman Goodland,Kuching,Sarawak
93100,Taman Kereta,Kuching,Sarawak
93100,Taman Padungan,Kuching,Sarawak
93100,Taman Song Kheng Hai,Kuching,Sarawak
93100,Taman Sri Sarawak,Kuching,Sarawak
93100,Wisma Pheonix,Kuching,Sarawak
93150,Green Road,Kuching,Sarawak
93150,Jalan Angsana,Kuching,Sarawak
93150,Jalan Cross,Kuching,Sarawak
93150,Jalan Emerald,Kuching,Sarawak
93150,Jalan Gold Jade,Kuching,Sarawak
93150,Jalan Green,Kuching,Sarawak
93150,Jalan Intan,Kuching,Sarawak
93150,Jalan Jambu,Kuching,Sarawak
93150,Jalan Kapor Lorong 8,Kuching,Sarawak
93150,Jalan Kapor,Kuching,Sarawak
93150,Jalan Kepayang,Kuching,Sarawak
93150,Jalan Keretapi,Kuching,Sarawak
93150,Jalan Merdeka (Off Jalan Green),Kuching,Sarawak
93150,Jalan Ong Kee Hui,Kuching,Sarawak
93150,Jalan Pisang Barat,Kuching,Sarawak
93150,Jalan Poh Kwong Park,Kuching,Sarawak
93150,Jalan Sungai Maong Baru,Kuching,Sarawak
93150,Jalan Sungai Maong Hilir,Kuching,Sarawak
93150,Jalan Sungai Maong Hulu,Kuching,Sarawak
93150,Jalan Sungai Maong Tengah,Kuching,Sarawak
93150,Jalan Swee Joo Park,Kuching,Sarawak
93150,Kampung Sungai Maong,Kuching,Sarawak
93150,Lebuh Sockalingam,Kuching,Sarawak
93150,Lebuh Temple,Kuching,Sarawak
93150,Lorong Bintang,Kuching,Sarawak
93150,Lorong Bulan,Kuching,Sarawak
93150,Lorong Chu Su,Kuching,Sarawak
93150,Lorong Green 1,Kuching,Sarawak
93150,Lorong Kim Kiat,Kuching,Sarawak
93150,Lorong Kim Seng,Kuching,Sarawak
93150,Lorong Maleng,Kuching,Sarawak
93150,Lower Sungei Maong,Kuching,Sarawak
93150,Persiaran Crooke,Kuching,Sarawak
93150,Persiaran Rainbow,Kuching,Sarawak
93150,Persiaran St Paul,Kuching,Sarawak
93150,Sungai Maong Bharu,Kuching,Sarawak
93150,Sungai Maong Hilir,Kuching,Sarawak
93150,Sungai Maong Tengah,Kuching,Sarawak
93150,Taman Begawut,Kuching,Sarawak
93150,Taman Bigawa,Kuching,Sarawak
93150,Taman Charming,Kuching,Sarawak
93150,Taman Chin Siew,Kuching,Sarawak
93150,Taman Chong Hin,Kuching,Sarawak
93150,Taman Cloud,Kuching,Sarawak
93150,Taman Eastern,Kuching,Sarawak
93150,Taman Empire,Kuching,Sarawak
93150,Taman Exceller,Kuching,Sarawak
93150,Taman Federal,Kuching,Sarawak
93150,Taman Flourishing,Kuching,Sarawak
93150,Taman Hock Seng Lee,Kuching,Sarawak
93150,Taman Hongnion,Kuching,Sarawak
93150,Taman Hugrow,Kuching,Sarawak
93150,Taman Kapor,Kuching,Sarawak
93150,Taman Khee Moi,Kuching,Sarawak
93150,Taman King Dom,Kuching,Sarawak
93150,Taman Kingburg Home,Kuching,Sarawak
93150,Taman Kok Ban Hong,Kuching,Sarawak
93150,Taman Legendry Villa,Kuching,Sarawak
93150,Taman Lian Kwong,Kuching,Sarawak
93150,Taman Literature Villa,Kuching,Sarawak
93150,Taman Luxus,Kuching,Sarawak
93150,Taman Maong,Kuching,Sarawak
93150,Taman May Ling,Kuching,Sarawak
93150,Taman Mimpi,Kuching,Sarawak
93150,Taman Pauline,Kuching,Sarawak
93150,Taman Pigawa,Kuching,Sarawak
93150,Taman Pisang,Kuching,Sarawak
93150,Taman Poh Kwong,Kuching,Sarawak
93150,Taman Prince,Kuching,Sarawak
93150,Taman Regent (Sungai Maong Tengah),Kuching,Sarawak
93150,Taman Ros (Sungai Maong Tengah),Kuching,Sarawak
93150,Taman Ruby,Kuching,Sarawak
93150,Taman Sentiasa,Kuching,Sarawak
93150,Taman Sin Sin,Kuching,Sarawak
93150,Taman Sky,Kuching,Sarawak
93150,Taman Stapok Height,Kuching,Sarawak
93150,Taman Star,Kuching,Sarawak
93150,Taman Sungai Maong,Kuching,Sarawak
93150,Taman Sunrise,Kuching,Sarawak
93150,Taman Swee Joo,Kuching,Sarawak
93150,Taman Wee & Wee,Kuching,Sarawak
93200,Batu Lintang,Kuching,Sarawak
93200,Halaman Kim San,Kuching,Sarawak
93200,Jalan Bampfylde,Kuching,Sarawak
93200,Jalan Batu Kinyang,Kuching,Sarawak
93200,Jalan Batu Lintang,Kuching,Sarawak
93200,Jalan Bidayuh,Kuching,Sarawak
93200,Jalan Bisayah,Kuching,Sarawak
93200,Jalan Bukit Antu,Kuching,Sarawak
93200,Jalan Bukit Lintang,Kuching,Sarawak
93200,Jalan Bukitan,Kuching,Sarawak
93200,Jalan Chua Say Chat,Kuching,Sarawak
93200,Jalan Datin Wee Siew Eng,Kuching,Sarawak
93200,Jalan Datuk Hamdan,Kuching,Sarawak
93200,Jalan Dusun,Kuching,Sarawak
93200,Jalan Hua Joo,Kuching,Sarawak
93200,Jalan Keretapi (Batu 3),Kuching,Sarawak
93200,Jalan Kolej,Kuching,Sarawak
93200,Jalan Kumpang,Kuching,Sarawak
93200,Jalan Lintang Park,Kuching,Sarawak
93200,Jalan Lintang Selatan,Kuching,Sarawak
93200,Jalan Lowlands,Kuching,Sarawak
93200,Jalan Manggis,Kuching,Sarawak
93200,Jalan Mendu,Kuching,Sarawak
93200,Jalan Midland,Kuching,Sarawak
93200,Jalan Midlands,Kuching,Sarawak
93200,Jalan Nangka (Batu Lintang),Kuching,Sarawak
93200,Jalan Nyiur,Kuching,Sarawak
93200,Jalan Ong Hup Leong,Kuching,Sarawak
93200,Jalan Ong Tiang Swee,Kuching,Sarawak
93200,Jalan Ridgeway,Kuching,Sarawak
93200,Jalan Rock,Kuching,Sarawak
93200,Jalan Rockview,Kuching,Sarawak
93200,Jalan Simpang Tiga,Kuching,Sarawak
93200,Jalan Tabuan (41 & Ke Atas),Kuching,Sarawak
93200,Jalan Tai Tshin Jar,Kuching,Sarawak
93200,Jalan Thian Guan,Kuching,Sarawak
93200,Jalan Tong Wei Tah,Kuching,Sarawak
93200,Jalan Tun Ahmad Zaidi Adruce,Kuching,Sarawak
93200,Jalan Wee Boon Ping,Kuching,Sarawak
93200,Jalan Wee Seng Goon,Kuching,Sarawak
93200,Kampung Simpang Tiga Jalan Mendu,Kuching,Sarawak
93200,Kampung Simpang Tiga,Kuching,Sarawak
93200,Kim San Court,Kuching,Sarawak
93200,Laman Bong Chin,Kuching,Sarawak
93200,Laman Rock,Kuching,Sarawak
93200,Lintang Heights,Kuching,Sarawak
93200,Lorong 1 - 3 Jalan Mendu,Kuching,Sarawak
93200,Lorong Batu Bata,Kuching,Sarawak
93200,Lorong Batu,Kuching,Sarawak
93200,Lorong Karangan,Kuching,Sarawak
93200,Lorong Kelikir,Kuching,Sarawak
93200,Lorong Pasir,Kuching,Sarawak
93200,Lorong Permata,Kuching,Sarawak
93200,Lorong Rock Terrace,Kuching,Sarawak
93200,Lorong Rock,Kuching,Sarawak
93200,Lorong Tabuan Timur,Kuching,Sarawak
93200,Lorong Tabuan,Kuching,Sarawak
93200,Pasar Batu 3 Jalan Rock,Kuching,Sarawak
93200,Pekan Batu 3,Kuching,Sarawak
93200,Rock Terrace,Kuching,Sarawak
93200,Sunny Estate,Kuching,Sarawak
93200,Taman Acme,Kuching,Sarawak
93200,Taman Bong Chin,Kuching,Sarawak
93200,Taman Bunga Teratai (Batu Lintang),Kuching,Sarawak
93200,Taman Central (Jalan Rock),Kuching,Sarawak
93200,Taman Dunwa,Kuching,Sarawak
93200,Taman Gan Swee Cho,Kuching,Sarawak
93200,Taman Ho San,Kuching,Sarawak
93200,Taman Hua Joo,Kuching,Sarawak
93200,Taman Hwata,Kuching,Sarawak
93200,Taman Intersar,Kuching,Sarawak
93200,Taman Iris,Kuching,Sarawak
93200,Taman Kelly,Kuching,Sarawak
93200,Taman Kim San,Kuching,Sarawak
93200,Taman Lintang,Kuching,Sarawak
93200,Taman Liong Seng,Kuching,Sarawak
93200,Taman Meng Meng,Kuching,Sarawak
93200,Taman Merlin,Kuching,Sarawak
93200,Taman Min Chu,Kuching,Sarawak
93200,Taman Ong Guan Tee,Kuching,Sarawak
93200,Taman Ridge,Kuching,Sarawak
93200,Taman Rock View,Kuching,Sarawak
93200,Taman Sentiasa,Kuching,Sarawak
93200,Taman Sun Valley,Kuching,Sarawak
93200,Taman Thian Guan,Kuching,Sarawak
93200,Taman Timberland,Kuching,Sarawak
93200,Taman Westwood,Kuching,Sarawak
93200,Taman Wingli,Kuching,Sarawak
93200,Third Miles Bazaar,Kuching,Sarawak
93250,Batu Kawa Commercial Centre,Kuching,Sarawak
93250,Industrial Area Jalan Kuching/Serian Batu 13,Kuching,Sarawak
93250,Jalan Arang Barat,Kuching,Sarawak
93250,Jalan Arang,Kuching,Sarawak
93250,Jalan Batu Kawa - Matang,Kuching,Sarawak
93250,Jalan Batu Kawa Lorong 3,Kuching,Sarawak
93250,Jalan Batu Kawa,Kuching,Sarawak
93250,Jalan Batu Kawa/ Tondong,Kuching,Sarawak
93250,Jalan Batu Kawa/Bau,Kuching,Sarawak
93250,Jalan Batu Kitang,Kuching,Sarawak
93250,Jalan Bayan,Kuching,Sarawak
93250,Jalan Bengang,Kuching,Sarawak
93250,Jalan Benggang,Kuching,Sarawak
93250,Jalan Bukit Cahaya,Kuching,Sarawak
93250,Jalan Burung Bunga Api,Kuching,Sarawak
93250,Jalan Burung Kawok,Kuching,Sarawak
93250,Jalan Burung Landas,Kuching,Sarawak
93250,Jalan Burung Lilin,Kuching,Sarawak
93250,Jalan Burung Rawa,Kuching,Sarawak
93250,Jalan Chaya Batu 3,Kuching,Sarawak
93250,Jalan Chong Jing Chong,Kuching,Sarawak
93250,Jalan Datok Tawi Sli,Kuching,Sarawak
93250,Jalan Datuk Mustapha,Kuching,Sarawak
93250,Jalan Datuk Stephen Yong,Kuching,Sarawak
93250,Jalan Dogan Arang,Kuching,Sarawak
93250,Jalan Dogan,Kuching,Sarawak
93250,Jalan Embok Tanah,Kuching,Sarawak
93250,Jalan Ensing,Kuching,Sarawak
93250,Jalan Golden Farm,Kuching,Sarawak
93250,Jalan Hup Kee,Kuching,Sarawak
93250,Jalan Kampung Kuap Batu 10,Kuching,Sarawak
93250,Jalan Kangking,Kuching,Sarawak
93250,Jalan Kangkok,Kuching,Sarawak
93250,Jalan Ketek,Kuching,Sarawak
93250,Jalan Ketitir,Kuching,Sarawak
93250,Jalan Kong Ping,Kuching,Sarawak
93250,Jalan Kopua,Kuching,Sarawak
93250,Jalan Kuching - Serian (23 KM),Kuching,Sarawak
93250,Jalan Kunchit,Kuching,Sarawak
93250,Jalan Landeh,Kuching,Sarawak
93250,Jalan Lapangan Terbang Lama,Kuching,Sarawak
93250,Jalan Lapangan Terbang Lrg 2 & 4,Kuching,Sarawak
93250,Jalan Meng Chong,Kuching,Sarawak
93250,Jalan Minggi,Kuching,Sarawak
93250,Jalan Penrissen (6 - 24 KM),Kuching,Sarawak
93250,Jalan Penrissen Lama,Kuching,Sarawak
93250,Jalan Puncak Borneo Km. 18 - 20,Kuching,Sarawak
93250,Jalan Semeba,Kuching,Sarawak
93250,Jalan Semenggok,Kuching,Sarawak
93250,Jalan Sg Tapang Batu 7 - 7 1/2th,Kuching,Sarawak
93250,Jalan Stakan,Kuching,Sarawak
93250,Jalan Stampin Tengah,Kuching,Sarawak
93250,Jalan Stapok,Kuching,Sarawak
93250,Jalan Stephen Kalong Ningkan,Kuching,Sarawak
93250,Jalan Stephen Yong,Kuching,Sarawak
93250,Jalan Tawi Seli,Kuching,Sarawak
93250,Kampung Batu Kitang,Kuching,Sarawak
93250,Kampung Bumbok,Kuching,Sarawak
93250,Kampung Haji Baki,Kuching,Sarawak
93250,Kampung Jawa Semenggok,Kuching,Sarawak
93250,Kampung Jawa,Kuching,Sarawak
93250,Kampung Sandong,Kuching,Sarawak
93250,Kampung Segedup Jalan Segedup,Kuching,Sarawak
93250,Kampung Semeba Jalan Semeba,Kuching,Sarawak
93250,Kampung Seri Arjuna,Kuching,Sarawak
93250,Kampung Sinar Budi,Kuching,Sarawak
93250,Kampung Stapok Cina,Kuching,Sarawak
93250,Kampung Stapok,Kuching,Sarawak
93250,Kampung Tematu Jalan Batu Kitang,Kuching,Sarawak
93250,"Kampung Tematu, Jalan Batu Kitang",Kuching,Sarawak
93250,Lapangan Terbang Antarabangsa Kuching,Kuching,Sarawak
93250,Lorong 1 (Batu Kawa),Kuching,Sarawak
93250,Lorong 2 (Batu Kawa),Kuching,Sarawak
93250,Lorong 3 (Batu Kawa),Kuching,Sarawak
93250,MJC Apartment & Condo Jalan Batu Kawa,Kuching,Sarawak
93250,MJC Commercial Centre Jalan Batu Kawa,Kuching,Sarawak
93250,Pasar Batu 10 (Jalan Penrissen),Kuching,Sarawak
93250,Pasar Batu 7 (Jalan Penrissen),Kuching,Sarawak
93250,Pasar Batu Kitang (11 KM),Kuching,Sarawak
93250,Pasar Batu Kitang,Kuching,Sarawak
93250,Pengkalan Baru,Kuching,Sarawak
93250,Persiaran Kingsway,Kuching,Sarawak
93250,Resettlement Scheme Kampung Jawa,Kuching,Sarawak
93250,Resettlement Scheme Stapok,Kuching,Sarawak
93250,Seventh Mile Bazaar,Kuching,Sarawak
93250,Taman Ann Siang,Kuching,Sarawak
93250,Taman Arang,Kuching,Sarawak
93250,Taman Aromatic,Kuching,Sarawak
93250,Taman Batu 12 Jalan Kuching/Serian Batu 12,Kuching,Sarawak
93250,Taman Batu 9,Kuching,Sarawak
93250,Taman Batu Kawa Heights,Kuching,Sarawak
93250,Taman Beautiful Jalan Field Force,Kuching,Sarawak
93250,Taman Beauty,Kuching,Sarawak
93250,Taman Bengoh,Kuching,Sarawak
93250,Taman Berjaya Jalan Kalong Ningkan,Kuching,Sarawak
93250,Taman Berjaya,Kuching,Sarawak
93250,Taman BJ,Kuching,Sarawak
93250,Taman Blessed Jalan Stapok Utara,Kuching,Sarawak
93250,Taman Bolder Built,Kuching,Sarawak
93250,Taman Brilliance,Kuching,Sarawak
93250,Taman Budi Jasa,Kuching,Sarawak
93250,Taman Buditra Jaya,Kuching,Sarawak
93250,Taman Bukit Stampin,Kuching,Sarawak
93250,Taman Bumiko,Kuching,Sarawak
93250,Taman Capital,Kuching,Sarawak
93250,Taman Carina Estate,Kuching,Sarawak
93250,Taman Cavery Jalan Kuching/Serian Batu 12,Kuching,Sarawak
93250,Taman Chai Yii,Kuching,Sarawak
93250,Taman Chia Teng Chew,Kuching,Sarawak
93250,Taman Chong Kong,Kuching,Sarawak
93250,Taman Chong,Kuching,Sarawak
93250,Taman Chuan Liaw Jalan Stakan Batu 7 1/2,Kuching,Sarawak
93250,Taman Chung Nion,Kuching,Sarawak
93250,Taman Cinmuk,Kuching,Sarawak
93250,Taman Contemporary,Kuching,Sarawak
93250,Taman Coral,Kuching,Sarawak
93250,Taman Country Hill,Kuching,Sarawak
93250,Taman Country Vale,Kuching,Sarawak
93250,Taman Cuaca,Kuching,Sarawak
93250,Taman Damansara,Kuching,Sarawak
93250,Taman Desa Moyan,Kuching,Sarawak
93250,Taman Desa Wira,Kuching,Sarawak
93250,Taman Dogan Jalan Dogan,Kuching,Sarawak
93250,Taman East Height,Kuching,Sarawak
93250,Taman Eden Field,Kuching,Sarawak
93250,Taman Eligen Villa Jalan Stapok Utara,Kuching,Sarawak
93250,Taman Emas,Kuching,Sarawak
93250,Taman Everbright Estate (Batu Kawa),Kuching,Sarawak
93250,Taman Everbright Park,Kuching,Sarawak
93250,Taman Fairview Height,Kuching,Sarawak
93250,Taman Fairyland Jalan Kuching/Serian Batu 12,Kuching,Sarawak
93250,Taman Flora Indah Jalan Arang,Kuching,Sarawak
93250,Taman Fook Nyen,Kuching,Sarawak
93250,Taman Fuyi,Kuching,Sarawak
93250,Taman Genesis,Kuching,Sarawak
93250,Taman Golden View Jalan Puncak Borneo,Kuching,Sarawak
93250,Taman Grace,Kuching,Sarawak
93250,Taman Green Heights,Kuching,Sarawak
93250,Taman Green Ville,Kuching,Sarawak
93250,Taman Greenhill,Kuching,Sarawak
93250,Taman Greenland Villa,Kuching,Sarawak
93250,Taman Greenvilla,Kuching,Sarawak
93250,Taman Greenwood Park,Kuching,Sarawak
93250,Taman Haji Baki,Kuching,Sarawak
93250,Taman HDC (RPR Batu 12),Kuching,Sarawak
93250,Taman HDC (RPR Batu Kawa),Kuching,Sarawak
93250,Taman High Field Jalan Batu Kawa,Kuching,Sarawak
93250,Taman Hin Yu,Kuching,Sarawak
93250,Taman Hock Nion,Kuching,Sarawak
93250,Taman Hoi Lee,Kuching,Sarawak
93250,Taman Home Mart,Kuching,Sarawak
93250,Taman Home Park,Kuching,Sarawak
93250,Taman Hong Hong,Kuching,Sarawak
93250,Taman Hong Leong,Kuching,Sarawak
93250,Taman How Ching,Kuching,Sarawak
93250,Taman Hua Ling,Kuching,Sarawak
93250,Taman Hua Yan,Kuching,Sarawak
93250,Taman Iddylick,Kuching,Sarawak
93250,Taman Indah Height,Kuching,Sarawak
93250,Taman Indah Jaya,Kuching,Sarawak
93250,Taman Indah Landeh,Kuching,Sarawak
93250,Taman Indah Ria,Kuching,Sarawak
93250,Taman Ing Ling Jalan Kuching/Serian Batu 12,Kuching,Sarawak
93250,Taman Inspire,Kuching,Sarawak
93250,Taman Janting,Kuching,Sarawak
93250,Taman Kalien Fasa 1 - 6 Jalan Stakan Batu 7 1/2,Kuching,Sarawak
93250,Taman Ketika,Kuching,Sarawak
93250,Taman Khua Hua,Kuching,Sarawak
93250,Taman Kim Lee Jalan Semaba Lorong 9,Kuching,Sarawak
93250,Taman Kim Lee,Kuching,Sarawak
93250,Taman Kim Pang,Kuching,Sarawak
93250,Taman Kit Fah,Kuching,Sarawak
93250,Taman Kong Ping Height,Kuching,Sarawak
93250,Taman Kong Ping,Kuching,Sarawak
93250,Taman Kota Padawan,Kuching,Sarawak
93250,Taman Kuap,Kuching,Sarawak
93250,Taman Kwong Tiong,Kuching,Sarawak
93250,Taman Lai - Lai,Kuching,Sarawak
93250,Taman Landeh,Kuching,Sarawak
93250,Taman Lee Onn,Kuching,Sarawak
93250,Taman Lian Hua,Kuching,Sarawak
93250,Taman Lian Kwang,Kuching,Sarawak
93250,Taman Lilok,Kuching,Sarawak
93250,Taman Lok Thiam,Kuching,Sarawak
93250,Taman Lovely Land,Kuching,Sarawak
93250,Taman Lucky Hill Jalan Penrissen Batu 10,Kuching,Sarawak
93250,Taman Lung Foo,Kuching,Sarawak
93250,Taman Mawar (Jalan Arang),Kuching,Sarawak
93250,Taman Megajuta,Kuching,Sarawak
93250,Taman Mei Lee,Kuching,Sarawak
93250,Taman Metro,Kuching,Sarawak
93250,Taman Mewah,Kuching,Sarawak
93250,Taman Millinium,Kuching,Sarawak
93250,Taman MJC Mutiara,Kuching,Sarawak
93250,Taman Moyan Height,Kuching,Sarawak
93250,Taman Moyan Utama,Kuching,Sarawak
93250,Taman Mulbery,Kuching,Sarawak
93250,Taman Nam Hoi,Kuching,Sarawak
93250,Taman Nan Chi,Kuching,Sarawak
93250,Taman Olive,Kuching,Sarawak
93250,Taman Orchid (Jalan Arang Bara),Kuching,Sarawak
93250,Taman Paradise,Kuching,Sarawak
93250,Taman Parkview,Kuching,Sarawak
93250,Taman Pearl,Kuching,Sarawak
93250,Taman Pek Seng,Kuching,Sarawak
93250,Taman Penrissen,Kuching,Sarawak
93250,Taman Phoenix,Kuching,Sarawak
93250,Taman Princess,Kuching,Sarawak
93250,Taman Punica,Kuching,Sarawak
93250,Taman Putera Park,Kuching,Sarawak
93250,Taman Ramin Jalan Arang,Kuching,Sarawak
93250,Taman Range,Kuching,Sarawak
93250,Taman Regal,Kuching,Sarawak
93250,Taman Renggas Estate,Kuching,Sarawak
93250,Taman Richmond Hill,Kuching,Sarawak
93250,Taman Rimba Stapok,Kuching,Sarawak
93250,Taman Royal,Kuching,Sarawak
93250,Taman Saidu Khan,Kuching,Sarawak
93250,Taman Sakura Indah,Kuching,Sarawak
93250,Taman San Chin,Kuching,Sarawak
93250,Taman Sarmax,Kuching,Sarawak
93250,Taman Sasa,Kuching,Sarawak
93250,Taman Sati,Kuching,Sarawak
93250,Taman Sedegup Height,Kuching,Sarawak
93250,Taman Semaba Jalan Semaba Lorong 8,Kuching,Sarawak
93250,Taman Seng Goon,Kuching,Sarawak
93250,Taman Sentosa,Kuching,Sarawak
93250,Taman Seri Emas,Kuching,Sarawak
93250,Taman Shefford View,Kuching,Sarawak
93250,Taman Shing Yu,Kuching,Sarawak
93250,Taman Siwi,Kuching,Sarawak
93250,Taman Spring Field,Kuching,Sarawak
93250,Taman Sri Borneo,Kuching,Sarawak
93250,Taman Sri Cahaya,Kuching,Sarawak
93250,Taman Sri Moyan,Kuching,Sarawak
93250,Taman Sri Muhibbah,Kuching,Sarawak
93250,Taman Sri Segedup,Kuching,Sarawak
93250,Taman Stapok Avenue Jalan Stapok,Kuching,Sarawak
93250,Taman Stapok Central Jalan Stapok Central,Kuching,Sarawak
93250,Taman Stapok Estate Jalan Stapok Selatan,Kuching,Sarawak
93250,Taman Stapok Height Jalan Stapok Selatan,Kuching,Sarawak
93250,Taman Stapok Height Jalan Stapok Utara,Kuching,Sarawak
93250,Taman Stapok,Kuching,Sarawak
93250,Taman STC,Kuching,Sarawak
93250,Taman Stella,Kuching,Sarawak
93250,Taman Stephen Yong Avenue,Kuching,Sarawak
93250,Taman Summerhill Villa Jalan Stapok Selatan,Kuching,Sarawak
93250,Taman Sunny Heights,Kuching,Sarawak
93250,Taman Sunny Hill,Kuching,Sarawak
93250,Taman Sunyeh,Kuching,Sarawak
93250,Taman Taipei,Kuching,Sarawak
93250,Taman Tiang Ling,Kuching,Sarawak
93250,Taman TJM,Kuching,Sarawak
93250,Taman Tropimas,Kuching,Sarawak
93250,Taman Ultra,Kuching,Sarawak
93250,Taman Union,Kuching,Sarawak
93250,Taman Victoria Jalan Satpok Utama,Kuching,Sarawak
93250,Taman Victoria,Kuching,Sarawak
93250,Taman Victory,Kuching,Sarawak
93250,Taman Wai Leong,Kuching,Sarawak
93250,Taman Wawasan,Kuching,Sarawak
93250,Taman WEC,Kuching,Sarawak
93250,Taman Wepac,Kuching,Sarawak
93250,Taman Wui Lee,Kuching,Sarawak
93250,Taman Xafa Jalan Penrissen Batu 7 1/2,Kuching,Sarawak
93250,Tenth Mile Bazaar,Kuching,Sarawak
93300,Jalan Berjaya,Kuching,Sarawak
93300,Jalan Cahaya,Kuching,Sarawak
93300,Jalan Central Barat,Kuching,Sarawak
93300,Jalan Central Esat/Ellis,Kuching,Sarawak
93300,Jalan Central Timur,Kuching,Sarawak
93300,Jalan Chawan Hulu,Kuching,Sarawak
93300,Jalan Chawan,Kuching,Sarawak
93300,Jalan Chong Kiun Kong,Kuching,Sarawak
93300,Jalan Datuk Bandar,Kuching,Sarawak
93300,Jalan Datuk Sim Kheng Hong,Kuching,Sarawak
93300,Jalan Ellis,Kuching,Sarawak
93300,Jalan Foochow 1,Kuching,Sarawak
93300,Jalan Foochow 2,Kuching,Sarawak
93300,Jalan Foochow Barat,Kuching,Sarawak
93300,Jalan Kuek Siok Hong,Kuching,Sarawak
93300,Jalan Ming Ching,Kuching,Sarawak
93300,Jalan Nyatoh,Kuching,Sarawak
93300,Jalan Parklane,Kuching,Sarawak
93300,Jalan Penyau,Kuching,Sarawak
93300,Jalan Rengas,Kuching,Sarawak
93300,Jalan Resak,Kuching,Sarawak
93300,Jalan Sekama Utara,Kuching,Sarawak
93300,Jalan Sekama,Kuching,Sarawak
93300,Jalan Sekama/Pending,Kuching,Sarawak
93300,Jalan Sinar,Kuching,Sarawak
93300,Jalan Suadi Haji Arshad,Kuching,Sarawak
93300,Jalan Tai Poo,Kuching,Sarawak
93300,Jalan Upper Chawan,Kuching,Sarawak
93300,Jalan Wan Abdul Rahman,Kuching,Sarawak
93300,Kampung Tabuan Foochow Jalan Foochow No. 1,Kuching,Sarawak
93300,Kuching By Pass (Foochow),Kuching,Sarawak
93300,Lebuh Sekama,Kuching,Sarawak
93300,Lorong Goh Meng Teck,Kuching,Sarawak
93300,Lorong Park,Kuching,Sarawak
93300,Sekama Utara,Kuching,Sarawak
93300,Tabuan Ulu Chawan Cina,Kuching,Sarawak
93300,Taman Chung Hua,Kuching,Sarawak
93300,Taman Dirgahayu,Kuching,Sarawak
93300,Taman Fushing,Kuching,Sarawak
93300,Taman Futee,Kuching,Sarawak
93300,Taman Hawaii,Kuching,Sarawak
93300,Taman Joo Chuan (Jalan Ellis),Kuching,Sarawak
93300,Taman Kali,Kuching,Sarawak
93300,Taman Kenyalang,Kuching,Sarawak
93300,Taman Kim Fook,Kuching,Sarawak
93300,Taman Kuching,Kuching,Sarawak
93300,Taman Lein Kun,Kuching,Sarawak
93300,Taman Mei Teck,Kuching,Sarawak
93300,Taman Orchid Jalan Foochow No. 1,Kuching,Sarawak
93300,Taman Pecky,Kuching,Sarawak
93300,Taman Poh Hua,Kuching,Sarawak
93300,Taman Poh Ming,Kuching,Sarawak
93300,Taman Sin Juak,Kuching,Sarawak
93300,Taman Sung Hong,Kuching,Sarawak
93300,Taman Supreme,Kuching,Sarawak
93300,Taman Tabuan Supreme,Kuching,Sarawak
93300,Taman Three Hill,Kuching,Sarawak
93300,Taman Tungshi,Kuching,Sarawak
93300,Taman Yung Kong,Kuching,Sarawak
93350,Happy Valley,Kuching,Sarawak
93350,Hui Sing Heights,Kuching,Sarawak
93350,Jalan Bayor Bukit,Kuching,Sarawak
93350,Jalan Bintangor,Kuching,Sarawak
93350,Jalan Durian Burong,Kuching,Sarawak
93350,Jalan Geronggang,Kuching,Sarawak
93350,Jalan Hui Sing,Kuching,Sarawak
93350,Jalan Jelutong,Kuching,Sarawak
93350,Jalan Kedandi 11,Kuching,Sarawak
93350,Jalan Kedandi 14,Kuching,Sarawak
93350,Jalan Kempas,Kuching,Sarawak
93350,Jalan Kenny Hill,Kuching,Sarawak
93350,Jalan Keranji 1 - 6,Kuching,Sarawak
93350,Jalan Kruak,Kuching,Sarawak
93350,Jalan Laksamana Cheng Ho,Kuching,Sarawak
93350,Jalan Luis,Kuching,Sarawak
93350,Jalan Muara Tabuan,Kuching,Sarawak
93350,Jalan Murut,Kuching,Sarawak
93350,Jalan Seladah,Kuching,Sarawak
93350,Jalan Setia Raja,Kuching,Sarawak
93350,Jalan Sherip Mansor,Kuching,Sarawak
93350,Jalan Simpang Tiga (Main Road),Kuching,Sarawak
93350,Jalan Song,Kuching,Sarawak
93350,Jalan Stampin Barat,Kuching,Sarawak
93350,Jalan Stampin Timur,Kuching,Sarawak
93350,Jalan Stampin,Kuching,Sarawak
93350,Jalan Stutong Indah,Kuching,Sarawak
93350,Jalan Stutong Jaya,Kuching,Sarawak
93350,Jalan Tabuan Dayak,Kuching,Sarawak
93350,Jalan Tabuan Jaya,Kuching,Sarawak
93350,Jalan Temenggong Jugah,Kuching,Sarawak
93350,Jalan Tun Jugah,Kuching,Sarawak
93350,Jalan Upland,Kuching,Sarawak
93350,Jalan Urat Mata,Kuching,Sarawak
93350,Jalan Wan Alwi Tunku Ibrahim,Kuching,Sarawak
93350,Jalan Wan Alwi,Kuching,Sarawak
93350,Kampung Stampin,Kuching,Sarawak
93350,Kampung Tabuan Dayak,Kuching,Sarawak
93350,Kampung Tabuan Jaya,Kuching,Sarawak
93350,Kuching By Pass (7 KM),Kuching,Sarawak
93350,Kuching By Pass Stampin,Kuching,Sarawak
93350,Lorong Wan Alwi 5,Kuching,Sarawak
93350,Muara Tabuan Industrial Free Zone,Kuching,Sarawak
93350,Resettlement Schme Stutong,Kuching,Sarawak
93350,"Samajaya Appartment, Jalan Setia Raja",Kuching,Sarawak
93350,"Samajaya Comercial Centre, Jalan Setia Raja",Kuching,Sarawak
93350,Stutong Affordable Scheme (Fasa 1 - 2),Kuching,Sarawak
93350,Tabuan Court Jalan Song,Kuching,Sarawak
93350,Tabuan Dayak,Kuching,Sarawak
93350,Tabuan Dusun Tengah,Kuching,Sarawak
93350,Tabuan Dusun,Kuching,Sarawak
93350,Tabuan Heights,Kuching,Sarawak
93350,Tabuan Jaya Tengah,Kuching,Sarawak
93350,Tabuan Jaya,Kuching,Sarawak
93350,Tabuan Lalang,Kuching,Sarawak
93350,Tabuan Stutong Jalan Setia Raja,Kuching,Sarawak
93350,Taman 7th Avenue Jalan Durian Burung,Kuching,Sarawak
93350,"Taman Bahagia, Jalan Stampin",Kuching,Sarawak
93350,Taman Bayang Estate,Kuching,Sarawak
93350,Taman Bayang,Kuching,Sarawak
93350,Taman BDC Stampin,Kuching,Sarawak
93350,Taman BDC,Kuching,Sarawak
93350,Taman Beverly Heights,Kuching,Sarawak
93350,Taman Bintang,Kuching,Sarawak
93350,Taman Casamarbela,Kuching,Sarawak
93350,Taman Cemerlang,Kuching,Sarawak
93350,Taman Centurion 1,Kuching,Sarawak
93350,Taman Centurion 2,Kuching,Sarawak
93350,Taman Cinta Avenue,Kuching,Sarawak
93350,Taman Daya,Kuching,Sarawak
93350,Taman Desa Indah,Kuching,Sarawak
93350,Taman Desa Utara,Kuching,Sarawak
93350,Taman Durian Burung Jalan Durian Burung,Kuching,Sarawak
93350,Taman Esco Ville,Kuching,Sarawak
93350,Taman Everbright Jaya,Kuching,Sarawak
93350,Taman Fortune,Kuching,Sarawak
93350,Taman Gan Swee,Kuching,Sarawak
93350,Taman Gawing,Kuching,Sarawak
93350,Taman Golden Height Lorong Hui Sing 6,Kuching,Sarawak
93350,Taman Happy Valley,Kuching,Sarawak
93350,Taman Hartawan,Kuching,Sarawak
93350,Taman Height Estate Jalan Stutong,Kuching,Sarawak
93350,"Taman Height Estate, Jalan Stutong",Kuching,Sarawak
93350,Taman Hua Lee,Kuching,Sarawak
93350,Taman Hui Sing Close,Kuching,Sarawak
93350,Taman Hui Sing Height,Kuching,Sarawak
93350,Taman Hui Sing Jaya,Kuching,Sarawak
93350,Taman Hui Sing,Kuching,Sarawak
93350,Taman Jade Villa Jalan Lapangan Terbang 5,Kuching,Sarawak
93350,Taman Jelita,Kuching,Sarawak
93350,Taman Julemas,Kuching,Sarawak
93350,Taman Jupit,Kuching,Sarawak
93350,Taman Kenny Hill,Kuching,Sarawak
93350,Taman Kenny,Kuching,Sarawak
93350,Taman Lee Ling (Song),Kuching,Sarawak
93350,Taman Legend Hill,Kuching,Sarawak
93350,Taman Linang Suboh,Kuching,Sarawak
93350,Taman Linang,Kuching,Sarawak
93350,Taman Mabel,Kuching,Sarawak
93350,Taman Major,Kuching,Sarawak
93350,Taman Marble,Kuching,Sarawak
93350,Taman Meranja,Kuching,Sarawak
93350,Taman Mersing,Kuching,Sarawak
93350,"Taman Million, Jalan Kempas",Kuching,Sarawak
93350,Taman Muara Tabuan,Kuching,Sarawak
93350,Taman Mutiara Permai,Kuching,Sarawak
93350,Taman Opulence,Kuching,Sarawak
93350,Taman Orchard,Kuching,Sarawak
93350,Taman Pelita Height Jalan BDC,Kuching,Sarawak
93350,Taman Phoning,Kuching,Sarawak
93350,Taman Pinery Villa,Kuching,Sarawak
93350,Taman Polarwood Lorong 5H5,Kuching,Sarawak
93350,Taman Progress,Kuching,Sarawak
93350,Taman Rosewood,Kuching,Sarawak
93350,Taman Satria Jaya,Kuching,Sarawak
93350,Taman Scenery Villa,Kuching,Sarawak
93350,Taman Sherip Mansor,Kuching,Sarawak
93350,Taman Sin Hai Min 1,Kuching,Sarawak
93350,Taman Sin Hai Min 2,Kuching,Sarawak
93350,Taman Sin Hai Min,Kuching,Sarawak
93350,Taman Sri Stutong Jalan Setia Raja,Kuching,Sarawak
93350,Taman Stampin Barat,Kuching,Sarawak
93350,Taman Stampin Heights,Kuching,Sarawak
93350,Taman Stutong Avenue,Kuching,Sarawak
93350,Taman Suboh,Kuching,Sarawak
93350,Taman Swee Lee,Kuching,Sarawak
93350,Taman Tabuan Desa,Kuching,Sarawak
93350,Taman Tabuan Dusun,Kuching,Sarawak
93350,"Taman Tabuan Height Boulevard, Jalan Stutong",Kuching,Sarawak
93350,"Taman Tabuan Height Drive, Jalan Stutong",Kuching,Sarawak
93350,Taman Tabuan Jaya 1 & 2,Kuching,Sarawak
93350,Taman Tabuan Jaya,Kuching,Sarawak
93350,Taman Tabuan Laru,Kuching,Sarawak
93350,Taman Woodland,Kuching,Sarawak
93350,Taman Yet Ho,Kuching,Sarawak
93350,Uplands (Deret Kedai),Kuching,Sarawak
93400,Jalan Abang Ateh,Kuching,Sarawak
93400,Jalan Abong Taip,Kuching,Sarawak
93400,Jalan Bintangor Besar,Kuching,Sarawak
93400,Jalan Bintangor Kecil,Kuching,Sarawak
93400,Jalan Bolhassan,Kuching,Sarawak
93400,Jalan Dagok Barat,Kuching,Sarawak
93400,Jalan Dagok Tengah,Kuching,Sarawak
93400,Jalan Dagok Timur,Kuching,Sarawak
93400,Jalan Datuk Ajibah Abol,Kuching,Sarawak
93400,Jalan Haji Bolhassan,Kuching,Sarawak
93400,Jalan Haji Kassan,Kuching,Sarawak
93400,Jalan Haji Mataim,Kuching,Sarawak
93400,Jalan Haji Mustapa Junit,Kuching,Sarawak
93400,Jalan Haji Taha,Kuching,Sarawak
93400,Jalan Jawa,Kuching,Sarawak
93400,Jalan Kulas Barat,Kuching,Sarawak
93400,Jalan Kulas Tengah,Kuching,Sarawak
93400,Jalan Kulas Timur,Kuching,Sarawak
93400,Jalan Kulas Utara Dua,Kuching,Sarawak
93400,Jalan Kulas,Kuching,Sarawak
93400,Jalan Laruh Barat,Kuching,Sarawak
93400,Jalan Laruh Tengah,Kuching,Sarawak
93400,Jalan Laruh Timur,Kuching,Sarawak
93400,Jalan Masjid,Kuching,Sarawak
93400,Jalan Medan Temple,Kuching,Sarawak
93400,Jalan Middle,Kuching,Sarawak
93400,Jalan Muda Hashim,Kuching,Sarawak
93400,Jalan Muhibbah,Kuching,Sarawak
93400,Jalan Nagor,Kuching,Sarawak
93400,Jalan Nanas Barat,Kuching,Sarawak
93400,Jalan Nanas,Kuching,Sarawak
93400,Jalan Ong Guan Poh,Kuching,Sarawak
93400,Jalan P. Ramlee,Kuching,Sarawak
93400,Jalan Paduka Sitom,Kuching,Sarawak
93400,Jalan Palm,Kuching,Sarawak
93400,Jalan Parit Lama Barat,Kuching,Sarawak
93400,Jalan Parit Lama Tengah,Kuching,Sarawak
93400,Jalan Parit Lama,Kuching,Sarawak
93400,Jalan Patingan,Kuching,Sarawak
93400,Jalan Patinggi Ali,Kuching,Sarawak
93400,Jalan Pisang Selatan,Kuching,Sarawak
93400,Jalan Pisang Utara,Kuching,Sarawak
93400,Jalan Pisang,Kuching,Sarawak
93400,Jalan Rambutan,Kuching,Sarawak
93400,Jalan Rubber Barat,Kuching,Sarawak
93400,Jalan Rubber,Kuching,Sarawak
93400,Jalan Satok - Pisang,Kuching,Sarawak
93400,Jalan Satok,Kuching,Sarawak
93400,Jalan Tanjong Selatan,Kuching,Sarawak
93400,Jalan Tanjung,Kuching,Sarawak
93400,Jalan Tengah,Kuching,Sarawak
93400,Kampung Bandarshah,Kuching,Sarawak
93400,Kampung Bintangor,Kuching,Sarawak
93400,Kampung Kudei Rubber,Kuching,Sarawak
93400,Kampung Kudei Tengah,Kuching,Sarawak
93400,Kampung Kudei,Kuching,Sarawak
93400,Kampung Masjid Jalan Datuk Ajibah Abol,Kuching,Sarawak
93400,Satok,Kuching,Sarawak
93400,Taman Diamond,Kuching,Sarawak
93400,Taman Evergreen,Kuching,Sarawak
93400,Taman Fair Park Jalan Nanas,Kuching,Sarawak
93400,Taman Friendship,Kuching,Sarawak
93400,Taman Happy,Kuching,Sarawak
93400,Taman Hong Kong,Kuching,Sarawak
93400,Taman Intan Jalan Nanas Barat,Kuching,Sarawak
93400,Taman Kiaw Ann,Kuching,Sarawak
93400,Taman Nanas,Kuching,Sarawak
93400,Taman Ong Guan Poh Jalan Green,Kuching,Sarawak
93400,Taman Ong Soon,Kuching,Sarawak
93400,Taman San San,Kuching,Sarawak
93400,Taman Sin Lian Hin,Kuching,Sarawak
93400,Taman Yen Jalan Nanas Barat,Kuching,Sarawak
93400,Wisma Satok,Kuching,Sarawak
93450,Bintawa Village,Kuching,Sarawak
93450,Jalan Abdul Rahim,Kuching,Sarawak
93450,Jalan Belian (Bintawa),Kuching,Sarawak
93450,Jalan Bengkel,Kuching,Sarawak
93450,Jalan Bintawa Tengah,Kuching,Sarawak
93450,Jalan Bintawa,Kuching,Sarawak
93450,Jalan Buruh,Kuching,Sarawak
93450,Jalan Cement Raya,Kuching,Sarawak
93450,Jalan Datuk Sim Kheng Hong Wharf,Kuching,Sarawak
93450,Jalan Datuk Wee Kheng Chiang,Kuching,Sarawak
93450,Jalan Datuk William Tan,Kuching,Sarawak
93450,Jalan Daya,Kuching,Sarawak
93450,Jalan Dermaga,Kuching,Sarawak
93450,Jalan Eng Ai,Kuching,Sarawak
93450,Jalan Gedung,Kuching,Sarawak
93450,Jalan Gubah,Kuching,Sarawak
93450,Jalan Jentera,Kuching,Sarawak
93450,Jalan Keluli,Kuching,Sarawak
93450,Jalan Kemajuan,Kuching,Sarawak
93450,Jalan Keruing,Kuching,Sarawak
93450,Jalan Kilang,Kuching,Sarawak
93450,Jalan Kisar,Kuching,Sarawak
93450,Jalan Kwong Lee Bank,Kuching,Sarawak
93450,Jalan Lentor,Kuching,Sarawak
93450,Jalan Loji,Kuching,Sarawak
93450,Jalan Lumba Kuda Lorong 5,Kuching,Sarawak
93450,Jalan Lumba Kuda,Kuching,Sarawak
93450,Jalan Meranti,Kuching,Sarawak
93450,Jalan Merbau,Kuching,Sarawak
93450,Jalan Merican,Kuching,Sarawak
93450,Jalan Mersawa,Kuching,Sarawak
93450,Jalan Noakes (1 & 2),Kuching,Sarawak
93450,Jalan Pangkalan,Kuching,Sarawak
93450,Jalan Peace,Kuching,Sarawak
93450,Jalan Pelabuhan,Kuching,Sarawak
93450,Jalan Pending Lama,Kuching,Sarawak
93450,Jalan Pending,Kuching,Sarawak
93450,Jalan Pending/Sekama,Kuching,Sarawak
93450,Jalan Perbadanan,Kuching,Sarawak
93450,Jalan Perdana,Kuching,Sarawak
93450,Jalan Peteri,Kuching,Sarawak
93450,Jalan Pinang,Kuching,Sarawak
93450,Jalan Sebor,Kuching,Sarawak
93450,Jalan Selangan Batu,Kuching,Sarawak
93450,Jalan Semangat,Kuching,Sarawak
93450,Jalan Semen Raya,Kuching,Sarawak
93450,Jalan Sentang,Kuching,Sarawak
93450,Jalan Sungai Apong,Kuching,Sarawak
93450,Jalan Sungai Biawak,Kuching,Sarawak
93450,Jalan Sungai Periok,Kuching,Sarawak
93450,Jalan Sungai Sekama,Kuching,Sarawak
93450,Jalan Swasta,Kuching,Sarawak
93450,Jalan Tambatan,Kuching,Sarawak
93450,Jalan Tekad,Kuching,Sarawak
93450,Jalan Tenaga,Kuching,Sarawak
93450,Jalan Tenun,Kuching,Sarawak
93450,Jalan Three Hill,Kuching,Sarawak
93450,Jalan Tun Abdul Rahim,Kuching,Sarawak
93450,Jalan Tun Razak,Kuching,Sarawak
93450,Jalan Utama,Kuching,Sarawak
93450,Jalan William Tan,Kuching,Sarawak
93450,Kampung Nelayan Bintawa,Kuching,Sarawak
93450,Kampung Sungai Apong,Kuching,Sarawak
93450,Kampung Sungai Periok,Kuching,Sarawak
93450,Kampung Tabuan (Lot No 3),Kuching,Sarawak
93450,Kampung Tabuan Hilir Seberang Sungai,Kuching,Sarawak
93450,Kampung Tabuan Hilir,Kuching,Sarawak
93450,Kampung Tabuan Lot,Kuching,Sarawak
93450,Kampung Tabuan Tengah Seberang Sungai,Kuching,Sarawak
93450,Kampung Tabuan Tengah,Kuching,Sarawak
93450,Kampung Tabuan Ulu,Kuching,Sarawak
93450,Kawasan Perindustrian Bintawa,Kuching,Sarawak
93450,Lebuh Chan Bee Kiew,Kuching,Sarawak
93450,Muara Tuang Industrial Zon,Kuching,Sarawak
93450,Pending Heights,Kuching,Sarawak
93450,Pending,Kuching,Sarawak
93450,Persiaran Kong Ming,Kuching,Sarawak
93450,Persiaran Poh Ming,Kuching,Sarawak
93450,Taman Arbi,Kuching,Sarawak
93450,Taman Henghua,Kuching,Sarawak
93450,Taman Kong Ann,Kuching,Sarawak
93450,Taman Kong Ming,Kuching,Sarawak
93450,Taman Mee Teck,Kuching,Sarawak
93450,Taman Pending Height,Kuching,Sarawak
93450,Taman River View,Kuching,Sarawak
93450,Taman Tabuan Park,Kuching,Sarawak
93500,TYT Yang Di Pertua Negeri Sarawak,Kuching,Sarawak
93502,YAB Ketua Menteri Sarawak,Kuching,Sarawak
93503,Setiausaha Kerajaan Negeri,Kuching,Sarawak
93504,Biro Bantuan Guaman,Kuching,Sarawak
93505,Biro Pengaduan Awam,Kuching,Sarawak
93506,Jabatan Kehakiman/Mahkamah Tinggi,Kuching,Sarawak
93507,Pusat Latihan Perkhidmatan Awam (Intan),Kuching,Sarawak
93508,Amanah Raya Berhad,Kuching,Sarawak
93514,Jabatan Perangkaan,Kuching,Sarawak
93516,Jabatan Pemegang Harta,Kuching,Sarawak
93517,Jabatan Perpaduan Negara,Kuching,Sarawak
93518,Jabatan Audit Negeri,Kuching,Sarawak
93519,Majlis Agama Islam Sarawak,Kuching,Sarawak
93520,Suruhanjaya Perkhidmatan Awam Persekutuan,Kuching,Sarawak
93520,Suruhanjaya Perkhidmatan Awam,Kuching,Sarawak
93527,Unit Pemodenan & Tenaga Manusia,Kuching,Sarawak
93529,Unit Penyelidikan Sosio Ekonomi,Kuching,Sarawak
93532,Jabatan Sumber Manusia,Kuching,Sarawak
93540,Jabatan Tenaga Rakyat,Kuching,Sarawak
93550,Jabatan Imigresen,Kuching,Sarawak
93551,Jabatan Pendaftaran Negara,Kuching,Sarawak
93552,Jabatan Pendaftar Pertubuhan,Kuching,Sarawak
93554,Percetakan Nasional Berhad,Kuching,Sarawak
93556,Jabatan Pertahanan Awam,Kuching,Sarawak
93558,Jabatan Penjara,Kuching,Sarawak
93560,Ketua Polis Negeri,Kuching,Sarawak
93564,Jabatan Kebajikan Masyarakat,Kuching,Sarawak
93566,Muzium Negeri Sarawak,Kuching,Sarawak
93570,Jabatan Belia Dan Sukan,Kuching,Sarawak
93572,Perpustakaan Awam Negeri,Kuching,Sarawak
93576,Jabatan Tanah & Galian,Kuching,Sarawak
93578,Jabatan Ukur & Pemetaan,Kuching,Sarawak
93582,Jabatan Kerja Raya,Kuching,Sarawak
93586,Hospital Kuching,Kuching,Sarawak
93590,Jabatan Kesihatan,Kuching,Sarawak
93592,Pegawai Kewangan Negeri,Kuching,Sarawak
93592,Pegawai Kewangan Persekutuan,Kuching,Sarawak
93594,Akauntan Negeri,Kuching,Sarawak
93596,Jabatan Kastam & Eksais Di Raja,Kuching,Sarawak
93600,Lembaga Hasil Dalam Negeri,Kuching,Sarawak
93604,Jabatan Pendidikan,Kuching,Sarawak
93606,Jabatan Kemajuan Masyarakat (Kemas),Kuching,Sarawak
93608,Jabatan Pembangunan Koperasi,Kuching,Sarawak
93609,Pejabat Mara Negeri,Kuching,Sarawak
93610,Bahagian Pelesenan - Kementerian Penerangan,Kuching,Sarawak
93612,Jabatan Penerangan,Kuching,Sarawak
93614,Jabatan Penyiaran,Kuching,Sarawak
93618,Jabatan Penerbangan Awam,Kuching,Sarawak
93619,Jabatan Laut,Kuching,Sarawak
93620,Jabatan Pengangkutan Jalan,Kuching,Sarawak
93626,Jabatan Pengairan & Saliran,Kuching,Sarawak
93628,Jabatan Perikanan,Kuching,Sarawak
93632,Jabatan Pertanian,Kuching,Sarawak
93634,Kementerian Pertahanan Sarawak,Kuching,Sarawak
93648,Jabatan Bomba & Penyelamat,Kuching,Sarawak
93658,Jabatan Kajibumi,Kuching,Sarawak
93660,Jabatan Perhutanan,Kuching,Sarawak
93661,Padi & Beras Nasional (Bernas),Kuching,Sarawak
93662,Jabatan Kajicuaca,Kuching,Sarawak
93670,Pos Malaysia Berhad,Kuching,Sarawak
93672,Telekom Malaysia Berhad,Kuching,Sarawak
93677,Penrissen Kem,Kuching,Sarawak
93690,Suruhanjaya Pilihanraya Negeri,Kuching,Sarawak
93694,Jabatan Kebudayaan Dan Kesenian,Kuching,Sarawak
93700,Peti Surat 1 - 11,Kuching,Sarawak
93700,Peti Surat 13 - 150,Kuching,Sarawak
93702,Peti Surat 151 - 250,Kuching,Sarawak
93704,Peti Surat 251 - 350,Kuching,Sarawak
93706,Peti Surat 351 - 399,Kuching,Sarawak
93708,Peti Surat 401 - 450,Kuching,Sarawak
93710,Peti Surat 451 - 481,Kuching,Sarawak
93710,Peti Surat 483 - 544,Kuching,Sarawak
93710,Peti Surat 546 - 550,Kuching,Sarawak
93712,Peti Surat 551 - 638,Kuching,Sarawak
93712,Peti Surat 640 - 650,Kuching,Sarawak
93714,Peti Surat 651 - 750,Kuching,Sarawak
93716,Peti Surat 751 - 850,Kuching,Sarawak
93718,Peti Surat 851 - 950,Kuching,Sarawak
93720,Peti Surat 951 - 1050,Kuching,Sarawak
93722,Peti Surat 1051 - 1147,Kuching,Sarawak
93722,Peti Surat 1149 - 1150,Kuching,Sarawak
93724,Peti Surat 1151 - 1250,Kuching,Sarawak
93726,Peti Surat 1251 - 1257,Kuching,Sarawak
93726,Peti Surat 1259 - 1350,Kuching,Sarawak
93728,Peti Surat 1351 - 1432,Kuching,Sarawak
93728,Peti Surat 1434 - 1450,Kuching,Sarawak
93730,Peti Surat 1451 - 1550,Kuching,Sarawak
93732,Peti Surat 1551 - 1650,Kuching,Sarawak
93734,Peti Surat 1651 - 1652,Kuching,Sarawak
93734,Peti Surat 1654 - 1750,Kuching,Sarawak
93736,Peti Surat 1751 - 1850,Kuching,Sarawak
93738,Peti Surat 1851 - 1950,Kuching,Sarawak
93740,Peti Surat 1951 - 2050,Kuching,Sarawak
93742,Peti Surat 2051 - 2150,Kuching,Sarawak
93744,Peti Surat 2151 - 2250,Kuching,Sarawak
93746,Peti Surat 2251 - 2350,Kuching,Sarawak
93748,Peti Surat 2351 - 2500,Kuching,Sarawak
93750,Peti Surat 2501 - 2600,Kuching,Sarawak
93752,Peti Surat 2601 - 2700,Kuching,Sarawak
93754,Peti Surat 2701 - 2840,Kuching,Sarawak
93756,Peti Surat 2841 - 2930,Kuching,Sarawak
93758,Peti Surat 2931 - 3040,Kuching,Sarawak
93760,Peti Surat 3041 - 3140,Kuching,Sarawak
93762,Peti Surat 3141 - 3240,Kuching,Sarawak
93764,Peti Surat 3241 & Ke Atas,Kuching,Sarawak
93900,Peti Surat 12,Kuching,Sarawak
93902,Peti Surat 400,Kuching,Sarawak
93904,Peti Surat 482,Kuching,Sarawak
93906,Peti Surat 545,Kuching,Sarawak
93908,Peti Surat 639,Kuching,Sarawak
93910,Peti Surat 1148,Kuching,Sarawak
93912,Peti Surat 1258,Kuching,Sarawak
93914,Peti Surat 1433,Kuching,Sarawak
93916,Peti Surat 1653,Kuching,Sarawak
93990,Beg Berkunci,Kuching,Sarawak
94000,Bau Lama,Bau,Sarawak
94000,Bau,Bau,Sarawak
94000,Buso,Bau,Sarawak
94000,Jalan Black Smith,Bau,Sarawak
94000,Jalan Bungalow,Bau,Sarawak
94000,Jalan Datuk Temenggong Salau,Bau,Sarawak
94000,Jalan Emas,Bau,Sarawak
94000,Jalan Johari Sunchar,Bau,Sarawak
94000,Jalan Lee Khoi Choon,Bau,Sarawak
94000,Jalan Lee Nyan Foo,Bau,Sarawak
94000,Jalan Ong Guan Cheng,Bau,Sarawak
94000,Jalan Penghulu Durin,Bau,Sarawak
94000,Jalan Selamat,Bau,Sarawak
94000,Jambusan,Bau,Sarawak
94000,Kampung Batu Spit,Bau,Sarawak
94000,Kampung Bidi,Bau,Sarawak
94000,Kampung Bogag,Bau,Sarawak
94000,Kampung Boring,Bau,Sarawak
94000,Kampung Buan,Bau,Sarawak
94000,Kampung Duyoh,Bau,Sarawak
94000,Kampung Grogo,Bau,Sarawak
94000,Kampung Jugan,Bau,Sarawak
94000,Kampung Kandis Baru,Bau,Sarawak
94000,Kampung Kandis Lama,Bau,Sarawak
94000,Kampung Keranji,Bau,Sarawak
94000,Kampung Kopit,Bau,Sarawak
94000,Kampung Lidah Tanah,Bau,Sarawak
94000,Kampung Masjid,Bau,Sarawak
94000,Kampung Melayu,Bau,Sarawak
94000,Kampung Merembeh,Bau,Sarawak
94000,Kampung Opar,Bau,Sarawak
94000,Kampung Pangkalan,Bau,Sarawak
94000,Kampung Pejiru,Bau,Sarawak
94000,Kampung Pengkalan Tebang,Bau,Sarawak
94000,Kampung Peninjau Baru,Bau,Sarawak
94000,Kampung Peninjau Lama,Bau,Sarawak
94000,Kampung Pinet,Bau,Sarawak
94000,Kampung Podam,Bau,Sarawak
94000,Kampung Puak,Bau,Sarawak
94000,Kampung Rabak Rotan,Bau,Sarawak
94000,Kampung Rumih,Bau,Sarawak
94000,Kampung Sebobok,Bau,Sarawak
94000,Kampung Sebuluh,Bau,Sarawak
94000,Kampung Sega,Bau,Sarawak
94000,Kampung Segubang,Bau,Sarawak
94000,Kampung Serasot,Bau,Sarawak
94000,Kampung Serikin,Bau,Sarawak
94000,Kampung Seromah,Bau,Sarawak
94000,Kampung Seropak,Bau,Sarawak
94000,Kampung Skiat Baru,Bau,Sarawak
94000,Kampung Skiat Lama,Bau,Sarawak
94000,Kampung Skibang,Bau,Sarawak
94000,Kampung Skio,Bau,Sarawak
94000,Kampung Sogoh,Bau,Sarawak
94000,Kampung Stass,Bau,Sarawak
94000,Kampung Stenggang,Bau,Sarawak
94000,Kampung Suba Bandar,Bau,Sarawak
94000,Kampung Suba Bau,Bau,Sarawak
94000,Kampung Suba Buan,Bau,Sarawak
94000,Kampung Sungai Pinang,Bau,Sarawak
94000,Kampung Tembawang,Bau,Sarawak
94000,Kampung Tringgus,Bau,Sarawak
94000,Krian,Bau,Sarawak
94000,Krokong,Bau,Sarawak
94000,Paku,Bau,Sarawak
94000,Samchien,Bau,Sarawak
94000,Sebuku,Bau,Sarawak
94000,Seringgok,Bau,Sarawak
94000,Siniawan,Bau,Sarawak
94000,Taiton,Bau,Sarawak
94000,Taman Dayu,Bau,Sarawak
94000,Taman Limbang,Bau,Sarawak
94000,Taman Mutiara,Bau,Sarawak
94000,Tanjong Batu,Bau,Sarawak
94000,Tanjong Durian,Bau,Sarawak
94000,Tasik Biru,Bau,Sarawak
94000,Tondong,Bau,Sarawak
94007,Peti Surat,Bau,Sarawak
94009,Beg Berkunci,Bau,Sarawak
94200,Batu 15 Jalan Kuching Serian,Siburan,Sarawak
94200,Beratok,Siburan,Sarawak
94200,Kampung Endap,Siburan,Sarawak
94200,Kampung Siburan,Siburan,Sarawak
94200,Kampung Sungai Duuh,Siburan,Sarawak
94200,Siburan,Siburan,Sarawak
94200,Tapah,Siburan,Sarawak
94300,Jalan Muara Tuang (Hingga 3 KM),Kota Samarahan,Sarawak
94300,Kampung Ampila,Kota Samarahan,Sarawak
94300,Kampung Bajo,Kota Samarahan,Sarawak
94300,Kampung Baru Samarahan,Kota Samarahan,Sarawak
94300,Kampung Lubok Mata,Kota Samarahan,Sarawak
94300,Kampung Mangka,Kota Samarahan,Sarawak
94300,Kampung Mata Parang,Kota Samarahan,Sarawak
94300,Kampung Melayu,Kota Samarahan,Sarawak
94300,Kampung Meranik,Kota Samarahan,Sarawak
94300,Kampung Merdang Lumut Jalan Datuk Mohd Musa,Kota Samarahan,Sarawak
94300,Kampung Merdang Lumut,Kota Samarahan,Sarawak
94300,Kampung Muara Tuang,Kota Samarahan,Sarawak
94300,Kampung Niup,Kota Samarahan,Sarawak
94300,Kampung Pengkalan Kuap Jalan Datuk Mohd Musa,Kota Samarahan,Sarawak
94300,Kampung Pinang,Kota Samarahan,Sarawak
94300,Kampung Plaie,Kota Samarahan,Sarawak
94300,Kampung Rambus,Kota Samarahan,Sarawak
94300,Kampung Semawang,Kota Samarahan,Sarawak
94300,Kampung Sindang,Kota Samarahan,Sarawak
94300,Kampung Sungai Mata,Kota Samarahan,Sarawak
94300,Kampung Tanjung Bundung,Kota Samarahan,Sarawak
94300,Kampung Tanjung Parang,Kota Samarahan,Sarawak
94300,Kampung Tanjung Tuang,Kota Samarahan,Sarawak
94300,Kota Samarahan,Kota Samarahan,Sarawak
94300,Taman Mustafa Jalan Datok Mohd Musa,Kota Samarahan,Sarawak
94300,UiTM Cawangan Sarawak Jalan Meranek,Kota Samarahan,Sarawak
94500,Jalan Blacksmith,Lundu,Sarawak
94500,Kampung Baru,Lundu,Sarawak
94500,Kampung Begak,Lundu,Sarawak
94500,Kampung Biawak,Lundu,Sarawak
94500,Kampung Dagang,Lundu,Sarawak
94500,Kampung Gerunggang,Lundu,Sarawak
94500,Kampung Klaoh,Lundu,Sarawak
94500,Kampung Perundang,Lundu,Sarawak
94500,Kampung Prian,Lundu,Sarawak
94500,Kampung Sebandi Matang,Lundu,Sarawak
94500,Kampung Sebemban,Lundu,Sarawak
94500,Kampung Sekambal,Lundu,Sarawak
94500,Kampung Seketi,Lundu,Sarawak
94500,Kampung Selampit,Lundu,Sarawak
94500,Kampung Seling Dayak,Lundu,Sarawak
94500,Kampung Seling Melayu,Lundu,Sarawak
94500,Kampung Sembawang,Lundu,Sarawak
94500,Kampung Sempadi,Lundu,Sarawak
94500,Kampung Semunin,Lundu,Sarawak
94500,Kampung Senibong,Lundu,Sarawak
94500,Kampung Serayan,Lundu,Sarawak
94500,Kampung Siar,Lundu,Sarawak
94500,Kampung Sileng Dayak,Lundu,Sarawak
94500,Kampung Sileng Melayu,Lundu,Sarawak
94500,Kampung Stunggang Dayak,Lundu,Sarawak
94500,Kampung Stunggang Melayu,Lundu,Sarawak
94500,Kampung Sungai Lundu,Lundu,Sarawak
94500,Kampung Temelan,Lundu,Sarawak
94500,Lundu,Lundu,Sarawak
94500,Sematan,Lundu,Sarawak
94500,Tanjung Datuk,Lundu,Sarawak
94507,Peti Surat,Lundu,Sarawak
94509,Beg Berkunci,Lundu,Sarawak
94600,Asajaya Bakong,Asajaya,Sarawak
94600,Asajaya Laut,Asajaya,Sarawak
94600,Asajaya Ulu,Asajaya,Sarawak
94600,Asajaya,Asajaya,Sarawak
94600,Kampung Iboi,Asajaya,Sarawak
94600,Kampung Jaie,Asajaya,Sarawak
94600,Kampung Jemukan,Asajaya,Sarawak
94600,Kampung Moyan,Asajaya,Sarawak
94600,Kampung Pelandok,Asajaya,Sarawak
94600,Kampung Rangawan,Asajaya,Sarawak
94600,Kampung Rebak,Asajaya,Sarawak
94600,Kampung Sambir,Asajaya,Sarawak
94600,Kampung Sampun Gerunggang,Asajaya,Sarawak
94600,Kampung Sebandi Hilir,Asajaya,Sarawak
94600,Kampung Sebandi Matang,Asajaya,Sarawak
94600,Kampung Sebandi Ulu,Asajaya,Sarawak
94600,Kampung Semera,Asajaya,Sarawak
94600,Kampung Senangeh,Asajaya,Sarawak
94600,Kampung Serpan Laut,Asajaya,Sarawak
94600,Kampung Serpan Parit Ulu,Asajaya,Sarawak
94600,Kampung Sungai Buluh,Asajaya,Sarawak
94600,Kampung Sungai Putin,Asajaya,Sarawak
94600,Kampung Tambirat,Asajaya,Sarawak
94600,Kampung Tanjung Apong,Asajaya,Sarawak
94600,Kampung Tanjung Kelaso,Asajaya,Sarawak
94600,Kampung Tembirat,Asajaya,Sarawak
94600,Kampung Terasi,Asajaya,Sarawak
94600,Pendam,Asajaya,Sarawak
94600,Sadong Jaya,Asajaya,Sarawak
94650,Kabong,Kabong,Sarawak
94650,Kampung Alit,Kabong,Sarawak
94650,Kampung Hilir,Kabong,Sarawak
94650,Kampung Hulu,Kabong,Sarawak
94700,Jalan Serian - Sri Aman (Batu 68),Serian,Sarawak
94700,Jalan Serian - Sri Aman (109 KM),Serian,Sarawak
94700,Kampung Benat,Serian,Sarawak
94700,Kampung Bintawa,Serian,Sarawak
94700,Kampung Cina,Serian,Sarawak
94700,Kampung Gedong,Serian,Sarawak
94700,Kampung Gumpey Gedong,Serian,Sarawak
94700,Kampung Jerok,Serian,Sarawak
94700,Kampung Kakai,Serian,Sarawak
94700,Kampung Lalang Gedong,Serian,Sarawak
94700,Kampung Munggu Limo,Serian,Sarawak
94700,Kampung Nyelitak,Serian,Sarawak
94700,Kampung Pancur,Serian,Sarawak
94700,Kampung Rasau,Serian,Sarawak
94700,Kampung Sambal Apeng,Serian,Sarawak
94700,Kampung Sambal Kruin,Serian,Sarawak
94700,Kampung Serian Hilir & Hulu,Serian,Sarawak
94700,Kampung Simpang Simunjan,Serian,Sarawak
94700,Kampung Slabi,Serian,Sarawak
94700,Kampung Spaoh Gedong,Serian,Sarawak
94700,Kampung Sungai Pinang,Serian,Sarawak
94700,Kampung Sungai Rawa,Serian,Sarawak
94700,Kampung Tanah Putih,Serian,Sarawak
94700,Kampung Tangga,Serian,Sarawak
94700,Kampung Telagus,Serian,Sarawak
94700,Kampung Terbat,Serian,Sarawak
94700,Kedup,Serian,Sarawak
94700,Serian,Serian,Sarawak
94700,Tarat,Serian,Sarawak
94707,Peti Surat,Serian,Sarawak
94709,Beg Berkunci,Serian,Sarawak
94750,Bunan Gega,Serian,Sarawak
94750,Kampung Krusen,Serian,Sarawak
94750,Kampung Pichin,Serian,Sarawak
94750,Kampung Tebakang Dayak,Serian,Sarawak
94750,Kampung Tebakang Melayu,Serian,Sarawak
94750,Muara Mongkos,Serian,Sarawak
94750,Tebakang,Serian,Sarawak
94760,Tebedu,Serian,Sarawak
94800,Gunung Ngeli,Simunjan,Sarawak
94800,Kampung Kelaka,Simunjan,Sarawak
94800,Kampung Lintang,Simunjan,Sarawak
94800,Kampung Lubuk Punggor,Simunjan,Sarawak
94800,Kampung Munggu Air,Simunjan,Sarawak
94800,Kampung Munggu Bejit,Simunjan,Sarawak
94800,Kampung Nanas,Simunjan,Sarawak
94800,Kampung Regelam,Simunjan,Sarawak
94800,Kampung Sageng,Simunjan,Sarawak
94800,Kampung Sedilo,Simunjan,Sarawak
94800,Kampung Tenggelam,Simunjan,Sarawak
94800,Munggu Bejit,Simunjan,Sarawak
94800,Sebangan,Simunjan,Sarawak
94800,Simunjan,Simunjan,Sarawak
94807,Peti Surat,Simunjan,Sarawak
94809,Beg Berkunci,Simunjan,Sarawak
94850,Jalan Sawmill,Sebuyau,Sarawak
94850,Kampung Baru,Sebuyau,Sarawak
94850,Kampung Hulu,Sebuyau,Sarawak
94850,Kampung Jeragan,Sebuyau,Sarawak
94850,Kampung Kelait,Sebuyau,Sarawak
94850,Kampung Lunying,Sebuyau,Sarawak
94850,Kampung Mamba,Sebuyau,Sarawak
94850,Kampung Masjid,Sebuyau,Sarawak
94850,Kampung Raba,Sebuyau,Sarawak
94850,Kampung Tanjong,Sebuyau,Sarawak
94850,Kampung Tebelu,Sebuyau,Sarawak
94850,Kampung Tuba,Sebuyau,Sarawak
94850,Sebuyau,Sebuyau,Sarawak
94900,Banting,Lingga,Sarawak
94900,Kampung Lingga,Lingga,Sarawak
94900,Kampung Semulong Ulu,Lingga,Sarawak
94900,Lingga,Lingga,Sarawak
94900,Semulong Ulu,Lingga,Sarawak
94950,Kampung Beladin,Pusa,Sarawak
94950,Kampung Hilir,Pusa,Sarawak
94950,Kampung Hulu,Pusa,Sarawak
94950,Kampung Tengah,Pusa,Sarawak
94950,Kampung Triso,Pusa,Sarawak
94950,Maludam,Pusa,Sarawak
94950,Pusa,Pusa,Sarawak
95000,Bakong,Sri Aman,Sarawak
95000,Batu Lintang Ulu Undop,Sri Aman,Sarawak
95000,Batu Lintang,Sri Aman,Sarawak
95000,Beting Maro,Sri Aman,Sarawak
95000,Bukit Begunan,Sri Aman,Sarawak
95000,Jalan Bayu,Sri Aman,Sarawak
95000,Jalan Belimbing,Sri Aman,Sarawak
95000,Jalan Berjaya,Sri Aman,Sarawak
95000,Jalan Brayun,Sri Aman,Sarawak
95000,Jalan Council,Sri Aman,Sarawak
95000,Jalan Datuk Tawi Sli,Sri Aman,Sarawak
95000,Jalan Datus,Sri Aman,Sarawak
95000,Jalan Durian,Sri Aman,Sarawak
95000,Jalan Foochow,Sri Aman,Sarawak
95000,Jalan Glumba,Sri Aman,Sarawak
95000,Jalan Hap Sing,Sri Aman,Sarawak
95000,Jalan Hollis,Sri Aman,Sarawak
95000,Jalan Hospital,Sri Aman,Sarawak
95000,Jalan Hujung Brayun,Sri Aman,Sarawak
95000,Jalan Hup Chung,Sri Aman,Sarawak
95000,Jalan Kampung Baru,Sri Aman,Sarawak
95000,Jalan Kampung Sri Wangi,Sri Aman,Sarawak
95000,Jalan Kejatau,Sri Aman,Sarawak
95000,Jalan Kelab,Sri Aman,Sarawak
95000,Jalan Laden,Sri Aman,Sarawak
95000,Jalan Litak,Sri Aman,Sarawak
95000,Jalan Market,Sri Aman,Sarawak
95000,Jalan Micheal Pilo,Sri Aman,Sarawak
95000,Jalan Muhibbah,Sri Aman,Sarawak
95000,Jalan Ningkan,Sri Aman,Sarawak
95000,Jalan Padri,Sri Aman,Sarawak
95000,Jalan Pasir Panas Hoping,Sri Aman,Sarawak
95000,Jalan Pasir Panas,Sri Aman,Sarawak
95000,Jalan Paya,Sri Aman,Sarawak
95000,Jalan Ping Ping,Sri Aman,Sarawak
95000,Jalan Resak,Sri Aman,Sarawak
95000,Jalan Residensi,Sri Aman,Sarawak
95000,Jalan Sabu,Sri Aman,Sarawak
95000,Jalan Sau Hui,Sri Aman,Sarawak
95000,Jalan Sembau,Sri Aman,Sarawak
95000,Jalan Stawang,Sri Aman,Sarawak
95000,Jalan Tapang,Sri Aman,Sarawak
95000,Jalan Tini,Sri Aman,Sarawak
95000,Kampung Baru Stumbin,Sri Aman,Sarawak
95000,Kampung Baru,Sri Aman,Sarawak
95000,Kampung Hilir,Sri Aman,Sarawak
95000,Kampung Hulu,Sri Aman,Sarawak
95000,Kampung Lemanak,Sri Aman,Sarawak
95000,Kampung Muhibbah,Sri Aman,Sarawak
95000,Kampung Sabu,Sri Aman,Sarawak
95000,Kampung Seri Wangni,Sri Aman,Sarawak
95000,Kampung STC,Sri Aman,Sarawak
95000,Kampung Tengah,Sri Aman,Sarawak
95000,Kampung Teratai,Sri Aman,Sarawak
95000,Lachau,Sri Aman,Sarawak
95000,Melugu,Sri Aman,Sarawak
95000,Pantu,Sri Aman,Sarawak
95000,Rumah Gilan,Sri Aman,Sarawak
95000,Selepong,Sri Aman,Sarawak
95000,Sembau,Sri Aman,Sarawak
95000,Simanggang,Sri Aman,Sarawak
95000,Sri Aman,Sri Aman,Sarawak
95000,Stumbin,Sri Aman,Sarawak
95000,Sungai Tenggang,Sri Aman,Sarawak
95000,Taman Azba,Sri Aman,Sarawak
95000,Taman Bayu,Sri Aman,Sarawak
95000,Taman Bestari,Sri Aman,Sarawak
95000,Taman Crystal,Sri Aman,Sarawak
95000,Taman Desa Indah,Sri Aman,Sarawak
95000,Taman Foochow,Sri Aman,Sarawak
95000,Taman Gamang Height,Sri Aman,Sarawak
95000,Taman Green Height,Sri Aman,Sarawak
95000,Taman Hoover Height,Sri Aman,Sarawak
95000,Taman King,Sri Aman,Sarawak
95000,Taman Kurniawan (Fasa 1 - 3),Sri Aman,Sarawak
95000,Taman Loon Coon,Sri Aman,Sarawak
95000,Taman Mayfair,Sri Aman,Sarawak
95000,Taman Norita,Sri Aman,Sarawak
95000,Taman Padri,Sri Aman,Sarawak
95000,Taman Pasir Panas (Fasa 1 - 2),Sri Aman,Sarawak
95000,Taman Sabu,Sri Aman,Sarawak
95000,Taman Sagam,Sri Aman,Sarawak
95000,Taman Siang,Sri Aman,Sarawak
95000,Taman Sing Sing,Sri Aman,Sarawak
95000,Taman Sri Gamang,Sri Aman,Sarawak
95000,Taman Sri Jaya,Sri Aman,Sarawak
95000,Taman Sri Mewah,Sri Aman,Sarawak
95000,Taman Tiara,Sri Aman,Sarawak
95000,Taman Vistaro,Sri Aman,Sarawak
95000,Taman Wawasan,Sri Aman,Sarawak
95000,Tanjung Bijat,Sri Aman,Sarawak
95000,Ulu Undop,Sri Aman,Sarawak
95007,Peti Surat 1 - 200,Sri Aman,Sarawak
95008,Peti Surat 201 & Ke Atas,Sri Aman,Sarawak
95009,Beg Berkunci,Sri Aman,Sarawak
95300,Brayang,Roban,Sarawak
95300,Jalan Mundu,Roban,Sarawak
95300,Jalan Panjang,Roban,Sarawak
95300,Jalan Sabit,Roban,Sarawak
95300,Kampung Sabit,Roban,Sarawak
95300,Lichok Seblak,Roban,Sarawak
95300,Roban,Roban,Sarawak
95300,Rumah Admond Kombong,Roban,Sarawak
95300,Rumah Daud,Roban,Sarawak
95300,Rumah Enggah,Roban,Sarawak
95300,Rumah Entusan,Roban,Sarawak
95300,Rumah Indu,Roban,Sarawak
95300,Rumah Jenang,Roban,Sarawak
95300,Rumah Kunchi,Roban,Sarawak
95300,Rumah Latit,Roban,Sarawak
95300,Rumah Nait,Roban,Sarawak
95300,Rumah Raming Metong,Roban,Sarawak
95300,Rumah Ramping,Roban,Sarawak
95300,Rumah Saing,Roban,Sarawak
95300,Rumah Sungka,Roban,Sarawak
95400,Engkudu,Saratok,Sarawak
95400,Kaki Wong,Saratok,Sarawak
95400,Kalaka,Saratok,Sarawak
95400,Kampung Disso Hilir,Saratok,Sarawak
95400,Kampung Disso Hulu,Saratok,Sarawak
95400,Kampung Kaba,Saratok,Sarawak
95400,Kampung Krupok,Saratok,Sarawak
95400,Kampung Kupang,Saratok,Sarawak
95400,Kampung Lubok Renit Hilir,Saratok,Sarawak
95400,Kampung Masjid,Saratok,Sarawak
95400,Kampung Melanggo Baru,Saratok,Sarawak
95400,Kampung Melanggo Lama,Saratok,Sarawak
95400,Kampung Ng Malong,Saratok,Sarawak
95400,Krangan,Saratok,Sarawak
95400,Krian,Saratok,Sarawak
95400,Lubuk Kepayang,Saratok,Sarawak
95400,Nanga Atoi,Saratok,Sarawak
95400,Nanga Budu,Saratok,Sarawak
95400,Saratok,Saratok,Sarawak
95400,Simpang Tiga Sungai Barangan,Saratok,Sarawak
95400,Taman Metro Park,Saratok,Sarawak
95400,Taman Miniata,Saratok,Sarawak
95400,Taman Muhibbah,Saratok,Sarawak
95400,Taman Seroja Indah,Saratok,Sarawak
95400,Wong Limat,Saratok,Sarawak
95407,Peti Surat,Saratok,Sarawak
95409,Beg Berkunci,Saratok,Sarawak
95500,Debak,Debak,Sarawak
95500,Kampung Babu,Debak,Sarawak
95500,Kampung Bungey,Debak,Sarawak
95500,Kampung Debak Laut,Debak,Sarawak
95500,Kampung Lalang,Debak,Sarawak
95500,Kampung Tuie,Debak,Sarawak
95500,Saribas,Debak,Sarawak
95600,Kampung Bungin,Spaoh,Sarawak
95600,Kampung Hilir,Spaoh,Sarawak
95600,Penom,Spaoh,Sarawak
95600,Rumah Jali Ng Bangkit,Spaoh,Sarawak
95600,Spaoh,Spaoh,Sarawak
95700,Betong,Betong,Sarawak
95700,Kampung Entanak,Betong,Sarawak
95700,Kampung Hilir,Betong,Sarawak
95700,Kampung Lempaong,Betong,Sarawak
95700,Kampung Masjid,Betong,Sarawak
95700,Kampung Tengah,Betong,Sarawak
95700,Layar Bridge,Betong,Sarawak
95700,Nanga Spak,Betong,Sarawak
95700,Skrang,Betong,Sarawak
95707,Peti Surat,Betong,Sarawak
95709,Beg Berkunci,Betong,Sarawak
95800,Engkilili,Engkilili,Sarawak
95800,Kampung Melayu,Engkilili,Sarawak
95900,Batang Ai,Lubok Antu,Sarawak
95900,Kampung Kutai,Lubok Antu,Sarawak
95900,Kampung Melayu,Lubok Antu,Sarawak
95900,Lubuk Antu,Lubok Antu,Sarawak
95900,Merindun,Lubok Antu,Sarawak
95900,Nanga Mepi,Lubok Antu,Sarawak
96000,Aup,Sibu,Sarawak
96000,Batang Lasa,Sibu,Sarawak
96000,Bawang Assan,Sibu,Sarawak
96000,Bukit Asek,Sibu,Sarawak
96000,Bukit Lan,Sibu,Sarawak
96000,Dudong,Sibu,Sarawak
96000,Durin,Sibu,Sarawak
96000,Engkalat,Sibu,Sarawak
96000,Engkio,Sibu,Sarawak
96000,Ensurai,Sibu,Sarawak
96000,Kampung Bahagia Jaya,Sibu,Sarawak
96000,Kampung Banyok,Sibu,Sarawak
96000,Kampung Bungan,Sibu,Sarawak
96000,Kampung Igan,Sibu,Sarawak
96000,Kampung Jeriah Baru,Sibu,Sarawak
96000,Kampung Sawai Dalat,Sibu,Sarawak
96000,Kampung Usaha Jaya Baru,Sibu,Sarawak
96000,Kampung Usaha Jaya,Sibu,Sarawak
96000,Lengan,Sibu,Sarawak
96000,Menyan,Sibu,Sarawak
96000,Naman,Sibu,Sarawak
96000,Nanga Baoh,Sibu,Sarawak
96000,Nanga Paloh,Sibu,Sarawak
96000,Nanga Tamin,Sibu,Sarawak
96000,Nanga Tepus Balingian,Sibu,Sarawak
96000,Nangka,Sibu,Sarawak
96000,Paradom,Sibu,Sarawak
96000,Pasai Siong,Sibu,Sarawak
96000,Pasar Stapang,Sibu,Sarawak
96000,Passin,Sibu,Sarawak
96000,Pelawan,Sibu,Sarawak
96000,Penasu,Sibu,Sarawak
96000,Pulai Kerto,Sibu,Sarawak
96000,Rajang Park,Sibu,Sarawak
96000,Rantau Panjang,Sibu,Sarawak
96000,Rassau,Sibu,Sarawak
96000,Salim,Sibu,Sarawak
96000,Sekuau,Sibu,Sarawak
96000,Selangau,Sibu,Sarawak
96000,Sengan,Sibu,Sarawak
96000,Sibintik,Sibu,Sarawak
96000,Sibu,Sibu,Sarawak
96000,Singat,Sibu,Sarawak
96000,Stabau,Sibu,Sarawak
96000,Sungai Bidut,Sibu,Sarawak
96000,Sungai Dasan,Sibu,Sarawak
96000,Sungai Empawah,Sibu,Sarawak
96000,Sungai Maaw,Sibu,Sarawak
96000,Sungai Nibong,Sibu,Sarawak
96000,Sungai Pak,Sibu,Sarawak
96000,Sungai Salim,Sibu,Sarawak
96000,Sungai Saoit,Sibu,Sarawak
96000,Sungai Teku,Sibu,Sarawak
96000,Sungai Telian,Sibu,Sarawak
96000,Taman Crystal,Sibu,Sarawak
96000,Taman Damai,Sibu,Sarawak
96000,Taman Grands Heights,Sibu,Sarawak
96000,Taman Harmoni,Sibu,Sarawak
96000,Taman Kenari,Sibu,Sarawak
96000,Taman Mutiara,Sibu,Sarawak
96000,Taman Paramount,Sibu,Sarawak
96000,Taman Pulau Li Hua,Sibu,Sarawak
96000,Taman Rajang,Sibu,Sarawak
96000,Taman Shan Shui,Sibu,Sarawak
96000,Taman Siti Nurbaya,Sibu,Sarawak
96000,Taman Soon Hup,Sibu,Sarawak
96000,Taman Swan,Sibu,Sarawak
96000,Taman Wawasan,Sibu,Sarawak
96000,Tanjung Kunyit,Sibu,Sarawak
96000,Tanjung Pan,Sibu,Sarawak
96000,Teluk Bango,Sibu,Sarawak
96000,Teluk Selalo,Sibu,Sarawak
96000,Tung Nam Poh,Sibu,Sarawak
96000,Ulu Lanang,Sibu,Sarawak
96007,Peti Surat 1 - 750,Sibu,Sarawak
96008,Peti Surat 751 & Ke Atas,Sibu,Sarawak
96009,Beg Berkunci,Sibu,Sarawak
96100,Jakar,Sarikei,Sarawak
96100,Pakan (Sarikei),Sarikei,Sarawak
96100,Paloh,Sarikei,Sarawak
96100,Repok,Sarikei,Sarawak
96100,Sarikei,Sarikei,Sarawak
96100,Selalang,Sarikei,Sarawak
96100,Sungai Petai,Sarikei,Sarawak
96107,Peti Surat 1 - 300,Sarikei,Sarawak
96108,Peti Surat 301 & Ke Atas,Sarikei,Sarawak
96109,Beg Berkunci,Sarikei,Sarawak
96150,Belawai,Belawai,Sarawak
96150,Kampung Baru,Belawai,Sarawak
96150,Kampung Darat,Belawai,Sarawak
96150,Kampung Jerijeh Baru,Belawai,Sarawak
96150,Kampung Masjid Lama,Belawai,Sarawak
96150,Kampung Rejang,Belawai,Sarawak
96150,Kampung Tengah,Belawai,Sarawak
96150,Kampung Tepi Laut,Belawai,Sarawak
96150,Tanjung Manis,Belawai,Sarawak
96200,Batang Lasak,Daro,Sarawak
96200,Bericakong,Daro,Sarawak
96200,Betanak,Daro,Sarawak
96200,Daro,Daro,Sarawak
96200,Jalan Bina,Daro,Sarawak
96200,Jalan Central,Daro,Sarawak
96200,Jalan Itol,Daro,Sarawak
96200,Kampung Bawang,Daro,Sarawak
96200,Kampung Bruit,Daro,Sarawak
96200,Kampung Kelian,Daro,Sarawak
96200,Kampung Nan San,Daro,Sarawak
96200,Kampung Nangar,Daro,Sarawak
96200,Kampung Paloh,Daro,Sarawak
96200,Kampung Penakong,Daro,Sarawak
96200,Kampung Penuai,Daro,Sarawak
96200,Kampung Penyipah,Daro,Sarawak
96200,Kampung Saai,Daro,Sarawak
96200,Kampung Sawai,Daro,Sarawak
96200,Kampung Sebakau,Daro,Sarawak
96200,Kampung Sebenak,Daro,Sarawak
96200,Kampung Sedeo,Daro,Sarawak
96200,Kampung Serdeng,Daro,Sarawak
96200,Kampung Tebaang,Daro,Sarawak
96200,Kampung Tekajong,Daro,Sarawak
96200,Kampung Tikajong,Daro,Sarawak
96200,Kampung Ulu Daro,Daro,Sarawak
96200,Kelian,Daro,Sarawak
96200,Mupong,Daro,Sarawak
96200,Naga Kecil,Daro,Sarawak
96200,Ng. Semah,Daro,Sarawak
96200,Salah Kecil/Besar,Daro,Sarawak
96250,Kampung Dagang,Matu,Sarawak
96250,Kampung Jemoreng,Matu,Sarawak
96250,Kampung Kuala Matu,Matu,Sarawak
96250,Kampung Muut,Matu,Sarawak
96250,Kampung Pasar Baru,Matu,Sarawak
96250,Kampung Pasar Lama,Matu,Sarawak
96250,Kampung Pergau,Matu,Sarawak
96250,Kampung Sekaan Besar,Matu,Sarawak
96250,Kampung Sekaan Kecil,Matu,Sarawak
96250,Kampung Serakat,Matu,Sarawak
96250,Kampung Tering,Matu,Sarawak
96250,Kampung Tian,Matu,Sarawak
96250,Matu,Matu,Sarawak
96250,Telok Gelam,Matu,Sarawak
96300,Dalat,Dalat,Sarawak
96300,Kampung Balan,Dalat,Sarawak
96300,Kampung Baru Cina,Dalat,Sarawak
96300,Kampung Baru,Dalat,Sarawak
96300,Kampung Brunei,Dalat,Sarawak
96300,Kampung Dalat Seberang,Dalat,Sarawak
96300,Kampung Hilir,Dalat,Sarawak
96300,Kampung Kekan,Dalat,Sarawak
96300,Kampung Klid,Dalat,Sarawak
96300,Kampung Medong,Dalat,Sarawak
96300,Kampung Narub,Dalat,Sarawak
96300,Kampung Sua,Dalat,Sarawak
96300,Kampung Sungai Anak,Dalat,Sarawak
96300,Kampung Sungai Kut Muara,Dalat,Sarawak
96300,Kampung Sungai Kut Tengah,Dalat,Sarawak
96300,Kampung Sungai Ud,Dalat,Sarawak
96300,Kampung Tanam,Dalat,Sarawak
96300,Kampung Tengah,Dalat,Sarawak
96300,Kampung The,Dalat,Sarawak
96300,Sungai Kut,Dalat,Sarawak
96307,Peti Surat,Dalat,Sarawak
96309,Beg Berkunci,Dalat,Sarawak
96350,Balingian,Balingian,Sarawak
96350,Kampung Baru,Balingian,Sarawak
96350,Kampung Lintang,Balingian,Sarawak
96350,Kampung Masjid,Balingian,Sarawak
96350,Kampung Pulat,Balingian,Sarawak
96350,Kampung Suyong,Balingian,Sarawak
96350,Kuala Balingian,Balingian,Sarawak
96400,Kampung Badengan,Mukah,Sarawak
96400,Kampung Boyan,Mukah,Sarawak
96400,Kampung Bunut,Mukah,Sarawak
96400,Kampung Datu,Mukah,Sarawak
96400,Kampung Jebungan,Mukah,Sarawak
96400,Kampung Judan,Mukah,Sarawak
96400,Kampung Litong,Mukah,Sarawak
96400,Kampung Penakub Permai,Mukah,Sarawak
96400,Kampung Penakub Ulu,Mukah,Sarawak
96400,Kampung Penipah,Mukah,Sarawak
96400,Kampung Petanak,Mukah,Sarawak
96400,Kampung Pewat,Mukah,Sarawak
96400,Kampung Pinang,Mukah,Sarawak
96400,Kampung Sau,Mukah,Sarawak
96400,Kampung Seri Tellian,Mukah,Sarawak
96400,Kampung Sesok,Mukah,Sarawak
96400,Kampung Sungai Alo,Mukah,Sarawak
96400,Kampung Sungai Ragei,Mukah,Sarawak
96400,Kampung Teh,Mukah,Sarawak
96400,Kampung Tellian Daya,Mukah,Sarawak
96400,Kampung Tellian Jaya,Mukah,Sarawak
96400,Kampung Tutus Ulu,Mukah,Sarawak
96400,Mukah,Mukah,Sarawak
96400,Nanga Kenyana,Mukah,Sarawak
96400,Nanga Selangau,Mukah,Sarawak
96400,Nanga Sikat,Mukah,Sarawak
96400,Nanga Taroh,Mukah,Sarawak
96400,Taman Boulevard,Mukah,Sarawak
96400,Taman Ching Ching,Mukah,Sarawak
96400,Taman Hong Leong,Mukah,Sarawak
96400,Taman King Sun,Mukah,Sarawak
96400,Taman Kubang Jaya,Mukah,Sarawak
96400,Taman Li Hua,Mukah,Sarawak
96400,Taman Muhibbah,Mukah,Sarawak
96400,Taman Pelita (1 - 4),Mukah,Sarawak
96400,Taman Yun Seng,Mukah,Sarawak
96410,Oya,Mukah,Sarawak
96500,Bakong,Bintangor,Sarawak
96500,Bintangor,Bintangor,Sarawak
96500,Kampung Penasu,Bintangor,Sarawak
96500,Kampung Semop,Bintangor,Sarawak
96500,Mador,Bintangor,Sarawak
96500,Meradong,Bintangor,Sarawak
96500,Nanga Semah,Bintangor,Sarawak
96500,Narasit,Bintangor,Sarawak
96500,Rumah Mura,Bintangor,Sarawak
96500,Sungai Strass,Bintangor,Sarawak
96500,Tanjong Genting,Bintangor,Sarawak
96500,Tulai,Bintangor,Sarawak
96500,Ulu Strass,Bintangor,Sarawak
96507,Peti Surat 1 - 140,Bintangor,Sarawak
96508,Peti Surat 141 & Ke Atas,Bintangor,Sarawak
96509,Beg Berkunci,Bintangor,Sarawak
96600,Julau,Julau,Sarawak
96600,Nanga Ensiring,Julau,Sarawak
96600,Nanga Entabai,Julau,Sarawak
96600,Nanga Meluan,Julau,Sarawak
96700,Kampung Hilir,Kanowit,Sarawak
96700,Kampung Masjid,Kanowit,Sarawak
96700,Kanowit,Kanowit,Sarawak
96700,Nanga Dap,Kanowit,Sarawak
96700,Nanga Jagau,Kanowit,Sarawak
96700,Nanga Machan,Kanowit,Sarawak
96700,Nanga Manggut,Kanowit,Sarawak
96700,Nanga Ngemah,Kanowit,Sarawak
96700,Nanga Tada,Kanowit,Sarawak
96707,Peti Surat,Kanowit,Sarawak
96709,Beg Berkunci,Kanowit,Sarawak
96800,Baleh,Kapit,Sarawak
96800,Jalan Abang Suhaili,Kapit,Sarawak
96800,Kampung Baru,Kapit,Sarawak
96800,Kampung Bleteh,Kapit,Sarawak
96800,Kapit,Kapit,Sarawak
96800,Nanga Bena,Kapit,Sarawak
96800,Nanga Gaat,Kapit,Sarawak
96800,Nanga Merit,Kapit,Sarawak
96800,Nanga Mujong,Kapit,Sarawak
96800,Pelagus,Kapit,Sarawak
96807,Peti Surat,Kapit,Sarawak
96809,Beg Berkunci,Kapit,Sarawak
96850,Kampung Cina,Song,Sarawak
96850,Kampung Gelam,Song,Sarawak
96850,Katibas,Song,Sarawak
96850,Nanga Bangkit,Song,Sarawak
96850,Nanga Bena,Song,Sarawak
96850,Song,Song,Sarawak
96900,Batu Keling,Belaga,Sarawak
96900,Belaga,Belaga,Sarawak
96900,Kampung Melayu,Belaga,Sarawak
96900,Long Amo,Belaga,Sarawak
96900,Long Bah,Belaga,Sarawak
96900,Long Busang,Belaga,Sarawak
96900,Long Segaham,Belaga,Sarawak
96950,Jabatan Kerja Raya (Waterboard),Belaga,Sarawak
96950,Jabatan Pendaftaran,Belaga,Sarawak
96950,Jabatan Pertanian,Belaga,Sarawak
96950,Jabatan Tenaga Kerja,Belaga,Sarawak
96950,Kampung Long Bangan,Belaga,Sarawak
96950,Kampung Long Nayan,Belaga,Sarawak
96950,Kampung Uma Badeng,Belaga,Sarawak
96950,Kampung Uma Bakah,Belaga,Sarawak
96950,Kampung Uma Balui Liko,Belaga,Sarawak
96950,Kampung Uma Balui Ukap,Belaga,Sarawak
96950,Kampung Uma Bawang,Belaga,Sarawak
96950,Kampung Uma Belur,Belaga,Sarawak
96950,Kampung Uma Daro,Belaga,Sarawak
96950,Kampung Uma Juman,Belaga,Sarawak
96950,Kampung Uma Kelab,Belaga,Sarawak
96950,Kampung Uma Kulit,Belaga,Sarawak
96950,Kampung Uma Lahanan,Belaga,Sarawak
96950,Kampung Uma Lesong,Belaga,Sarawak
96950,Kampung Uma Penan,Belaga,Sarawak
96950,Kampung Uma Ukit,Belaga,Sarawak
96950,Klinik Kesihatan,Belaga,Sarawak
96950,Majlis Daerah Kecil Sungai Asap,Belaga,Sarawak
96950,Pejabat Daerah Kecil Sungai Asap,Belaga,Sarawak
96950,Pejabat Pos Sungai Asap,Belaga,Sarawak
96950,Rumah Nyaring,Belaga,Sarawak
96950,Sarawak Energy Bhd,Belaga,Sarawak
96950,Sekolah Kebangsaan Batu Keling,Belaga,Sarawak
96950,Sekolah Kebangsaan Long Gang,Belaga,Sarawak
96950,Sekolah Kebangsaan Sambop,Belaga,Sarawak
96950,Sekolah Menengah Kebangsaan Sungai Asap,Belaga,Sarawak
96950,Tuai Rumah Sing,Belaga,Sarawak
97000,Abang Galau,Bintulu,Sarawak
97000,Bintulu,Bintulu,Sarawak
97000,Kampung Baru,Bintulu,Sarawak
97000,Kampung Dagang,Bintulu,Sarawak
97000,Kampung Dato,Bintulu,Sarawak
97000,Kampung Jepak,Bintulu,Sarawak
97000,Kampung Masjid,Bintulu,Sarawak
97000,Kampung Sibiew,Bintulu,Sarawak
97000,Kampung Sinong,Bintulu,Sarawak
97000,Kampung Tepak,Bintulu,Sarawak
97000,Kemena,Bintulu,Sarawak
97000,Universiti Pertanian Bintulu,Bintulu,Sarawak
97007,Peti Surat 1 - 300,Bintulu,Sarawak
97008,Peti Surat 301 - 1500,Bintulu,Sarawak
97009,Beg Berkunci,Bintulu,Sarawak
97010,Peti Surat 1501 - 2000,Bintulu,Sarawak
97011,Peti Surat 2001 - 2500,Bintulu,Sarawak
97012,Peti Surat 2501 - 3000,Bintulu,Sarawak
97013,Peti Surat 3001 - 3500,Bintulu,Sarawak
97014,Peti Surat 3501 - 4000,Bintulu,Sarawak
97015,Peti Surat 4001 & Ke Atas,Bintulu,Sarawak
97100,Kampung Hilir,Sebauh,Sarawak
97100,Kampung Masjid,Sebauh,Sarawak
97100,Labang,Sebauh,Sarawak
97100,Pandan,Sebauh,Sarawak
97100,Sebauh,Sebauh,Sarawak
97100,Tubau,Sebauh,Sarawak
97200,Kakus,Tatau,Sarawak
97200,Kampung Dagang,Tatau,Sarawak
97200,Kampung Kuala Tatau,Tatau,Sarawak
97200,Kuala Tatau Bazaar,Tatau,Sarawak
97200,Nanga Tau,Tatau,Sarawak
97200,Sangan Bazaar,Tatau,Sarawak
97200,Tatau,Tatau,Sarawak
97300,Tanjung Kidurong,Bintulu,Sarawak
98000,Beluru,Miri,Sarawak
98000,Jalan Miri - Bintulu (Batu 26),Miri,Sarawak
98000,Kampung Bakam,Miri,Sarawak
98000,Kampung Kuala Baram,Miri,Sarawak
98000,Kampung Tuanku Abdul Rahman,Miri,Sarawak
98000,Kuala Baram,Miri,Sarawak
98000,Ladang Tiga,Miri,Sarawak
98000,Lambir,Miri,Sarawak
98000,Miri,Miri,Sarawak
98000,Morsjaya,Miri,Sarawak
98000,Piasau,Miri,Sarawak
98000,Senadin,Miri,Sarawak
98000,Sungai Rait,Miri,Sarawak
98007,Peti Surat 1 - 750,Miri,Sarawak
98008,Peti Surat 751 & Ke Atas,Miri,Sarawak
98009,Beg Berkunci,Miri,Sarawak
98050,Baram,Baram,Sarawak
98050,Bario,Baram,Sarawak
98050,Golden Hill (Jalan Hii Nguon Song),Baram,Sarawak
98050,Jalan Kapitan Lim Ching Kiat,Baram,Sarawak
98050,Jalan Setia,Baram,Sarawak
98050,Kampung Baru (Jalan Dato Tuanku Abdul Rahman),Baram,Sarawak
98050,Kampung Dagang,Baram,Sarawak
98050,Kampung Narum,Baram,Sarawak
98050,Kampung Padang Kerbau,Baram,Sarawak
98050,Kampung Permindahan (Jalan Muhibah) P1 & P2,Baram,Sarawak
98050,Long Akah,Baram,Sarawak
98050,Long Atip,Baram,Sarawak
98050,Long Lellang,Baram,Sarawak
98050,Long Seridan,Baram,Sarawak
98050,Long Teru,Baram,Sarawak
98050,Lubuk Nibong,Baram,Sarawak
98050,Marudi,Baram,Sarawak
98050,RC Mission (Jalan Tem. Dato Oyong Lawai Jau),Baram,Sarawak
98050,Sungai Jaong,Baram,Sarawak
98050,Taman Dah Yuh (Jalan Temenggong Gau Jau),Baram,Sarawak
98050,Telang Usan,Baram,Sarawak
98057,Peti Surat 1 - 100,Baram,Sarawak
98058,Peti Surat 101 & Ke Atas,Baram,Sarawak
98059,Beg Berkunci,Baram,Sarawak
98100,Lutong,Lutong,Sarawak
98107,Peti Surat,Lutong,Sarawak
98109,Beg Berkunci,Lutong,Sarawak
98150,Bekenu,Bekenu,Sarawak
98150,Kampung Bekenu,Bekenu,Sarawak
98150,Kampung Bulau,Bekenu,Sarawak
98150,Kampung Bungai,Bekenu,Sarawak
98150,Kampung Jangalas,Bekenu,Sarawak
98150,Kampung Kayu Kapur,Bekenu,Sarawak
98150,Kampung Kejapil,Bekenu,Sarawak
98150,Kampung Kelulit,Bekenu,Sarawak
98150,Kampung Keluru,Bekenu,Sarawak
98150,Kampung Kuala Bakar,Bekenu,Sarawak
98150,Kampung Kuala Sibuti,Bekenu,Sarawak
98150,Kampung Menjelin,Bekenu,Sarawak
98150,Kampung Mutap,Bekenu,Sarawak
98150,Kampung Ranca-Ranca,Bekenu,Sarawak
98150,Kampung Satap,Bekenu,Sarawak
98150,Kampung Sebalik,Bekenu,Sarawak
98150,Kampung Selanyau,Bekenu,Sarawak
98150,Kampung Sepurau,Bekenu,Sarawak
98150,Kampung Sinop,Bekenu,Sarawak
98150,Kampung Subak,Bekenu,Sarawak
98157,Peti Surat,Bekenu,Sarawak
98159,Beg Berkunci,Bekenu,Sarawak
98200,Batu Niah,Niah,Sarawak
98200,Kampung Dagang,Niah,Sarawak
98200,Kampung Masjid,Niah,Sarawak
98200,Kampung Sepupok,Niah,Sarawak
98200,Niah,Niah,Sarawak
98200,Rumah Sawing,Niah,Sarawak
98200,Sungai Sekerat,Niah,Sarawak
98300,Jalan 7 Mile Round,Long Lama,Sarawak
98300,Kampung Sri Kenawan,Long Lama,Sarawak
98300,Kampung Sungai Dua,Long Lama,Sarawak
98300,Lang Laput,Long Lama,Sarawak
98300,Long Lama,Long Lama,Sarawak
98300,Long Miri,Long Lama,Sarawak
98300,Long Pilah,Long Lama,Sarawak
98700,Jalan Bangkita,Limbang,Sarawak
98700,Jalan Buangsiol,Limbang,Sarawak
98700,Jalan Cempaka Utara,Limbang,Sarawak
98700,Jalan Kubong,Limbang,Sarawak
98700,Jalan Kubu,Limbang,Sarawak
98700,Jalan Maybank,Limbang,Sarawak
98700,Jalan Merdeka,Limbang,Sarawak
98700,Jalan Muhibbah,Limbang,Sarawak
98700,Jalan Pandaruan,Limbang,Sarawak
98700,Jalan Pegong,Limbang,Sarawak
98700,Jalan Rickettes,Limbang,Sarawak
98700,Jalan Tarap,Limbang,Sarawak
98700,Jalan Wayang,Limbang,Sarawak
98700,Jalan Wong Tsap Tsen,Limbang,Sarawak
98700,Kampung Agong Tua,Limbang,Sarawak
98700,Kampung Anak Bukit,Limbang,Sarawak
98700,Kampung Anak Tuno,Limbang,Sarawak
98700,Kampung Bakol,Limbang,Sarawak
98700,Kampung Bambangan,Limbang,Sarawak
98700,Kampung Bangkita,Limbang,Sarawak
98700,Kampung Bangkuati,Limbang,Sarawak
98700,Kampung Baru Kuala Berawan,Limbang,Sarawak
98700,Kampung Baru,Limbang,Sarawak
98700,Kampung Batu 2 1/2,Limbang,Sarawak
98700,Kampung Batu Bekarang,Limbang,Sarawak
98700,Kampung Batu Berawan,Limbang,Sarawak
98700,Kampung Batu Danau,Limbang,Sarawak
98700,Kampung Batu Kerang,Limbang,Sarawak
98700,Kampung Belading,Limbang,Sarawak
98700,Kampung Belimbing,Limbang,Sarawak
98700,Kampung Benuas,Limbang,Sarawak
98700,Kampung Bidang,Limbang,Sarawak
98700,Kampung Binjai,Limbang,Sarawak
98700,Kampung Buang Siol,Limbang,Sarawak
98700,Kampung Buangabai,Limbang,Sarawak
98700,Kampung Bukit Kota,Limbang,Sarawak
98700,Kampung Bukit Luba,Limbang,Sarawak
98700,Kampung Buluh Balui,Limbang,Sarawak
98700,Kampung Bumbun,Limbang,Sarawak
98700,Kampung Bunga Raya,Limbang,Sarawak
98700,Kampung Cempaka,Limbang,Sarawak
98700,Kampung Gadong,Limbang,Sarawak
98700,Kampung Gumaya,Limbang,Sarawak
98700,Kampung Imok,Limbang,Sarawak
98700,Kampung Indok,Limbang,Sarawak
98700,Kampung Ipai,Limbang,Sarawak
98700,Kampung Kelapa Mawar,Limbang,Sarawak
98700,Kampung Kuala Awang,Limbang,Sarawak
98700,Kampung Lembuak,Limbang,Sarawak
98700,Kampung Limpaki,Limbang,Sarawak
98700,Kampung Limpaong,Limbang,Sarawak
98700,Kampung Lubok Bidai,Limbang,Sarawak
98700,Kampung Lubok Lasa,Limbang,Sarawak
98700,Kampung Lubok Pangie,Limbang,Sarawak
98700,Kampung Lubok Piasau,Limbang,Sarawak
98700,Kampung Malagangai,Limbang,Sarawak
98700,Kampung Masjid,Limbang,Sarawak
98700,Kampung Medait,Limbang,Sarawak
98700,Kampung Mengatai,Limbang,Sarawak
98700,Kampung Merasan,Limbang,Sarawak
98700,Kampung Meritam,Limbang,Sarawak
98700,Kampung Nauran,Limbang,Sarawak
98700,Kampung Pabahanan,Limbang,Sarawak
98700,Kampung Pahlawan,Limbang,Sarawak
98700,Kampung Pandak,Limbang,Sarawak
98700,Kampung Patiambun,Limbang,Sarawak
98700,Kampung Paya Mengeliong,Limbang,Sarawak
98700,Kampung Pekan Gurah,Limbang,Sarawak
98700,Kampung Pekan Jawa,Limbang,Sarawak
98700,Kampung Pekan Madang,Limbang,Sarawak
98700,Kampung Pelita (LCDA),Limbang,Sarawak
98700,Kampung Pemukat,Limbang,Sarawak
98700,Kampung Penapak,Limbang,Sarawak
98700,Kampung Pendam,Limbang,Sarawak
98700,Kampung Petiambun,Limbang,Sarawak
98700,Kampung Pundut,Limbang,Sarawak
98700,Kampung Runggu,Limbang,Sarawak
98700,Kampung Sangkar,Limbang,Sarawak
98700,Kampung Sayong,Limbang,Sarawak
98700,Kampung Sebukang,Limbang,Sarawak
98700,Kampung Sembiling,Limbang,Sarawak
98700,Kampung Sigantang,Limbang,Sarawak
98700,Kampung Sungai Poyan,Limbang,Sarawak
98700,Kampung Tababang,Limbang,Sarawak
98700,Kampung Tabahan,Limbang,Sarawak
98700,Kampung Tanjong Darat,Limbang,Sarawak
98700,Kampung Tanjong Rimau,Limbang,Sarawak
98700,Kampung Tanjong Ungar,Limbang,Sarawak
98700,Kampung Tanjong,Limbang,Sarawak
98700,Kampung Tedungan,Limbang,Sarawak
98700,Kampung Telabak,Limbang,Sarawak
98700,Kampung Temiang,Limbang,Sarawak
98700,Kampung Tendungan,Limbang,Sarawak
98700,Kampung Tuna,Limbang,Sarawak
98700,Kampung Ukong,Limbang,Sarawak
98700,Kampung Ulak,Limbang,Sarawak
98700,Kampung Uma Bawang,Limbang,Sarawak
98700,Kubong,Limbang,Sarawak
98700,Limbang,Limbang,Sarawak
98700,Pandaruan,Limbang,Sarawak
98700,Penganan,Limbang,Sarawak
98700,Taman Batu Biah,Limbang,Sarawak
98700,Taman Batu Keramat Jalan Kubong,Limbang,Sarawak
98700,Taman Bunga Simpor Jalan Pekeliling,Limbang,Sarawak
98700,Taman Cahaya,Limbang,Sarawak
98700,Taman Desa Pabahanan,Limbang,Sarawak
98700,Taman Haji Mohidin Jalan Pandaruan,Limbang,Sarawak
98700,Taman Happy Jalan Kubong,Limbang,Sarawak
98700,Taman Hen Yii Jalan Batu Biah,Limbang,Sarawak
98700,Taman Indah Jalan Pekeliling,Limbang,Sarawak
98700,Taman International Jalan Pandaruan,Limbang,Sarawak
98700,Taman Jayitek,Limbang,Sarawak
98700,Taman Kaban Jalan Kubong,Limbang,Sarawak
98700,Taman Lik Hin Jalan Pekeliling,Limbang,Sarawak
98700,Taman Lucky Jalan Kubong,Limbang,Sarawak
98700,Taman Ming Hock Jalan Batu Biah,Limbang,Sarawak
98700,Taman Nyuk Lian,Limbang,Sarawak
98700,Taman Pertama Jalan Kubong,Limbang,Sarawak
98700,Taman Piramid Jalan Kubong,Limbang,Sarawak
98700,Taman Poyan Jaya Jalan Kubong,Limbang,Sarawak
98700,Taman Pulo Bunga Jalan Kubong,Limbang,Sarawak
98700,Taman Riverway Park Jalan Kubong,Limbang,Sarawak
98700,Taman Sentosa,Limbang,Sarawak
98700,Taman St. Edmund Jalan Kubong,Limbang,Sarawak
98700,Taman Star Jalan Kubong,Limbang,Sarawak
98700,Taman Sungai Kaban Jalan Kubong,Limbang,Sarawak
98700,Taman Tasek Mas Jalan Kubong,Limbang,Sarawak
98700,Ukong,Limbang,Sarawak
98707,Peti Surat 1 - 200,Limbang,Sarawak
98708,Peti Surat 201 & Ke Atas,Limbang,Sarawak
98709,Beg Berkunci,Limbang,Sarawak
98750,Nanga Medamit,Nanga Medamit,Sarawak
98800,Kampung Aru,Sundar,Sarawak
98800,Kampung Awat-Awat,Sundar,Sarawak
98800,Kampung Baru,Sundar,Sarawak
98800,Sundar,Sundar,Sarawak
98850,Awat-Awat,Lawas,Sarawak
98850,Ba Kelalan,Lawas,Sarawak
98850,Belakang Kedai,Lawas,Sarawak
98850,Kampung Air Terjun,Lawas,Sarawak
98850,Kampung Batu Dua,Lawas,Sarawak
98850,Kampung Batu Tiga,Lawas,Sarawak
98850,Kampung Belangsat,Lawas,Sarawak
98850,Kampung Belimbing,Lawas,Sarawak
98850,Kampung Datu,Lawas,Sarawak
98850,Kampung Empittied,Lawas,Sarawak
98850,Kampung Long Sebangang,Lawas,Sarawak
98850,Kampung Masjid,Lawas,Sarawak
98850,Kampung Merapok,Lawas,Sarawak
98850,Kampung Nor Islam,Lawas,Sarawak
98850,Kampung Pangi,Lawas,Sarawak
98850,Kampung Pemukat,Lawas,Sarawak
98850,Kampung Punang,Lawas,Sarawak
98850,Kampung Sebangan Lawas,Lawas,Sarawak
98850,Kampung Sesco,Lawas,Sarawak
98850,Kampung Tanjong Batu,Lawas,Sarawak
98850,Kampung Temanggis,Lawas,Sarawak
98850,Lawas,Lawas,Sarawak
98850,Long Semadoh,Lawas,Sarawak
98850,Long Sukang,Lawas,Sarawak
98850,Sungai Bangat,Lawas,Sarawak
98850,Sungai Berlipat,Lawas,Sarawak
98850,Sungai Seloating,Lawas,Sarawak
98850,Trusan,Lawas,Sarawak
98850,Tuaran,Lawas,Sarawak
98857,Peti Surat,Lawas,Sarawak
98859,Beg Berkunci,Lawas,Sarawak
