20000,Hotel Tanjung Vista,Kuala Terengganu,Terengganu
20000,Jalan Istana Kolam,Kuala Terengganu,Terengganu
20000,Jalan Kota,Kuala Terengganu,Terengganu
20000,Jalan Ladang Sekolah,Kuala Terengganu,Terengganu
20000,Jalan Nesan Empat,Kuala Terengganu,Terengganu
20000,Jalan Petani,Kuala Terengganu,Terengganu
20000,Jalan Sultan Sulaiman,Kuala Terengganu,Terengganu
20000,Jalan Sultan Zainal Abidin,Kuala Terengganu,Terengganu
20000,Kampung Aur,Kuala Terengganu,Terengganu
20000,Kampung Bangsal,Kuala Terengganu,Terengganu
20000,Kampung Daik,Kuala Terengganu,Terengganu
20000,Kampung Dalam Bata,Kuala Terengganu,Terengganu
20000,Kampung Dato Penglima Perang,Kuala Terengganu,Terengganu
20000,Kampung Kolam,Kuala Terengganu,Terengganu
20000,Kampung Ladang Cicar,Kuala Terengganu,Terengganu
20000,Kampung Ladang Mengabang,Kuala Terengganu,Terengganu
20000,Kampung Ladang Pasar,Kuala Terengganu,Terengganu
20000,Kampung Ladang Sekolah,Kuala Terengganu,Terengganu
20000,Kampung Ladang Titian,Kuala Terengganu,Terengganu
20000,Kampung Pantai Haji Kasim,Kuala Terengganu,Terengganu
20000,Kampung Petani,Kuala Terengganu,Terengganu
20000,Kampung Rakyat,Kuala Terengganu,Terengganu
20000,Kampung Surau Haji Mat Tokey,Kuala Terengganu,Terengganu
20000,Kampung Surau Telok,Kuala Terengganu,Terengganu
20000,Kampung Surau Tok She,Kuala Terengganu,Terengganu
20000,Kampung Tanjong (1.5 KM),Kuala Terengganu,Terengganu
20000,Kampung Tanjong Paya,Kuala Terengganu,Terengganu
20000,Kampung Tanjong Surau Besar,Kuala Terengganu,Terengganu
20000,Kampung Tanjong Surau Pasir,Kuala Terengganu,Terengganu
20000,Kampung Tanjung Batu Satu,Kuala Terengganu,Terengganu
20000,Kampung Tanjung Mengabang,Kuala Terengganu,Terengganu
20000,Lorong Bemban,Kuala Terengganu,Terengganu
20000,Perbadanan Pembangunan Bandar,Kuala Terengganu,Terengganu
20000,Taman Petani,Kuala Terengganu,Terengganu
20050,Jalan Kelantan (Hingga 6 KM),Kuala Terengganu,Terengganu
20050,Jalan Pulau Musang,Kuala Terengganu,Terengganu
20050,Kampung Banggol Chempedak,Kuala Terengganu,Terengganu
20050,Kampung Banggol Katong,Kuala Terengganu,Terengganu
20050,Kampung Banggol Lalang,Kuala Terengganu,Terengganu
20050,Kampung Banggol Tok Ku,Kuala Terengganu,Terengganu
20050,Kampung Baru Serada,Kuala Terengganu,Terengganu
20050,Kampung Beladau Selat,Kuala Terengganu,Terengganu
20050,Kampung Belukar Sukai,Kuala Terengganu,Terengganu
20050,Kampung Bukit Kubang Jambu,Kuala Terengganu,Terengganu
20050,Kampung Durian Burong,Kuala Terengganu,Terengganu
20050,Kampung Dusun Melintang,Kuala Terengganu,Terengganu
20050,Kampung Gelugor Haji Tahir,Kuala Terengganu,Terengganu
20050,Kampung Gelugor Kedai,Kuala Terengganu,Terengganu
20050,Kampung Gelugor Raja,Kuala Terengganu,Terengganu
20050,Kampung Gong Pauh,Kuala Terengganu,Terengganu
20050,Kampung Gong Pipit,Kuala Terengganu,Terengganu
20050,Kampung Kedai Kepong,Kuala Terengganu,Terengganu
20050,Kampung Kepong,Kuala Terengganu,Terengganu
20050,Kampung Kuala Bekah Pasar,Kuala Terengganu,Terengganu
20050,Kampung Kuala Bekah,Kuala Terengganu,Terengganu
20050,Kampung Kubang Bakong,Kuala Terengganu,Terengganu
20050,Kampung Kubang Bujok,Kuala Terengganu,Terengganu
20050,Kampung Kubang Kura,Kuala Terengganu,Terengganu
20050,Kampung Kubang Parit,Kuala Terengganu,Terengganu
20050,Kampung Kubang Tangga,Kuala Terengganu,Terengganu
20050,Kampung Kubang Terap,Kuala Terengganu,Terengganu
20050,Kampung Melintang,Kuala Terengganu,Terengganu
20050,Kampung Merbau Patah,Kuala Terengganu,Terengganu
20050,Kampung Padang Sena,Kuala Terengganu,Terengganu
20050,Kampung Pak Pa,Kuala Terengganu,Terengganu
20050,Kampung Paloh Masjid,Kuala Terengganu,Terengganu
20050,Kampung Paloh Sekolah,Kuala Terengganu,Terengganu
20050,Kampung Paloh Sungai Kiat,Kuala Terengganu,Terengganu
20050,Kampung Paloh Tok Ku,Kuala Terengganu,Terengganu
20050,Kampung Paloh Tuan Sulong,Kuala Terengganu,Terengganu
20050,Kampung Panji,Kuala Terengganu,Terengganu
20050,Kampung Pengadang Baru,Kuala Terengganu,Terengganu
20050,Kampung Pengkalan Setar,Kuala Terengganu,Terengganu
20050,Kampung Pengkalan Star,Kuala Terengganu,Terengganu
20050,Kampung Pulau Musang,Kuala Terengganu,Terengganu
20050,Kampung Pulau Rusa Masjid,Kuala Terengganu,Terengganu
20050,Kampung Pulau Rusa Rang,Kuala Terengganu,Terengganu
20050,Kampung Pulau Rusa Sekolah,Kuala Terengganu,Terengganu
20050,Kampung Pulau Rusa Wan Nik,Kuala Terengganu,Terengganu
20050,Kampung Pulau Rusa,Kuala Terengganu,Terengganu
20050,Kampung Serada,Kuala Terengganu,Terengganu
20050,Kampung Sungai Pinang,Kuala Terengganu,Terengganu
20050,Kampung Sungai Rengas,Kuala Terengganu,Terengganu
20050,Kampung Telok Paku,Kuala Terengganu,Terengganu
20050,Kampung Tirok,Kuala Terengganu,Terengganu
20050,Kampung Titian Hangus,Kuala Terengganu,Terengganu
20050,Kampung Tok Badir,Kuala Terengganu,Terengganu
20050,Kampung Tok Jamal,Kuala Terengganu,Terengganu
20050,Kampung Tok Kaya,Kuala Terengganu,Terengganu
20050,Kampung Tuan Nong,Kuala Terengganu,Terengganu
20050,Kampung Wakaf Beruas,Kuala Terengganu,Terengganu
20050,Kampung Wakaf Che Kapor,Kuala Terengganu,Terengganu
20050,Kampung Wakaf Mempelam,Kuala Terengganu,Terengganu
20050,Taman Seri Paloh,Kuala Terengganu,Terengganu
20050,Taman Setia Durian Burong,Kuala Terengganu,Terengganu
20100,Jalan Bandar,Kuala Terengganu,Terengganu
20100,Jalan Banggol,Kuala Terengganu,Terengganu
20100,Jalan Belakang Kampung China,Kuala Terengganu,Terengganu
20100,Jalan Jail,Kuala Terengganu,Terengganu
20100,Jalan Kampung Dalam,Kuala Terengganu,Terengganu
20100,Jalan Kampung Tiong,Kuala Terengganu,Terengganu
20100,Jalan Kubor,Kuala Terengganu,Terengganu
20100,Jalan Masjid Abidin,Kuala Terengganu,Terengganu
20100,Jalan Pantai,Kuala Terengganu,Terengganu
20100,Jalan Syed Hussein,Kuala Terengganu,Terengganu
20100,Jalan Tok Lam,Kuala Terengganu,Terengganu
20100,Kampung Banggol,Kuala Terengganu,Terengganu
20100,Kampung Jail,Kuala Terengganu,Terengganu
20100,Kampung Masjid,Kuala Terengganu,Terengganu
20100,Kampung Paya Keladi,Kuala Terengganu,Terengganu
20100,Kampung Surau Puteh,Kuala Terengganu,Terengganu
20100,Kampung Surau Wan Su,Kuala Terengganu,Terengganu
20100,Kampung Telaga Panchor,Kuala Terengganu,Terengganu
20100,Kampung Tiong,Kuala Terengganu,Terengganu
20100,Kedai Payang,Kuala Terengganu,Terengganu
20100,Komplek Niaga Paya Bunga,Kuala Terengganu,Terengganu
20100,Lorong Haji Jamil,Kuala Terengganu,Terengganu
20100,Penguatkuasa Akta Penanaman Padi,Kuala Terengganu,Terengganu
20100,Pusat Perniagaan Paya Keladi,Kuala Terengganu,Terengganu
20200,Jabatan Bekalan Air,Kuala Terengganu,Terengganu
20200,Jabatan Hal Ehwal Kesatuan Sekerja,Kuala Terengganu,Terengganu
20200,Jabatan Hutan Daerah Terengganu Utara,Kuala Terengganu,Terengganu
20200,Jalan Pejabat,Kuala Terengganu,Terengganu
20200,Jalan Sultan Ismail,Kuala Terengganu,Terengganu
20200,Jawatankuasa Keselamatan Negeri,Kuala Terengganu,Terengganu
20200,Kampung Paya Bunga,Kuala Terengganu,Terengganu
20200,Lembaga Kemajuan Perindustrian (MIDA),Kuala Terengganu,Terengganu
20200,Lembaga Pasaran & Perusahaan Getah,Kuala Terengganu,Terengganu
20200,Lembaga Pelesenan Kenderaan (LPKP),Kuala Terengganu,Terengganu
20200,Lembaga Pelesenan Minyak Sawit,Kuala Terengganu,Terengganu
20200,Lembaga Pemasaran Pertanian,Kuala Terengganu,Terengganu
20200,Lembaga Tabung Haji,Kuala Terengganu,Terengganu
20200,Majlis Perbandaran Kuala Terengganu,Kuala Terengganu,Terengganu
20200,Muasasah Gadaian Islam,Kuala Terengganu,Terengganu
20200,Pejabat Pelancungan Malaysia (TDC),Kuala Terengganu,Terengganu
20200,Perbadanan Kemajuan Iktisad Negeri Terengganu,Kuala Terengganu,Terengganu
20200,Pusat Khidmat Kontraktor,Kuala Terengganu,Terengganu
20200,Unit Kontrak Penyelenggaraan & Bumiputera,Kuala Terengganu,Terengganu
20200,Unit Perpaduan Ummah,Kuala Terengganu,Terengganu
20200,Wisma Persekutuan,Kuala Terengganu,Terengganu
20300,Jabatan Pertanian Daerah,Kuala Terengganu,Terengganu
20300,Jalan Air Jernih,Kuala Terengganu,Terengganu
20300,Jalan Batas Baru,Kuala Terengganu,Terengganu
20300,Jalan Cherong Lanjut,Kuala Terengganu,Terengganu
20300,Jalan Hilir,Kuala Terengganu,Terengganu
20300,Jalan Kota Lama,Kuala Terengganu,Terengganu
20300,Jalan Mengadang Akar,Kuala Terengganu,Terengganu
20300,Jalan Sultan Omar,Kuala Terengganu,Terengganu
20300,Jalan Syed Zain,Kuala Terengganu,Terengganu
20300,Jalan Tekukor,Kuala Terengganu,Terengganu
20300,Kampung Balik Bukit,Kuala Terengganu,Terengganu
20300,Kampung Batas Baru,Kuala Terengganu,Terengganu
20300,Kampung Bukit Jambol,Kuala Terengganu,Terengganu
20300,Kampung Paya Tok Ber,Kuala Terengganu,Terengganu
20300,Kampung Pengadang Akar,Kuala Terengganu,Terengganu
20300,Kampung Pulau Kambing,Kuala Terengganu,Terengganu
20300,Kampung Titian Lembut,Kuala Terengganu,Terengganu
20300,Pejabat Felda,Kuala Terengganu,Terengganu
20300,Pejabat Shah Bandar Pantai Timur,Kuala Terengganu,Terengganu
20300,Taman Dalya,Kuala Terengganu,Terengganu
20300,Taman Hajjah Kelsom,Kuala Terengganu,Terengganu
20300,Taman Terkukur,Kuala Terengganu,Terengganu
20300,Yayasan Terengganu,Kuala Terengganu,Terengganu
20400,Jalan Dato Amar,Kuala Terengganu,Terengganu
20400,Jalan Haji Busu,Kuala Terengganu,Terengganu
20400,Jalan Hospital,Kuala Terengganu,Terengganu
20400,Jalan Kamaruddin,Kuala Terengganu,Terengganu
20400,Jalan Kenanga,Kuala Terengganu,Terengganu
20400,Jalan Peranginan,Kuala Terengganu,Terengganu
20400,Jalan Pusara,Kuala Terengganu,Terengganu
20400,Jalan Sultan Mahmud,Kuala Terengganu,Terengganu
20400,Kampung Banggol Tok Mudin,Kuala Terengganu,Terengganu
20400,Kampung Batu Burok,Kuala Terengganu,Terengganu
20400,Kampung Gong Kemunting,Kuala Terengganu,Terengganu
20400,Kampung Kolam Kuala Ibai,Kuala Terengganu,Terengganu
20400,Kampung Kuala Ibai,Kuala Terengganu,Terengganu
20400,Kampung Ladang Hospital,Kuala Terengganu,Terengganu
20400,Kampung Ladang Sheikh Ibrahim,Kuala Terengganu,Terengganu
20400,Kampung Ladang Sihat,Kuala Terengganu,Terengganu
20400,Kampung Masjid Batu Burok,Kuala Terengganu,Terengganu
20400,Kampung Mengabang Tengah Masjid,Kuala Terengganu,Terengganu
20400,Kampung Mengabang Tengah,Kuala Terengganu,Terengganu
20400,Kampung Pantai Kuala Ibai,Kuala Terengganu,Terengganu
20400,Kampung Telok Tok Adis,Kuala Terengganu,Terengganu
20400,Lembaga Tembakau Negara,Kuala Terengganu,Terengganu
20400,Lorong Budiman,Kuala Terengganu,Terengganu
20400,Lorong Haji Da,Kuala Terengganu,Terengganu
20400,Lorong Pandan,Kuala Terengganu,Terengganu
20400,Lorong Temasya Pantai,Kuala Terengganu,Terengganu
20400,Taman Jaya,Kuala Terengganu,Terengganu
20400,Taman Purnama,Kuala Terengganu,Terengganu
20400,Taman Salimor 2,Kuala Terengganu,Terengganu
20400,Taman Seri Pantai,Kuala Terengganu,Terengganu
20500,DYMM Sultan Terengganu,Kuala Terengganu,Terengganu
20502,Biro Tata Negara Terengganu,Kuala Terengganu,Terengganu
20502,YAB Menteri Besar Terengganu,Kuala Terengganu,Terengganu
20503,Majlis Sukan Negeri,Kuala Terengganu,Terengganu
20503,Setiausaha Kerajaan Negeri,Kuala Terengganu,Terengganu
20503,Unit Perancang Ekonomi,Kuala Terengganu,Terengganu
20504,Biro Bantuan Guaman,Kuala Terengganu,Terengganu
20505,Biro Pengaduan Awam,Kuala Terengganu,Terengganu
20506,Mahkamah Tinggi,Kuala Terengganu,Terengganu
20508,Amanah Raya Berhad,Kuala Terengganu,Terengganu
20512,Penasihat Undang-Undang Negeri,Kuala Terengganu,Terengganu
20514,Jabatan Perangkaan,Kuala Terengganu,Terengganu
20516,Jabatan Pemegang Harta,Kuala Terengganu,Terengganu
20517,Jabatan Perpaduan Negara,Kuala Terengganu,Terengganu
20518,Ketua Audit Negeri,Kuala Terengganu,Terengganu
20519,Majlis Agama Islam Terengganu,Kuala Terengganu,Terengganu
20520,Suruhan Jaya Perkhidmatan Awam,Kuala Terengganu,Terengganu
20532,Jabatan Sumber Manusia,Kuala Terengganu,Terengganu
20534,Jabatan Kilang & Jentera,Kuala Terengganu,Terengganu
20536,Jabatan Perhubungan Perusahaan,Kuala Terengganu,Terengganu
20538,Jabatan Keselamatan Sosial (Perkeso),Kuala Terengganu,Terengganu
20540,Jabatan Tenaga Rakyat,Kuala Terengganu,Terengganu
20542,Pendaftar Kesatuan Sekerja,Kuala Terengganu,Terengganu
20546,Pejabat Rela Negeri,Kuala Terengganu,Terengganu
20548,Jabatan Hal Ehwal Orang Asli,Kuala Terengganu,Terengganu
20550,Jabatan Imigresen,Kuala Terengganu,Terengganu
20551,Jabatan Pendaftaran Negara,Kuala Terengganu,Terengganu
20552,Jabatan Pendaftar Pertubuhan,Kuala Terengganu,Terengganu
20554,Percetakan Nasional Berhad,Kuala Terengganu,Terengganu
20556,Jabatan Pertahanan Awam,Kuala Terengganu,Terengganu
20560,Ketua Polis Negeri,Kuala Terengganu,Terengganu
20564,Jabatan Kebajikan Masyarakat,Kuala Terengganu,Terengganu
20566,Jabatan Muzium,Kuala Terengganu,Terengganu
20568,Jabatan Arkib Negara,Kuala Terengganu,Terengganu
20570,Jabatan Belia & Sukan,Kuala Terengganu,Terengganu
20570,Pusat Latihan Belia Negeri,Kuala Terengganu,Terengganu
20572,Perpustakaan Awam Negeri,Kuala Terengganu,Terengganu
20576,Jabatan Tanah & Galian,Kuala Terengganu,Terengganu
20578,Jabatan Ukur & Pemetaan,Kuala Terengganu,Terengganu
20582,Jabatan Kerja Raya,Kuala Terengganu,Terengganu
20586,Hospital Kuala Terengganu,Kuala Terengganu,Terengganu
20590,Jabatan Kesihatan,Kuala Terengganu,Terengganu
20592,Jabatan Penilaian Harta,Kuala Terengganu,Terengganu
20592,Pegawai Kewangan Negeri,Kuala Terengganu,Terengganu
20596,Akauntan Negeri,Kuala Terengganu,Terengganu
20596,Jabatan Kastam & Eksais Di Raja,Kuala Terengganu,Terengganu
20600,Lembaga Hasil Dalam Negeri,Kuala Terengganu,Terengganu
20604,Jabatan Pendidikan,Kuala Terengganu,Terengganu
20604,Ketua Nazir Sekolah Persekutuan,Kuala Terengganu,Terengganu
20606,Jabatan Kemajuan Masyarakat (Kemas),Kuala Terengganu,Terengganu
20608,Jabatan Pembangunan Koperasi,Kuala Terengganu,Terengganu
20609,Pejabat Mara Negeri,Kuala Terengganu,Terengganu
20610,Bahagian Pelesenan - Kementerian Penerangan,Kuala Terengganu,Terengganu
20612,Jabatan Penerangan,Kuala Terengganu,Terengganu
20614,Jabatan Penyiaran,Kuala Terengganu,Terengganu
20618,Jabatan Penerbangan Awam,Kuala Terengganu,Terengganu
20620,Jabatan Pengangkutan Jalan,Kuala Terengganu,Terengganu
20622,Penguatkuasa Kementerian Perdagangan Dalam Negeri,Kuala Terengganu,Terengganu
20626,Jabatan Pengairan & Saliran,Kuala Terengganu,Terengganu
20628,Jabatan Perikanan,Kuala Terengganu,Terengganu
20630,Jabatan Haiwan,Kuala Terengganu,Terengganu
20632,Jabatan Pertanian,Kuala Terengganu,Terengganu
20646,Jabatan Perancang Bandar & Desa,Kuala Terengganu,Terengganu
20648,Jabatan Bomba & Penyelamat,Kuala Terengganu,Terengganu
20656,Jabatan Galian,Kuala Terengganu,Terengganu
20658,Jabatan Kajibumi,Kuala Terengganu,Terengganu
20660,Jabatan Perhutanan,Kuala Terengganu,Terengganu
20661,Padi & Beras Nasional (Bernas),Kuala Terengganu,Terengganu
20662,Jabatan Alam Sekitar Negeri,Kuala Terengganu,Terengganu
20662,Jabatan Kajicuaca,Kuala Terengganu,Terengganu
20662,Jabatan Kimia,Kuala Terengganu,Terengganu
20664,Jabatan Perhilitan,Kuala Terengganu,Terengganu
20668,Jabatan Telekom Timur,Kuala Terengganu,Terengganu
20670,Pos Malaysia Berhad,Kuala Terengganu,Terengganu
20672,Telekom Malaysia Berhad,Kuala Terengganu,Terengganu
20673,Tenaga Nasional Berhad,Kuala Terengganu,Terengganu
20674,Pegawai Kemajuan Negeri,Kuala Terengganu,Terengganu
20676,Jabatan Agama Islam Terengganu,Kuala Terengganu,Terengganu
20680,Dewan Undangan Negeri,Kuala Terengganu,Terengganu
20690,Suruhanjaya Pilihan Raya Negeri,Kuala Terengganu,Terengganu
20698,Kumpulan Wang Simpanan Pekerja,Kuala Terengganu,Terengganu
20700,Peti Surat 1 - 3,Kuala Terengganu,Terengganu
20700,Peti Surat 19 - 42,Kuala Terengganu,Terengganu
20700,Peti Surat 44 - 49,Kuala Terengganu,Terengganu
20700,Peti Surat 5 - 17,Kuala Terengganu,Terengganu
20700,Peti Surat 52 - 55,Kuala Terengganu,Terengganu
20700,Peti Surat 58 - 62,Kuala Terengganu,Terengganu
20700,Peti Surat 64,Kuala Terengganu,Terengganu
20700,Peti Surat 69 - 80,Kuala Terengganu,Terengganu
20710,Peti Surat 123 - 125,Kuala Terengganu,Terengganu
20710,Peti Surat 128 - 160,Kuala Terengganu,Terengganu
20710,Peti Surat 81 - 89,Kuala Terengganu,Terengganu
20710,Peti Surat 91- 121,Kuala Terengganu,Terengganu
20720,Peti Surat 161 & Ke Atas,Kuala Terengganu,Terengganu
20900,Peti Surat 4,Kuala Terengganu,Terengganu
20902,Peti Surat 18,Kuala Terengganu,Terengganu
20904,Peti Surat 43,Kuala Terengganu,Terengganu
20906,Peti Surat 50,Kuala Terengganu,Terengganu
20908,Peti Surat 51,Kuala Terengganu,Terengganu
20910,Peti Surat 56,Kuala Terengganu,Terengganu
20912,Peti Surat 57,Kuala Terengganu,Terengganu
20914,Peti Surat 63,Kuala Terengganu,Terengganu
20916,Peti Surat 65,Kuala Terengganu,Terengganu
20918,Peti Surat 66,Kuala Terengganu,Terengganu
20920,Peti Surat 67,Kuala Terengganu,Terengganu
20922,Peti Surat 68,Kuala Terengganu,Terengganu
20924,Peti Surat 90,Kuala Terengganu,Terengganu
20926,Peti Surat 122,Kuala Terengganu,Terengganu
20928,Peti Surat 126,Kuala Terengganu,Terengganu
20930,Peti Surat 127,Kuala Terengganu,Terengganu
20990,Beg Berkunci,Kuala Terengganu,Terengganu
21000,Chabang Tiga,Kuala Terengganu,Terengganu
21000,Jalan Hiliran Masjid,Kuala Terengganu,Terengganu
21000,Jalan Kosong Ferry,Kuala Terengganu,Terengganu
21000,Jalan Kuala Hiliran,Kuala Terengganu,Terengganu
21000,Jalan Losong Masjid,Kuala Terengganu,Terengganu
21000,Jalan Seb Baroh Kanan,Kuala Terengganu,Terengganu
21000,Jalan Siakap,Kuala Terengganu,Terengganu
21000,Kampung Bukit Losong,Kuala Terengganu,Terengganu
21000,Kampung Bukit Tangki Ayer,Kuala Terengganu,Terengganu
21000,Kampung Hiliran Binjai Besar,Kuala Terengganu,Terengganu
21000,Kampung Hiliran Masjid,Kuala Terengganu,Terengganu
21000,Kampung Hiliran Parit Gali,Kuala Terengganu,Terengganu
21000,Kampung Hiliran Surau Baru,Kuala Terengganu,Terengganu
21000,Kampung Kubang Buyong,Kuala Terengganu,Terengganu
21000,Kampung Lorong Salak,Kuala Terengganu,Terengganu
21000,Kampung Losong Atap Zing,Kuala Terengganu,Terengganu
21000,Kampung Losong Bata,Kuala Terengganu,Terengganu
21000,Kampung Losong Dato Amar,Kuala Terengganu,Terengganu
21000,Kampung Losong Ebeng,Kuala Terengganu,Terengganu
21000,Kampung Losong Haji Awang,Kuala Terengganu,Terengganu
21000,Kampung Losong Haji Long Hakim,Kuala Terengganu,Terengganu
21000,Kampung Losong Haji Mohd,Kuala Terengganu,Terengganu
21000,Kampung Losong Haji Su,Kuala Terengganu,Terengganu
21000,Kampung Losong Haji Wan Nawang,Kuala Terengganu,Terengganu
21000,Kampung Losong Masjid,Kuala Terengganu,Terengganu
21000,Kampung Losong Megat Husain,Kuala Terengganu,Terengganu
21000,Kampung Losong Pak Bas,Kuala Terengganu,Terengganu
21000,Kampung Losong Panglima Perang,Kuala Terengganu,Terengganu
21000,Kampung Losong Pasir,Kuala Terengganu,Terengganu
21000,Kampung Losong Tangkol Hijau,Kuala Terengganu,Terengganu
21000,Kampung Makam Lama,Kuala Terengganu,Terengganu
21000,Kampung Masjid Tok Ku,Kuala Terengganu,Terengganu
21000,Kampung Padang Hiliran,Kuala Terengganu,Terengganu
21000,Kampung Pulau Sekati,Kuala Terengganu,Terengganu
21000,Kampung Seberang Baroh Belukar,Kuala Terengganu,Terengganu
21000,Kampung Seberang Baroh Taliair,Kuala Terengganu,Terengganu
21000,Kampung Seberang Baroh,Kuala Terengganu,Terengganu
21000,Kampung Tok Ku,Kuala Terengganu,Terengganu
21000,Kuala Hiliran,Kuala Terengganu,Terengganu
21000,Kubang Buyong,Kuala Terengganu,Terengganu
21000,Lorong Ciku,Kuala Terengganu,Terengganu
21000,Lorong Limau,Kuala Terengganu,Terengganu
21000,Lorong Makam Lama,Kuala Terengganu,Terengganu
21000,Lorong Radio Malaysia,Kuala Terengganu,Terengganu
21000,Lorong Stesen Pemancar RTM,Kuala Terengganu,Terengganu
21000,Losong Feri Kiri,Kuala Terengganu,Terengganu
21000,Losong Haji Long,Kuala Terengganu,Terengganu
21000,Losong Haji Mat Shafie,Kuala Terengganu,Terengganu
21000,Losong Lebai Salleh,Kuala Terengganu,Terengganu
21000,Losong Sekolah,Kuala Terengganu,Terengganu
21000,Losong Tepas Mahmud,Kuala Terengganu,Terengganu
21000,Pulau Pak Mat,Kuala Terengganu,Terengganu
21000,Pulau Wan Man,Kuala Terengganu,Terengganu
21000,Simpang Tok Ku,Kuala Terengganu,Terengganu
21009,"Beg Berkunci, Chabang Tiga",Kuala Terengganu,Terengganu
21010,Kampung Bari Besar,Kuala Terengganu,Terengganu
21010,Kampung Gong Arang,Kuala Terengganu,Terengganu
21010,Kampung Mengabang,Kuala Terengganu,Terengganu
21010,Kampung Rhu Tapai,Kuala Terengganu,Terengganu
21010,Kampung Telaga Papan,Kuala Terengganu,Terengganu
21020,Jalan Batu Rakit,Kuala Terengganu,Terengganu
21020,Jalan Merang,Kuala Terengganu,Terengganu
21020,Kampung Bari Besar,Kuala Terengganu,Terengganu
21020,Kampung Darat Tok Wail,Kuala Terengganu,Terengganu
21020,Kampung Dusun Durian,Kuala Terengganu,Terengganu
21020,Kampung Gelong Gajah,Kuala Terengganu,Terengganu
21020,Kampung Kubor Timah,Kuala Terengganu,Terengganu
21020,Kampung Maras,Kuala Terengganu,Terengganu
21020,Kampung Medan Cengal,Kuala Terengganu,Terengganu
21020,Kampung Mengabang Bakong,Kuala Terengganu,Terengganu
21020,Kampung Mengabang Lekar,Kuala Terengganu,Terengganu
21020,Kampung Mengabang Panjang,Kuala Terengganu,Terengganu
21020,Kampung Mengabang Telong,Kuala Terengganu,Terengganu
21020,Kampung Padang Kemunting,Kuala Terengganu,Terengganu
21020,Kampung Pagar Besi,Kuala Terengganu,Terengganu
21020,Kampung Pancur Kuin,Kuala Terengganu,Terengganu
21020,Kampung Pengkalan Atap,Kuala Terengganu,Terengganu
21020,Kampung Sungai Pimpin,Kuala Terengganu,Terengganu
21020,Kampung Taman Hijrah,Kuala Terengganu,Terengganu
21020,Kampung Tanjung Kedepan,Kuala Terengganu,Terengganu
21020,Kampung Telaga Putat,Kuala Terengganu,Terengganu
21020,PPRT Ru Tapai,Kuala Terengganu,Terengganu
21020,Taman Perumahan Lembah Bidong,Kuala Terengganu,Terengganu
21020,Tapah,Kuala Terengganu,Terengganu
21030,Jalan Bakti Simpang Tiga Kubang Badak,Kuala Terengganu,Terengganu
21030,Jalan Sekolah Rendah Gong Badak,Kuala Terengganu,Terengganu
21030,Kampung Gong Benjok,Kuala Terengganu,Terengganu
21030,Kampung Gong Datok,Kuala Terengganu,Terengganu
21030,Kampung Kubang Badak (Jalan Pantai),Kuala Terengganu,Terengganu
21030,Kampung Pak Tuyu,Kuala Terengganu,Terengganu
21030,Kampung Tanjong Gelang,Kuala Terengganu,Terengganu
21030,Kampung Wakaf Cagak,Kuala Terengganu,Terengganu
21030,Kampung Wakaf Tengah,Kuala Terengganu,Terengganu
21030,Maktab Perguruan Kuala Terengganu,Kuala Terengganu,Terengganu
21030,Maktab Rendah Sains Mara,Kuala Terengganu,Terengganu
21030,Mengabang Telipot,Kuala Terengganu,Terengganu
21030,Simpang Tiga Kubang Badak,Kuala Terengganu,Terengganu
21030,Taman Baiduri,Kuala Terengganu,Terengganu
21030,Taman Indah Wangsa,Kuala Terengganu,Terengganu
21030,Taman Seri Nenas,Kuala Terengganu,Terengganu
21040,Kampung Bukit Chempedak,Kuala Terengganu,Terengganu
21040,Kampung Bukit Kolam,Kuala Terengganu,Terengganu
21040,Kampung Cherang Gajah,Kuala Terengganu,Terengganu
21040,Kampung Durian Guling,Kuala Terengganu,Terengganu
21040,Kampung Jerong Surau,Kuala Terengganu,Terengganu
21040,Kampung Jerong Tuan,Kuala Terengganu,Terengganu
21040,Kampung Kayu Arang,Kuala Terengganu,Terengganu
21040,Kampung Kuala Bekah (Pengkalan Berangan),Kuala Terengganu,Terengganu
21040,Kampung Lubok Batu (Wakaf Tapai),Kuala Terengganu,Terengganu
21040,Kampung Pengkalan Berangan,Kuala Terengganu,Terengganu
21040,Kampung Tanggol,Kuala Terengganu,Terengganu
21040,Kampung Tapu,Kuala Terengganu,Terengganu
21040,Kampung Temala,Kuala Terengganu,Terengganu
21040,Kampung Wakaf Tapai,Kuala Terengganu,Terengganu
21040,Pusat Perikanan & Sains,Kuala Terengganu,Terengganu
21060,Kampung Alor Gemia,Kuala Terengganu,Terengganu
21060,Kampung Banggol Nyour,Kuala Terengganu,Terengganu
21060,Kampung Bukit Chempaka,Kuala Terengganu,Terengganu
21060,Kampung Bukit Guntong,Kuala Terengganu,Terengganu
21060,Kampung Bukit Kubor,Kuala Terengganu,Terengganu
21060,Kampung Bukit Nangka,Kuala Terengganu,Terengganu
21060,Kampung Bukit Nenas,Kuala Terengganu,Terengganu
21060,Kampung Gemuroh,Kuala Terengganu,Terengganu
21060,Kampung Jeram Hilir,Kuala Terengganu,Terengganu
21060,Kampung Jeram Hulu,Kuala Terengganu,Terengganu
21060,Kampung Padang Baloh,Kuala Terengganu,Terengganu
21060,Kampung Padang Hangus,Kuala Terengganu,Terengganu
21060,Kampung Pagar Ubi,Kuala Terengganu,Terengganu
21060,Kampung Pondok Lalang,Kuala Terengganu,Terengganu
21060,Kampung Raja Tepoh,Kuala Terengganu,Terengganu
21060,Kampung Sungai Ikan,Kuala Terengganu,Terengganu
21060,Kampung Tepoh,Kuala Terengganu,Terengganu
21060,Kampung Tok Ban,Kuala Terengganu,Terengganu
21060,Kampung Wakaf Gomok,Kuala Terengganu,Terengganu
21060,Tepoh,Kuala Terengganu,Terengganu
21070,Atas Tol,Kuala Terengganu,Terengganu
21070,Kampung Alor Tempoyak,Kuala Terengganu,Terengganu
21070,Kampung Alor,Kuala Terengganu,Terengganu
21070,Kampung Atas Tol,Kuala Terengganu,Terengganu
21070,Kampung Bawah Atas Tol,Kuala Terengganu,Terengganu
21070,Kampung Kedai Buloh,Kuala Terengganu,Terengganu
21070,Kampung Titian Baharu,Kuala Terengganu,Terengganu
21080,Chendering,Kuala Terengganu,Terengganu
21080,Institut Latihan Perikanan,Kuala Terengganu,Terengganu
21080,Institut Piawaian Malaysia (SIRIM),Kuala Terengganu,Terengganu
21080,Kampung Belukar Jambu,Kuala Terengganu,Terengganu
21080,Kampung Bukit Batu Puteh,Kuala Terengganu,Terengganu
21080,Kampung Bukit Chendering,Kuala Terengganu,Terengganu
21080,Kampung Chendering,Kuala Terengganu,Terengganu
21080,Kampung Ketapang,Kuala Terengganu,Terengganu
21080,Kampung Kubang Ikan,Kuala Terengganu,Terengganu
21080,Kampung Laut,Kuala Terengganu,Terengganu
21080,Kampung Pengkalan Raja Wali,Kuala Terengganu,Terengganu
21080,Kampung Raja Chendering,Kuala Terengganu,Terengganu
21080,Kampung Rusila,Kuala Terengganu,Terengganu
21080,Kampung Sendong,Kuala Terengganu,Terengganu
21080,Kampung Wakaf Tok Keh,Kuala Terengganu,Terengganu
21080,Kubang Ikan,Kuala Terengganu,Terengganu
21080,Lembaga Kemajuan Ikan (LKIM),Kuala Terengganu,Terengganu
21080,Pusat Penyelidikan Ikan,Kuala Terengganu,Terengganu
21080,Rusila,Kuala Terengganu,Terengganu
21080,Taman Aquarius,Kuala Terengganu,Terengganu
21080,Taman Desa Jaya,Kuala Terengganu,Terengganu
21080,Taman Medan Jaya,Kuala Terengganu,Terengganu
21080,Taman Permin Jaya,Kuala Terengganu,Terengganu
21090,Pulau Redang,Kuala Terengganu,Terengganu
21100,Bukit Besar,Kuala Terengganu,Terengganu
21100,Gong Kapas,Kuala Terengganu,Terengganu
21100,Jalan Bukit Kechil,Kuala Terengganu,Terengganu
21100,Jalan Dato Bentara Setia,Kuala Terengganu,Terengganu
21100,Jalan Gong Penaga,Kuala Terengganu,Terengganu
21100,Jalan Ibrahim,Kuala Terengganu,Terengganu
21100,Jalan Panji Alam,Kuala Terengganu,Terengganu
21100,Jalan Pintasan,Kuala Terengganu,Terengganu
21100,Jalan Sultan Mohamad,Kuala Terengganu,Terengganu
21100,Kampung Bukit Bayas,Kuala Terengganu,Terengganu
21100,Kampung Bukit Besar,Kuala Terengganu,Terengganu
21100,Kampung Bukit Depu,Kuala Terengganu,Terengganu
21100,Kampung Bukit Kechil,Kuala Terengganu,Terengganu
21100,Kampung Bukit Tanah,Kuala Terengganu,Terengganu
21100,Kampung Cik Damat,Kuala Terengganu,Terengganu
21100,Kampung Gelong Bilal,Kuala Terengganu,Terengganu
21100,Kampung Gong Baru,Kuala Terengganu,Terengganu
21100,Kampung Gong Kapas,Kuala Terengganu,Terengganu
21100,Kampung Gong Nangka,Kuala Terengganu,Terengganu
21100,Kampung Gong Pak Maseh,Kuala Terengganu,Terengganu
21100,Kampung Gong Parit,Kuala Terengganu,Terengganu
21100,Kampung Gong Penaga,Kuala Terengganu,Terengganu
21100,Kampung Gong Tok Nasek,Kuala Terengganu,Terengganu
21100,Kampung Kubor Kechil,Kuala Terengganu,Terengganu
21100,Kampung Nibong,Kuala Terengganu,Terengganu
21100,Kampung Padang,Kuala Terengganu,Terengganu
21100,Kampung Pasir Panjang,Kuala Terengganu,Terengganu
21100,Kampung Paya Jambol,Kuala Terengganu,Terengganu
21100,Kampung Seberang Bukit Bayas,Kuala Terengganu,Terengganu
21100,Kampung Sungai Durhaka,Kuala Terengganu,Terengganu
21100,Lorong Beringin,Kuala Terengganu,Terengganu
21100,Lorong Gemia Rendang,Kuala Terengganu,Terengganu
21100,Lorong Jambu,Kuala Terengganu,Terengganu
21100,Lorong Kemunting,Kuala Terengganu,Terengganu
21100,Lorong Masjid Haji Kadir,Kuala Terengganu,Terengganu
21100,Lorong Masjid Raja,Kuala Terengganu,Terengganu
21100,Lorong Paya Jambol,Kuala Terengganu,Terengganu
21100,Lorong Sagu,Kuala Terengganu,Terengganu
21100,Lorong Surau Baharu,Kuala Terengganu,Terengganu
21100,Lorong Tembesu,Kuala Terengganu,Terengganu
21100,Lorong Tunku Ahmad,Kuala Terengganu,Terengganu
21100,Pusat Membeli Belah Giant,Kuala Terengganu,Terengganu
21100,Sekolah Menengah Sains Terengganu,Kuala Terengganu,Terengganu
21100,Taman Budaya,Kuala Terengganu,Terengganu
21100,Taman Had,Kuala Terengganu,Terengganu
21100,Taman Salimor 1,Kuala Terengganu,Terengganu
21100,Taman Telok Adis Indah,Kuala Terengganu,Terengganu
21109,"Beg Berkunci, Gong Kapas",Kuala Terengganu,Terengganu
21200,Batu Enam,Kuala Terengganu,Terengganu
21200,Belara,Kuala Terengganu,Terengganu
21200,Binjai Manis,Kuala Terengganu,Terengganu
21200,Jalan Kelantan (7 - 13 KM),Kuala Terengganu,Terengganu
21200,Kampung Banggol Ayer Lilih,Kuala Terengganu,Terengganu
21200,Kampung Banggol Dama,Kuala Terengganu,Terengganu
21200,Kampung Banggol Limau,Kuala Terengganu,Terengganu
21200,Kampung Banggol Manir,Kuala Terengganu,Terengganu
21200,Kampung Banggol Tuan Muda,Kuala Terengganu,Terengganu
21200,Kampung Baru Tetambah,Kuala Terengganu,Terengganu
21200,Kampung Batu Hampar,Kuala Terengganu,Terengganu
21200,Kampung Batu Lapan,Kuala Terengganu,Terengganu
21200,Kampung Beladau Kolam,Kuala Terengganu,Terengganu
21200,Kampung Bukit Datu,Kuala Terengganu,Terengganu
21200,Kampung Bukit Kandis,Kuala Terengganu,Terengganu
21200,Kampung Bukit Petiti Belara,Kuala Terengganu,Terengganu
21200,Kampung Bukit Seraman,Kuala Terengganu,Terengganu
21200,Kampung Bukit Tok Ris,Kuala Terengganu,Terengganu
21200,Kampung Bukit Tumboh,Kuala Terengganu,Terengganu
21200,Kampung Bukit Tunggal,Kuala Terengganu,Terengganu
21200,Kampung Buloh Gading,Kuala Terengganu,Terengganu
21200,Kampung Durian Mas,Kuala Terengganu,Terengganu
21200,Kampung Dusun Pinang,Kuala Terengganu,Terengganu
21200,Kampung Dusun Tembakan,Kuala Terengganu,Terengganu
21200,Kampung Dusun,Kuala Terengganu,Terengganu
21200,Kampung Gong Kijang,Kuala Terengganu,Terengganu
21200,Kampung Gong Pak Damak,Kuala Terengganu,Terengganu
21200,Kampung Gong Sentol,Kuala Terengganu,Terengganu
21200,Kampung Jeram,Kuala Terengganu,Terengganu
21200,Kampung Kebor Ayer,Kuala Terengganu,Terengganu
21200,Kampung Kebor Besar,Kuala Terengganu,Terengganu
21200,Kampung Kedai Manir,Kuala Terengganu,Terengganu
21200,Kampung Kesom Che Nordin,Kuala Terengganu,Terengganu
21200,Kampung Kesom Padang Tambak,Kuala Terengganu,Terengganu
21200,Kampung Kesom,Kuala Terengganu,Terengganu
21200,Kampung Kota,Kuala Terengganu,Terengganu
21200,Kampung Kuala Belara,Kuala Terengganu,Terengganu
21200,Kampung Kubang Bujok,Kuala Terengganu,Terengganu
21200,Kampung Kubang Ikan,Kuala Terengganu,Terengganu
21200,Kampung Kubang Jela,Kuala Terengganu,Terengganu
21200,Kampung Kubang Tepak,Kuala Terengganu,Terengganu
21200,Kampung Masjid Haji Hussin,Kuala Terengganu,Terengganu
21200,Kampung Padang Machang,Kuala Terengganu,Terengganu
21200,Kampung Padang Tenger,Kuala Terengganu,Terengganu
21200,Kampung Padang Ujib,Kuala Terengganu,Terengganu
21200,Kampung Pak Katak,Kuala Terengganu,Terengganu
21200,Kampung Parit Dicap,Kuala Terengganu,Terengganu
21200,Kampung Pasir Tebakang,Kuala Terengganu,Terengganu
21200,Kampung Paya Datu,Kuala Terengganu,Terengganu
21200,Kampung Paya Limau Amas,Kuala Terengganu,Terengganu
21200,Kampung Pelam,Kuala Terengganu,Terengganu
21200,Kampung Pengkalan Arang,Kuala Terengganu,Terengganu
21200,Kampung Pengkalan Batu,Kuala Terengganu,Terengganu
21200,Kampung Peradong,Kuala Terengganu,Terengganu
21200,Kampung Petai Bubus,Kuala Terengganu,Terengganu
21200,Kampung Pujuk,Kuala Terengganu,Terengganu
21200,Kampung Pulau Bahagia,Kuala Terengganu,Terengganu
21200,Kampung Seberang Bukit Tumboh,Kuala Terengganu,Terengganu
21200,Kampung Seberang Tuan Chik Haji,Kuala Terengganu,Terengganu
21200,Kampung Sekati,Kuala Terengganu,Terengganu
21200,Kampung Serdang Baru,Kuala Terengganu,Terengganu
21200,Kampung Tanah Lot (Batu 8),Kuala Terengganu,Terengganu
21200,Kampung Tanjong Bunut,Kuala Terengganu,Terengganu
21200,Kampung Tanjong Sabtu,Kuala Terengganu,Terengganu
21200,Kampung Tanjung Serdang,Kuala Terengganu,Terengganu
21200,Kampung Tebauk,Kuala Terengganu,Terengganu
21200,Kampung Telari,Kuala Terengganu,Terengganu
21200,Kampung Telok Menara,Kuala Terengganu,Terengganu
21200,Kampung Telok Pasu,Kuala Terengganu,Terengganu
21200,Kampung Tengah,Kuala Terengganu,Terengganu
21200,Kampung Tetambah,Kuala Terengganu,Terengganu
21200,Kampung Tok Harun,Kuala Terengganu,Terengganu
21200,Kampung Tualang,Kuala Terengganu,Terengganu
21200,Kampung Wakaf Tembesu,Kuala Terengganu,Terengganu
21200,Manir,Kuala Terengganu,Terengganu
21209,"Beg Berkunci, Manir",Kuala Terengganu,Terengganu
21210,Kampung Bukit Aman,Kuala Terengganu,Terengganu
21210,Kampung Bukit Lawan,Kuala Terengganu,Terengganu
21210,Kampung Bukit Tadok,Kuala Terengganu,Terengganu
21210,Kampung Chepoh,Kuala Terengganu,Terengganu
21210,Kampung Getang,Kuala Terengganu,Terengganu
21210,Kampung Kubang Palas,Kuala Terengganu,Terengganu
21210,Kampung Lubok Batu (Kuala Telemong),Kuala Terengganu,Terengganu
21210,Kampung Naga Mengulor,Kuala Terengganu,Terengganu
21210,Kampung Pulau Manis (Kuala Telemong),Kuala Terengganu,Terengganu
21210,Kampung Tanjong Mesah,Kuala Terengganu,Terengganu
21210,Kampung Tok Iman Lapar,Kuala Terengganu,Terengganu
21220,Kuala Telemong,Kuala Terengganu,Terengganu
21300,Batalion 104 Infanteri,Kuala Terengganu,Terengganu
21300,Batalion 18 RAMD,Kuala Terengganu,Terengganu
21300,Batu 12 (Jalan Gong Badak),Kuala Terengganu,Terengganu
21300,IBN PGA 9 Kubang Badak,Kuala Terengganu,Terengganu
21300,Jalan Maskayu @ Jalan Tok Jembal,Kuala Terengganu,Terengganu
21300,Jalan Pak Yusof,Kuala Terengganu,Terengganu
21300,Jalan Tanah Lot Wakaf Tembusu,Kuala Terengganu,Terengganu
21300,Kampung Alor Kuda Bukit Tok Beng,Kuala Terengganu,Terengganu
21300,Kampung Banggol Buloh,Kuala Terengganu,Terengganu
21300,Kampung Banggol Pauh,Kuala Terengganu,Terengganu
21300,Kampung Banggol Putat,Kuala Terengganu,Terengganu
21300,Kampung Baru Pusu Tiga,Kuala Terengganu,Terengganu
21300,Kampung Baru Seberang Takir,Kuala Terengganu,Terengganu
21300,Kampung Baru Tok Mer,Kuala Terengganu,Terengganu
21300,Kampung Batu 13 (Jalan Lapangan Terbang),Kuala Terengganu,Terengganu
21300,Kampung Bukit Tok Beng,Kuala Terengganu,Terengganu
21300,Kampung Duyong Haji Muda,Kuala Terengganu,Terengganu
21300,Kampung Duyong Kecil,Kuala Terengganu,Terengganu
21300,Kampung Duyong,Kuala Terengganu,Terengganu
21300,Kampung Duyun Haji Umar,Kuala Terengganu,Terengganu
21300,Kampung Duyung Besar,Kuala Terengganu,Terengganu
21300,Kampung Gong Badak,Kuala Terengganu,Terengganu
21300,Kampung Gong Katut,Kuala Terengganu,Terengganu
21300,Kampung Gong Kuin,Kuala Terengganu,Terengganu
21300,Kampung Guchil,Kuala Terengganu,Terengganu
21300,Kampung Hujung Tanjung Luang,Kuala Terengganu,Terengganu
21300,Kampung Hulur Takur,Kuala Terengganu,Terengganu
21300,Kampung Kayu Kelat,Kuala Terengganu,Terengganu
21300,Kampung Kebun Melaka,Kuala Terengganu,Terengganu
21300,Kampung Kelantan,Kuala Terengganu,Terengganu
21300,Kampung Kubang Badak,Kuala Terengganu,Terengganu
21300,Kampung Padang Ulu Takir,Kuala Terengganu,Terengganu
21300,Kampung Pak Tijah,Kuala Terengganu,Terengganu
21300,Kampung Paya Putat,Kuala Terengganu,Terengganu
21300,Kampung Pengkalan Belat,Kuala Terengganu,Terengganu
21300,Kampung Pengkalan Titian,Kuala Terengganu,Terengganu
21300,Kampung Pulau Duyung @ Kampung Pulau Ketam,Kuala Terengganu,Terengganu
21300,Kampung Seberang Tok Abu,Kuala Terengganu,Terengganu
21300,Kampung Sepetir,Kuala Terengganu,Terengganu
21300,Kampung Tanah Lot Telok Ketapang,Kuala Terengganu,Terengganu
21300,Kampung Tanjong Jaafar,Kuala Terengganu,Terengganu
21300,Kampung Telaga Batin,Kuala Terengganu,Terengganu
21300,Kampung Telaga Daing,Kuala Terengganu,Terengganu
21300,Kampung Telok Ketapang,Kuala Terengganu,Terengganu
21300,Kampung Tok Jembal,Kuala Terengganu,Terengganu
21300,Kampung Tok Mer,Kuala Terengganu,Terengganu
21300,Kampung Ujung Pasir Puteh,Kuala Terengganu,Terengganu
21300,Kubang Badak,Kuala Terengganu,Terengganu
21300,Lapangan Terbang Sultan Mahmud,Kuala Terengganu,Terengganu
21300,Percetakan Yayasan Islam,Kuala Terengganu,Terengganu
21300,Rumah Murah 100,Kuala Terengganu,Terengganu
21300,Rumah Murah 62,Kuala Terengganu,Terengganu
21300,Rumah Murah Gong Badak,Kuala Terengganu,Terengganu
21300,Rumah Murah Telaga Daing,Kuala Terengganu,Terengganu
21300,Seberang Takir,Kuala Terengganu,Terengganu
21300,Taman Desa Permai,Kuala Terengganu,Terengganu
21300,Taman Gong Badak,Kuala Terengganu,Terengganu
21300,Taman Jaya (Seberang Takir),Kuala Terengganu,Terengganu
21300,Taman Salwa,Kuala Terengganu,Terengganu
21300,Taman Setia Damai,Kuala Terengganu,Terengganu
21300,Tanah Lot Batu 10,Kuala Terengganu,Terengganu
21300,Zon Perindustrian Gong Badak,Kuala Terengganu,Terengganu
21309,"Beg Berkunci, Seberang Takir",Kuala Terengganu,Terengganu
21400,Bukit Payong,Bukit Payong,Terengganu
21400,Kampung Alor Limbat,Bukit Payong,Terengganu
21400,Kampung Banggol Kapas,Bukit Payong,Terengganu
21400,Kampung Banggol Tasek,Bukit Payong,Terengganu
21400,Kampung Binjai Bongkok,Bukit Payong,Terengganu
21400,Kampung Kubang Belukar,Bukit Payong,Terengganu
21400,Kampung Kubang Panjang,Bukit Payong,Terengganu
21400,Kampung Mak Kemas,Bukit Payong,Terengganu
21400,Kampung Nyut-Nyut,Bukit Payong,Terengganu
21400,Kampung Padang Ayer Deras,Bukit Payong,Terengganu
21400,Kampung Padang Kabar,Bukit Payong,Terengganu
21400,Kampung Padang Mengkuang,Bukit Payong,Terengganu
21400,Kampung Padang Midin,Bukit Payong,Terengganu
21400,Kampung Pak Madah,Bukit Payong,Terengganu
21400,Kampung Pantai Ali,Bukit Payong,Terengganu
21400,Kampung Pasir Tinggi,Bukit Payong,Terengganu
21400,Kampung Rawai,Bukit Payong,Terengganu
21400,Kampung Tasek,Bukit Payong,Terengganu
21400,Kampung Tebakang,Bukit Payong,Terengganu
21400,Kampung Telaga Mengkudu,Bukit Payong,Terengganu
21400,Kampung Undang,Bukit Payong,Terengganu
21400,Kampung Wakaf Dua,Bukit Payong,Terengganu
21400,Rejimen 512 - Askar Wataniah,Bukit Payong,Terengganu
21400,Taman Koperasi,Bukit Payong,Terengganu
21400,Taman Mewah,Bukit Payong,Terengganu
21400,Taman Padang Midin,Bukit Payong,Terengganu
21450,Chalok,Chalok,Terengganu
21450,Felda Chalok Barat,Chalok,Terengganu
21450,Felda Chalok,Chalok,Terengganu
21450,Kampung Batu Hampar (Chalok),Chalok,Terengganu
21450,Kampung Bukit Kecil,Chalok,Terengganu
21450,Kampung Bukit Layak,Chalok,Terengganu
21450,Kampung Bukit Mak Jintan,Chalok,Terengganu
21450,Kampung Bukit Merah,Chalok,Terengganu
21450,Kampung Bukit Mok Som,Chalok,Terengganu
21450,Kampung Bukit Pinang,Chalok,Terengganu
21450,Kampung Bukit Putera,Chalok,Terengganu
21450,Kampung Bukit Tok Hat,Chalok,Terengganu
21450,Kampung Chabang Bari,Chalok,Terengganu
21450,Kampung Chalok Barat,Chalok,Terengganu
21450,Kampung Gong Terap Chalok,Chalok,Terengganu
21450,Kampung Jelapang,Chalok,Terengganu
21450,Kampung Kubang Puyu,Chalok,Terengganu
21450,Kampung Lubuk Panjang,Chalok,Terengganu
21450,Kampung Rahmat,Chalok,Terengganu
21450,Kampung Sungai Lerek,Chalok,Terengganu
21450,Kampung Sungai Pinang,Chalok,Terengganu
21450,Kampung Sungai Rakit,Chalok,Terengganu
21450,Kampung Tapah,Chalok,Terengganu
21450,Kampung Ulu Chalok,Chalok,Terengganu
21450,Kubang Puyu,Chalok,Terengganu
21450,Taman Tasek,Chalok,Terengganu
21500,Alor Lik,Sungai Tong,Terengganu
21500,Kampung Banggol Setor,Sungai Tong,Terengganu
21500,Kampung Batu 28,Sungai Tong,Terengganu
21500,Kampung Batu 30,Sungai Tong,Terengganu
21500,Kampung Bukit Mundok,Sungai Tong,Terengganu
21500,Kampung Bukit Nenas,Sungai Tong,Terengganu
21500,Kampung Bukit Sungai Tong,Sungai Tong,Terengganu
21500,Kampung Jaya Sungai Tong,Sungai Tong,Terengganu
21500,Kampung Jelapang,Sungai Tong,Terengganu
21500,Kampung Kuala Tayor,Sungai Tong,Terengganu
21500,Kampung Langkap,Sungai Tong,Terengganu
21500,Kampung Nibong Sungai Tong,Sungai Tong,Terengganu
21500,Kampung Nibong,Sungai Tong,Terengganu
21500,Kampung Pak Ba,Sungai Tong,Terengganu
21500,Kampung Payong,Sungai Tong,Terengganu
21500,Kampung Pelong,Sungai Tong,Terengganu
21500,Kampung Pengkalan Merbau,Sungai Tong,Terengganu
21500,Kampung Simpang Langkap,Sungai Tong,Terengganu
21500,Kampung Sungai Bari,Sungai Tong,Terengganu
21500,Kampung Tayor Tengah,Sungai Tong,Terengganu
21500,Ladang Bari,Sungai Tong,Terengganu
21500,LKTP Belara,Sungai Tong,Terengganu
21500,Pakoh Jaya,Sungai Tong,Terengganu
21500,Seri Langkap,Sungai Tong,Terengganu
21500,Sungai Lerak,Sungai Tong,Terengganu
21500,Sungai Tong,Sungai Tong,Terengganu
21600,Alor Gali,Marang,Terengganu
21600,Alor Tuman,Marang,Terengganu
21600,Asing,Marang,Terengganu
21600,Barat,Marang,Terengganu
21600,Bukit Baharu,Marang,Terengganu
21600,Bukit Gegading,Marang,Terengganu
21600,Bukit Jejulong,Marang,Terengganu
21600,Bukit Kulim,Marang,Terengganu
21600,Bukit Parit,Marang,Terengganu
21600,Durian Penjara,Marang,Terengganu
21600,Gong Beris,Marang,Terengganu
21600,Jabatan Penjara,Marang,Terengganu
21600,Kampung Batangan,Marang,Terengganu
21600,Kampung Bukit Gasing,Marang,Terengganu
21600,Kampung Gong Nangka,Marang,Terengganu
21600,Kampung Jenang,Marang,Terengganu
21600,Kampung Kayu Kelat,Marang,Terengganu
21600,Kampung Kelulut,Marang,Terengganu
21600,Kampung Kijing,Marang,Terengganu
21600,Kampung Masjid Haji Said,Marang,Terengganu
21600,Kampung Pantai Seberang Marang,Marang,Terengganu
21600,Kampung Paya,Marang,Terengganu
21600,Kampung Ru Dua,Marang,Terengganu
21600,Kampung Ru Muda,Marang,Terengganu
21600,Kampung Ru Rendang,Marang,Terengganu
21600,Kampung Sentul Patah,Marang,Terengganu
21600,Kampung Star Kiri,Marang,Terengganu
21600,Kampung Sungai Kerak,Marang,Terengganu
21600,Kampung Surau Haji Ibrahim,Marang,Terengganu
21600,Kampung Surau Haji Mat,Marang,Terengganu
21600,Kampung Tuman,Marang,Terengganu
21600,Ladang Fikri,Marang,Terengganu
21600,Marang,Marang,Terengganu
21600,Pengkalan Kuin,Marang,Terengganu
21600,Pulau Kerengga,Marang,Terengganu
21600,Rambai Jantan,Marang,Terengganu
21600,Setar Kanan,Marang,Terengganu
21600,Taman Hidayah,Marang,Terengganu
21600,Taman Kalongan Melor,Marang,Terengganu
21600,Taman Kernia Jaya,Marang,Terengganu
21600,Taman Laila,Marang,Terengganu
21600,Taman Mas Murni (Fasa 1 & 2),Marang,Terengganu
21600,Taman Perpindahan Sungai Kerak,Marang,Terengganu
21600,Taman Perumahan Kelulut,Marang,Terengganu
21600,Taman Perumahan Perkaya,Marang,Terengganu
21600,Temiang Ulu,Marang,Terengganu
21600,Teratak Batu,Marang,Terengganu
21610,Jambu Bongkok,Marang,Terengganu
21610,Kampung Durian Pulut Merchang,Marang,Terengganu
21610,Kampung Gong Balai,Marang,Terengganu
21610,Kampung Gong Kassim,Marang,Terengganu
21610,Kampung Jambu Bongkok,Marang,Terengganu
21610,Kampung Padang Pauh,Marang,Terengganu
21610,Kampung Pasir Puteh,Marang,Terengganu
21610,Kampung Tok Fakir Merchang,Marang,Terengganu
21610,Merchang,Marang,Terengganu
21700,Binjai Kertas,Kuala Berang,Terengganu
21700,Kampung Alor Kiambang,Kuala Berang,Terengganu
21700,Kampung Basung,Kuala Berang,Terengganu
21700,Kampung Batu 23 (Jalan Kuala Berang),Kuala Berang,Terengganu
21700,Kampung Batu 23,Kuala Berang,Terengganu
21700,Kampung Batu 24,Kuala Berang,Terengganu
21700,Kampung Baung,Kuala Berang,Terengganu
21700,Kampung Binjai Kertas,Kuala Berang,Terengganu
21700,Kampung Bukit Acheh,Kuala Berang,Terengganu
21700,Kampung Bukit Beruang,Kuala Berang,Terengganu
21700,Kampung Bukit Biah,Kuala Berang,Terengganu
21700,Kampung Bukit Gemuruh,Kuala Berang,Terengganu
21700,Kampung Bukit Martiya,Kuala Berang,Terengganu
21700,Kampung Bukit Tok Bat,Kuala Berang,Terengganu
21700,Kampung Buloh,Kuala Berang,Terengganu
21700,Kampung Butut,Kuala Berang,Terengganu
21700,Kampung Capu,Kuala Berang,Terengganu
21700,Kampung Cekering,Kuala Berang,Terengganu
21700,Kampung Ceting,Kuala Berang,Terengganu
21700,Kampung Dura,Kuala Berang,Terengganu
21700,Kampung Durian Bador,Kuala Berang,Terengganu
21700,Kampung Dusun,Kuala Berang,Terengganu
21700,Kampung Gaong,Kuala Berang,Terengganu
21700,Kampung Gerdong,Kuala Berang,Terengganu
21700,Kampung Hulu Sat,Kuala Berang,Terengganu
21700,Kampung Jenagor,Kuala Berang,Terengganu
21700,Kampung Kemat,Kuala Berang,Terengganu
21700,Kampung Kepah,Kuala Berang,Terengganu
21700,Kampung Kuala Akub,Kuala Berang,Terengganu
21700,Kampung Kuala Jeneris,Kuala Berang,Terengganu
21700,Kampung Kuala Menjing,Kuala Berang,Terengganu
21700,Kampung Kuala Ping,Kuala Berang,Terengganu
21700,Kampung Kuala Por,Kuala Berang,Terengganu
21700,Kampung Kuala Pueh,Kuala Berang,Terengganu
21700,Kampung Langgar Hilir,Kuala Berang,Terengganu
21700,Kampung Langgar Hulu,Kuala Berang,Terengganu
21700,Kampung Langgar,Kuala Berang,Terengganu
21700,Kampung Lubuk Pait,Kuala Berang,Terengganu
21700,Kampung Matang,Kuala Berang,Terengganu
21700,Kampung Nasi Dingin,Kuala Berang,Terengganu
21700,Kampung Nibong,Kuala Berang,Terengganu
21700,Kampung Padang Ipoh,Kuala Berang,Terengganu
21700,Kampung Padang Lebak,Kuala Berang,Terengganu
21700,Kampung Padang Setebu,Kuala Berang,Terengganu
21700,Kampung Padang Star,Kuala Berang,Terengganu
21700,Kampung Pasir Dula,Kuala Berang,Terengganu
21700,Kampung Pasir Nering,Kuala Berang,Terengganu
21700,Kampung Pasir Nyior,Kuala Berang,Terengganu
21700,Kampung Pasir Pelata,Kuala Berang,Terengganu
21700,Kampung Pasir Sipor,Kuala Berang,Terengganu
21700,Kampung Pauh,Kuala Berang,Terengganu
21700,Kampung Payang Kayu,Kuala Berang,Terengganu
21700,Kampung Pelandan,Kuala Berang,Terengganu
21700,Kampung Pulau Kudat,Kuala Berang,Terengganu
21700,Kampung Rahmat,Kuala Berang,Terengganu
21700,Kampung Sekayu,Kuala Berang,Terengganu
21700,Kampung Sungai Berua,Kuala Berang,Terengganu
21700,Kampung Sungai Ular,Kuala Berang,Terengganu
21700,Kampung Tajin,Kuala Berang,Terengganu
21700,Kampung Tanjong Baru,Kuala Berang,Terengganu
21700,Kampung Tapah,Kuala Berang,Terengganu
21700,Kampung Telaga,Kuala Berang,Terengganu
21700,Kampung Temir,Kuala Berang,Terengganu
21700,Kampung Tengkawang,Kuala Berang,Terengganu
21700,Kampung Teris,Kuala Berang,Terengganu
21700,Kampung Tok Bintang,Kuala Berang,Terengganu
21700,Kampung Tok Lawik,Kuala Berang,Terengganu
21700,Kenyir,Kuala Berang,Terengganu
21700,Kuala Berang,Kuala Berang,Terengganu
21700,Kuala Jeneris,Kuala Berang,Terengganu
21700,Kuala Menjing,Kuala Berang,Terengganu
21700,Kuala Ping,Kuala Berang,Terengganu
21700,Kuala Pueh,Kuala Berang,Terengganu
21700,Matang,Kuala Berang,Terengganu
21700,Sungai Gawi,Kuala Berang,Terengganu
21700,Ulu Sat,Kuala Berang,Terengganu
21800,Ajil,Ajil,Terengganu
21800,Bukit Jabar,Ajil,Terengganu
21800,Bukit Pachat,Ajil,Terengganu
21800,Cherang Nibong,Ajil,Terengganu
21800,Durian Kassim,Ajil,Terengganu
21800,Felda Bukit Bading,Ajil,Terengganu
21800,Felda Mengkawang,Ajil,Terengganu
21800,Felda Tersat,Ajil,Terengganu
21800,Kampung Ajal,Ajil,Terengganu
21800,Kampung Baru Ajil,Ajil,Terengganu
21800,Kampung Batu 18,Ajil,Terengganu
21800,Kampung Batu 21,Ajil,Terengganu
21800,Kampung Belukar Bukit,Ajil,Terengganu
21800,Kampung Betong,Ajil,Terengganu
21800,Kampung Bukit Apit,Ajil,Terengganu
21800,Kampung Bukit Ara,Ajil,Terengganu
21800,Kampung Bukit Biman,Ajil,Terengganu
21800,Kampung Bukit Perah,Ajil,Terengganu
21800,Kampung Bukit Perpat,Ajil,Terengganu
21800,Kampung Chenderong Balai,Ajil,Terengganu
21800,Kampung Chenderong Lebam,Ajil,Terengganu
21800,Kampung Datuk Amar,Ajil,Terengganu
21800,Kampung Durian Rendang,Ajil,Terengganu
21800,Kampung Gunong,Ajil,Terengganu
21800,Kampung Jabar,Ajil,Terengganu
21800,Kampung Jak,Ajil,Terengganu
21800,Kampung Jerlang,Ajil,Terengganu
21800,Kampung Kolam Ajil,Ajil,Terengganu
21800,Kampung Kua,Ajil,Terengganu
21800,Kampung Lerek,Ajil,Terengganu
21800,Kampung Lubok Periok,Ajil,Terengganu
21800,Kampung Machang,Ajil,Terengganu
21800,Kampung Matang,Ajil,Terengganu
21800,Kampung Menerong,Ajil,Terengganu
21800,Kampung Panggong,Ajil,Terengganu
21800,Kampung Penek,Ajil,Terengganu
21800,Kampung Pengkalan Ajal,Ajil,Terengganu
21800,Kampung Peris,Ajil,Terengganu
21800,Kampung Pulai Api,Ajil,Terengganu
21800,Kampung Setia Jaya,Ajil,Terengganu
21800,Kampung Sungai Siput,Ajil,Terengganu
21800,Kampung Tok Gebok,Ajil,Terengganu
21800,Kampung Tok Rendok,Ajil,Terengganu
21800,Kampung Tulang Daing,Ajil,Terengganu
21800,Menerung,Ajil,Terengganu
21810,Kampung Baru Sungai Binjai,Ajil,Terengganu
21810,Kampung Jaya Baru Nasri,Ajil,Terengganu
21810,Kampung Landas,Ajil,Terengganu
21810,Kampung Pelar,Ajil,Terengganu
21810,Kampung Peroh,Ajil,Terengganu
21810,Kampung Tok Dor,Ajil,Terengganu
21820,Felda Jerangau Barat,Ajil,Terengganu
21820,Kampung Baru Mardi,Ajil,Terengganu
21820,Kampung Batu 32,Ajil,Terengganu
21820,Kampung Landas Estate,Ajil,Terengganu
21820,LKTP Bukit Bading,Ajil,Terengganu
22000,Alor Lintah,Jerteh,Terengganu
22000,Balik Bukit,Jerteh,Terengganu
22000,Bukit Kenak,Jerteh,Terengganu
22000,Bukit Puteri,Jerteh,Terengganu
22000,Felda Selaseh,Jerteh,Terengganu
22000,Gong Nering,Jerteh,Terengganu
22000,Jerteh,Jerteh,Terengganu
22000,Kampung Alor Belanga,Jerteh,Terengganu
22000,Kampung Alor Keladi,Jerteh,Terengganu
22000,Kampung Alor Selising,Jerteh,Terengganu
22000,Kampung Awek Darau,Jerteh,Terengganu
22000,Kampung Ayer Terjun,Jerteh,Terengganu
22000,Kampung Baru,Jerteh,Terengganu
22000,Kampung Baruh Mesin,Jerteh,Terengganu
22000,Kampung Berhala Tambun,Jerteh,Terengganu
22000,Kampung Beris Pak Abu,Jerteh,Terengganu
22000,Kampung Bukit China,Jerteh,Terengganu
22000,Kampung Bukit Tempurong,Jerteh,Terengganu
22000,Kampung Cerang Melintang,Jerteh,Terengganu
22000,Kampung Dalam Huma,Jerteh,Terengganu
22000,Kampung Darau,Jerteh,Terengganu
22000,Kampung Denger,Jerteh,Terengganu
22000,Kampung Durian Merkah,Jerteh,Terengganu
22000,Kampung Durian Telor,Jerteh,Terengganu
22000,Kampung Gegar Batang,Jerteh,Terengganu
22000,Kampung Gerai Muda,Jerteh,Terengganu
22000,Kampung Gerai Tua,Jerteh,Terengganu
22000,Kampung Gong Badang,Jerteh,Terengganu
22000,Kampung Gong Bukit Kenak,Jerteh,Terengganu
22000,Kampung Gong Chenerai,Jerteh,Terengganu
22000,Kampung Gong Duek,Jerteh,Terengganu
22000,Kampung Gong Guchil,Jerteh,Terengganu
22000,Kampung Gong Jaga,Jerteh,Terengganu
22000,Kampung Gong Mat Som,Jerteh,Terengganu
22000,Kampung Gong Nangka,Jerteh,Terengganu
22000,Kampung Gong Pak Cheng,Jerteh,Terengganu
22000,Kampung Gong Pasir,Jerteh,Terengganu
22000,Kampung Gong Penaga,Jerteh,Terengganu
22000,Kampung Gong Rengas,Jerteh,Terengganu
22000,Kampung Gong Tanah Merah,Jerteh,Terengganu
22000,Kampung Gong Terap,Jerteh,Terengganu
22000,Kampung Hutan Nangka,Jerteh,Terengganu
22000,Kampung Kolam Jerteh,Jerteh,Terengganu
22000,Kampung Kubang Bemban,Jerteh,Terengganu
22000,Kampung Lao Lok,Jerteh,Terengganu
22000,Kampung Lapan Kejor,Jerteh,Terengganu
22000,Kampung Lapan Kotak,Jerteh,Terengganu
22000,Kampung Lubok Kawah,Jerteh,Terengganu
22000,Kampung Nyior Tujuh,Jerteh,Terengganu
22000,Kampung Padang Landak,Jerteh,Terengganu
22000,Kampung Padang Luas,Jerteh,Terengganu
22000,Kampung Pak Da Malik,Jerteh,Terengganu
22000,Kampung Pak Wong,Jerteh,Terengganu
22000,Kampung Paroh,Jerteh,Terengganu
22000,Kampung Pasir Akar,Jerteh,Terengganu
22000,Kampung Pekakok,Jerteh,Terengganu
22000,Kampung Pelagat,Jerteh,Terengganu
22000,Kampung Pengkalan Setol,Jerteh,Terengganu
22000,Kampung Pondok Paku,Jerteh,Terengganu
22000,Kampung Pulai Rimau,Jerteh,Terengganu
22000,Kampung Pulau Panjang,Jerteh,Terengganu
22000,Kampung Pulau Ribu,Jerteh,Terengganu
22000,Kampung Pusu Tinggi,Jerteh,Terengganu
22000,Kampung Seberang Panggong,Jerteh,Terengganu
22000,Kampung Tanah Merah,Jerteh,Terengganu
22000,Kampung Tanjong Alir,Jerteh,Terengganu
22000,Kampung Tasek Mengkuang,Jerteh,Terengganu
22000,Kampung Tasek,Jerteh,Terengganu
22000,Kampung Telaga Nibong,Jerteh,Terengganu
22000,Kampung Telok,Jerteh,Terengganu
22000,Kampung Tok Dat,Jerteh,Terengganu
22000,Kampung Tok Motong,Jerteh,Terengganu
22000,Kerandang,Jerteh,Terengganu
22000,LKTP Jerangau,Jerteh,Terengganu
22000,Pasir Akar,Jerteh,Terengganu
22000,Pulau Berangan,Jerteh,Terengganu
22000,Taman Bakti,Jerteh,Terengganu
22000,Taman Desa Aman,Jerteh,Terengganu
22000,Taman Desa Saujana,Jerteh,Terengganu
22000,Taman Desa Sepakat,Jerteh,Terengganu
22000,Taman Desa Tani,Jerteh,Terengganu
22000,Taman Desa Tanjung,Jerteh,Terengganu
22000,Taman Jaya,Jerteh,Terengganu
22000,Taman Pelagat,Jerteh,Terengganu
22000,Taman Saujana,Jerteh,Terengganu
22000,Taman Seri Nering,Jerteh,Terengganu
22000,Taman Seri Sepakat,Jerteh,Terengganu
22000,Taman Teratur,Jerteh,Terengganu
22000,Taman Tuah,Jerteh,Terengganu
22000,Tok Kundur,Jerteh,Terengganu
22000,TUDM Bukit Putri,Jerteh,Terengganu
22010,Bukit Payong (Jerteh),Jerteh,Terengganu
22010,Felcra Keruak,Jerteh,Terengganu
22010,Kampung Bekok,Jerteh,Terengganu
22010,Kampung Belaoh,Jerteh,Terengganu
22010,Kampung Bukit Mali,Jerteh,Terengganu
22010,Kampung Bukit Payong,Jerteh,Terengganu
22010,Kampung Cawangan,Jerteh,Terengganu
22010,Kampung Dengir Tenang,Jerteh,Terengganu
22010,Kampung Keruak,Jerteh,Terengganu
22010,Kampung Kuala Sayak,Jerteh,Terengganu
22010,Kampung La,Jerteh,Terengganu
22010,Kampung Mata Ayer,Jerteh,Terengganu
22010,Kampung Padang Bual,Jerteh,Terengganu
22010,Kampung Panchor,Jerteh,Terengganu
22010,Kampung Seberang Lalang,Jerteh,Terengganu
22020,Apal,Jerteh,Terengganu
22020,Bukit Jerok,Jerteh,Terengganu
22020,Jabi,Jerteh,Terengganu
22020,Kampung Anak Ikan,Jerteh,Terengganu
22020,Kampung Anak Musang,Jerteh,Terengganu
22020,Kampung Bakat,Jerteh,Terengganu
22020,Kampung Baru Tok Dor,Jerteh,Terengganu
22020,Kampung Gong Lilit,Jerteh,Terengganu
22020,Kampung Gong Pasir Jabi,Jerteh,Terengganu
22020,Kampung Gong Pasir Oh,Jerteh,Terengganu
22020,Kampung Gong Penaga Jabi,Jerteh,Terengganu
22020,Kampung Kepala Gajah,Jerteh,Terengganu
22020,Kampung Kuala Lubang,Jerteh,Terengganu
22020,Kampung Lay Out (Jabi),Jerteh,Terengganu
22020,Kampung Oh,Jerteh,Terengganu
22020,Kampung Padang Lengkuas,Jerteh,Terengganu
22020,Kampung Pasir Tawar,Jerteh,Terengganu
22020,Kampung Pohon Tar,Jerteh,Terengganu
22020,Kampung Pulau Kala,Jerteh,Terengganu
22020,Kampung Renek,Jerteh,Terengganu
22020,Kampung Tempinis,Jerteh,Terengganu
22020,Kampung Tok Dor,Jerteh,Terengganu
22020,LKTP Tenang,Jerteh,Terengganu
22100,Balik Bukit,Permaisuri,Terengganu
22100,Bukit Kemudu,Permaisuri,Terengganu
22100,Bukit Pari,Permaisuri,Terengganu
22100,Bukit Pelong,Permaisuri,Terengganu
22100,Jalan Penarek,Permaisuri,Terengganu
22100,Jalan Ulu Serdang,Permaisuri,Terengganu
22100,Kampung Alor Pasir,Permaisuri,Terengganu
22100,Kampung Alor Serdang,Permaisuri,Terengganu
22100,Kampung Apek,Permaisuri,Terengganu
22100,Kampung Bahagia,Permaisuri,Terengganu
22100,Kampung Banggol,Permaisuri,Terengganu
22100,Kampung Bari Kecil,Permaisuri,Terengganu
22100,Kampung Besut,Permaisuri,Terengganu
22100,Kampung Bintang,Permaisuri,Terengganu
22100,Kampung Bukit Pelong,Permaisuri,Terengganu
22100,Kampung Bukit Swee,Permaisuri,Terengganu
22100,Kampung Buloh,Permaisuri,Terengganu
22100,Kampung Buruk,Permaisuri,Terengganu
22100,Kampung Che Long,Permaisuri,Terengganu
22100,Kampung Che Mohd,Permaisuri,Terengganu
22100,Kampung Guntong Dalam,Permaisuri,Terengganu
22100,Kampung Guntong Luar,Permaisuri,Terengganu
22100,Kampung Guntong,Permaisuri,Terengganu
22100,Kampung Kederang,Permaisuri,Terengganu
22100,Kampung Kuari Batu,Permaisuri,Terengganu
22100,Kampung Nyatok,Permaisuri,Terengganu
22100,Kampung Padang Serai,Permaisuri,Terengganu
22100,Kampung Padang,Permaisuri,Terengganu
22100,Kampung Pak Kancil,Permaisuri,Terengganu
22100,Kampung Panchor Merah,Permaisuri,Terengganu
22100,Kampung Pancur Merah,Permaisuri,Terengganu
22100,Kampung Permaisuri,Permaisuri,Terengganu
22100,Kampung Seri Bayas,Permaisuri,Terengganu
22100,Kampung Tasek,Permaisuri,Terengganu
22100,Kampung Ulu Kekabu,Permaisuri,Terengganu
22100,Kampung Ulu Seladang,Permaisuri,Terengganu
22100,Perumahan Binjai Manis,Permaisuri,Terengganu
22107,Peti Surat,Permaisuri,Terengganu
22109,Beg Berkunci,Permaisuri,Terengganu
22110,Kampung Beris Tokku,Permaisuri,Terengganu
22110,Kampung Fikri,Permaisuri,Terengganu
22110,Kampung Gong Batu,Permaisuri,Terengganu
22110,Kampung Saujana,Permaisuri,Terengganu
22110,Kuala Setiu Baru,Permaisuri,Terengganu
22110,Kuala Setiu Lama,Permaisuri,Terengganu
22110,Lorong Saga Saujana,Permaisuri,Terengganu
22110,Lorong Saga,Permaisuri,Terengganu
22110,Lorong Seliat Saujana,Permaisuri,Terengganu
22110,Lorong Senandong Saujana,Permaisuri,Terengganu
22110,Lorong Senandong,Permaisuri,Terengganu
22110,Lorong Senayong Saujana,Permaisuri,Terengganu
22110,Lorong Senayong,Permaisuri,Terengganu
22110,Lorong Siakap Saujana,Permaisuri,Terengganu
22110,Lorong Siakap,Permaisuri,Terengganu
22110,Lorong Silat,Permaisuri,Terengganu
22120,Jalan Aman Rhu Sepuluh Penarek,Permaisuri,Terengganu
22120,Jalan Aman,Permaisuri,Terengganu
22120,Jalan Bahagia Rhu Sepuluh Penarek,Permaisuri,Terengganu
22120,Jalan Bahagia,Permaisuri,Terengganu
22120,Jalan Makmur Rhu Sepuluh Penarek,Permaisuri,Terengganu
22120,Jalan Makmur,Permaisuri,Terengganu
22120,Kampung Bari Kecil,Permaisuri,Terengganu
22120,Kampung Baru Penarek,Permaisuri,Terengganu
22120,Kampung Bukit Chalok Penarek,Permaisuri,Terengganu
22120,Kampung Mangkok,Permaisuri,Terengganu
22120,Kampung Penarek,Permaisuri,Terengganu
22120,Kampung Penarik,Permaisuri,Terengganu
22120,Setiu,Permaisuri,Terengganu
22200,Alor Lintang,Kampung Raja,Terengganu
22200,Besut,Kampung Raja,Terengganu
22200,Bukit Tanah,Kampung Raja,Terengganu
22200,Gong Bayor,Kampung Raja,Terengganu
22200,Gong Jelutong,Kampung Raja,Terengganu
22200,Gong Medang,Kampung Raja,Terengganu
22200,Kampung Alor Simpol,Kampung Raja,Terengganu
22200,Kampung Amir,Kampung Raja,Terengganu
22200,Kampung Ayer Tawar,Kampung Raja,Terengganu
22200,Kampung Baru Ayer Tawar,Kampung Raja,Terengganu
22200,Kampung Baru Batu Tumboh,Kampung Raja,Terengganu
22200,Kampung Baru Gong Bayor,Kampung Raja,Terengganu
22200,Kampung Beting Lintang,Kampung Raja,Terengganu
22200,Kampung Gelang Mas,Kampung Raja,Terengganu
22200,Kampung Gong Kepas,Kampung Raja,Terengganu
22200,Kampung Gong Machang,Kampung Raja,Terengganu
22200,Kampung Gong Tiang Layar,Kampung Raja,Terengganu
22200,Kampung Gong Tiong,Kampung Raja,Terengganu
22200,Kampung Keluang,Kampung Raja,Terengganu
22200,Kampung Laha,Kampung Raja,Terengganu
22200,Kampung Laman,Kampung Raja,Terengganu
22200,Kampung Lohor,Kampung Raja,Terengganu
22200,Kampung Padang Baloh,Kampung Raja,Terengganu
22200,Kampung Pak Kiang,Kampung Raja,Terengganu
22200,Kampung Parit,Kampung Raja,Terengganu
22200,Kampung Paya Rawa,Kampung Raja,Terengganu
22200,Kampung Pengkalan Nyireh,Kampung Raja,Terengganu
22200,Kampung Pinang,Kampung Raja,Terengganu
22200,Kampung Raja Besut,Kampung Raja,Terengganu
22200,Kampung Rhu Sepuluh,Kampung Raja,Terengganu
22200,Kampung Sentosa,Kampung Raja,Terengganu
22200,Kampung Tok Fakir Besut,Kampung Raja,Terengganu
22200,Kampung Tok Pek,Kampung Raja,Terengganu
22200,Kampung Wakaf Kubor,Kampung Raja,Terengganu
22200,Kedeper,Kampung Raja,Terengganu
22200,Kubang Ikan,Kampung Raja,Terengganu
22200,Pak Mentosa,Kampung Raja,Terengganu
22200,Pekan Sehari Tembila,Kampung Raja,Terengganu
22200,Pengkalan Kubor,Kampung Raja,Terengganu
22200,Pengkalan Teras,Kampung Raja,Terengganu
22200,Seberang Kastam,Kampung Raja,Terengganu
22200,Seberang Limbongan,Kampung Raja,Terengganu
22200,Teluk Kubor,Kampung Raja,Terengganu
22200,Tembila,Kampung Raja,Terengganu
22300,Alor Pak Ndok,Kuala Besut,Terengganu
22300,Alor Peroi,Kuala Besut,Terengganu
22300,Alor Pisang,Kuala Besut,Terengganu
22300,Alor Teratai,Kuala Besut,Terengganu
22300,Beris Alor Peroi,Kuala Besut,Terengganu
22300,Beris Alor Pisang,Kuala Besut,Terengganu
22300,Beris Cawat,Kuala Besut,Terengganu
22300,Gong Manok,Kuala Besut,Terengganu
22300,Gong Nering,Kuala Besut,Terengganu
22300,Gong Surau,Kuala Besut,Terengganu
22300,Kampung Baru,Kuala Besut,Terengganu
22300,Kampung Beris Panggong,Kuala Besut,Terengganu
22300,Kampung Gertak Seratus,Kuala Besut,Terengganu
22300,Kampung Kayu Kelat,Kuala Besut,Terengganu
22300,Kampung Lampu,Kuala Besut,Terengganu
22300,Kampung Nail,Kuala Besut,Terengganu
22300,Kampung Nangka,Kuala Besut,Terengganu
22300,Kampung Paya,Kuala Besut,Terengganu
22300,Kampung Sungai,Kuala Besut,Terengganu
22300,Kampung Tengah (Kuala Besut),Kuala Besut,Terengganu
22300,Kampung Timur,Kuala Besut,Terengganu
22300,Kuala Bedah,Kuala Besut,Terengganu
22300,Kuala Besut,Kuala Besut,Terengganu
22300,Pacakan,Kuala Besut,Terengganu
22300,Pulau Perhentian,Kuala Besut,Terengganu
22300,Pulau Salim,Kuala Besut,Terengganu
22300,Teluk Budu,Kuala Besut,Terengganu
22300,Tok Saboh,Kuala Besut,Terengganu
22307,Peti Surat,Kuala Besut,Terengganu
22309,Beg Berkunci,Kuala Besut,Terengganu
23000,Alor Rekan Bemban,Dungun,Terengganu
23000,Bangunan Abdullah Osman,Dungun,Terengganu
23000,Bangunan Haji Wahab,Dungun,Terengganu
23000,Bangunan Maidam,Dungun,Terengganu
23000,Bangunan Yayasan Islam,Dungun,Terengganu
23000,Bukit Tok Bilal,Dungun,Terengganu
23000,Dungun (Batu 48),Dungun,Terengganu
23000,Dungun Beach Resort,Dungun,Terengganu
23000,Dungun,Dungun,Terengganu
23000,Jongok Batu,Dungun,Terengganu
23000,Kampung Alor Jejawi,Dungun,Terengganu
23000,Kampung Alor Tembusu,Dungun,Terengganu
23000,Kampung Bahagia Tok Kah,Dungun,Terengganu
23000,Kampung Balai Besar,Dungun,Terengganu
23000,Kampung Batu Enam,Dungun,Terengganu
23000,Kampung Batu Lima,Dungun,Terengganu
23000,Kampung Batu Puteh,Dungun,Terengganu
23000,Kampung Batu Tiong,Dungun,Terengganu
23000,Kampung Batu Tujuh,Dungun,Terengganu
23000,Kampung Binjai,Dungun,Terengganu
23000,Kampung Bukit Belah,Dungun,Terengganu
23000,Kampung Bukit Merah Padang Pulut,Dungun,Terengganu
23000,Kampung Bukit Murai,Dungun,Terengganu
23000,Kampung Bukit Pauh,Dungun,Terengganu
23000,Kampung Bukit Tok Bilal,Dungun,Terengganu
23000,Kampung Che Lijah,Dungun,Terengganu
23000,Kampung Delong,Dungun,Terengganu
23000,Kampung Gong Pasir,Dungun,Terengganu
23000,Kampung Jongkok Batu,Dungun,Terengganu
23000,Kampung Kemudi,Dungun,Terengganu
23000,Kampung Padang Jambu,Dungun,Terengganu
23000,Kampung Padang Pulut,Dungun,Terengganu
23000,Kampung Pak Sabah,Dungun,Terengganu
23000,Kampung Peladang,Dungun,Terengganu
23000,Kampung Pulau Serai,Dungun,Terengganu
23000,Kampung Raja Wali,Dungun,Terengganu
23000,Kampung Rantau Abang,Dungun,Terengganu
23000,Kampung Rhu Batil,Dungun,Terengganu
23000,Kampung Serdang,Dungun,Terengganu
23000,Kampung Sukur,Dungun,Terengganu
23000,Kampung Sungai Pimpin,Dungun,Terengganu
23000,Kampung Talong,Dungun,Terengganu
23000,Kampung Tanjong Batu,Dungun,Terengganu
23000,Kampung Tanjong Pagar,Dungun,Terengganu
23000,Kampung Tanjong Pati,Dungun,Terengganu
23000,Kampung Tok Kah,Dungun,Terengganu
23000,Kompleks Perniagaan Sura Gate,Dungun,Terengganu
23000,Kuala Dungun,Dungun,Terengganu
23000,Kuala Jengal,Dungun,Terengganu
23000,Kumpal,Dungun,Terengganu
23000,Padang Pulut,Dungun,Terengganu
23000,Pasir Raja,Dungun,Terengganu
23000,Rantau Abang,Dungun,Terengganu
23000,Seberang Pintasan,Dungun,Terengganu
23000,Sukur,Dungun,Terengganu
23000,Sura Gate,Dungun,Terengganu
23000,Sura Hujong,Dungun,Terengganu
23000,Talong,Dungun,Terengganu
23000,Taman Alina,Dungun,Terengganu
23000,Taman Anggerik,Dungun,Terengganu
23000,Taman Anjaria,Dungun,Terengganu
23000,Taman Bersekutu,Dungun,Terengganu
23000,Taman Bijaya Sura,Dungun,Terengganu
23000,"Taman Bukit Bauk 1, 2",Dungun,Terengganu
23000,Taman Bukit Catak,Dungun,Terengganu
23000,Taman Bunga Raya,Dungun,Terengganu
23000,Taman Cempaka,Dungun,Terengganu
23000,Taman Cenderawasih,Dungun,Terengganu
23000,Taman Delima,Dungun,Terengganu
23000,Taman Gemilang,Dungun,Terengganu
23000,Taman Gong Pasir,Dungun,Terengganu
23000,Taman Haji Idris,Dungun,Terengganu
23000,Taman Harmoni,Dungun,Terengganu
23000,Taman Himiran,Dungun,Terengganu
23000,Taman Intan,Dungun,Terengganu
23000,Taman Jaya,Dungun,Terengganu
23000,Taman Jejawi,Dungun,Terengganu
23000,Taman Kurnia Jaya,Dungun,Terengganu
23000,Taman Mas Intan,Dungun,Terengganu
23000,Taman Mawar,Dungun,Terengganu
23000,Taman Melati,Dungun,Terengganu
23000,Taman Melor 4 Fasa 2,Dungun,Terengganu
23000,Taman Melor,Dungun,Terengganu
23000,Taman Mesra,Dungun,Terengganu
23000,Taman Murni,Dungun,Terengganu
23000,Taman Mutiara,Dungun,Terengganu
23000,Taman Norlida,Dungun,Terengganu
23000,Taman Omar Al Khatab,Dungun,Terengganu
23000,Taman Pantai Sura,Dungun,Terengganu
23000,Taman Pelangi 1 & 2,Dungun,Terengganu
23000,Taman Perdana Bukit Catak,Dungun,Terengganu
23000,Taman Permint Indah,Dungun,Terengganu
23000,Taman Rakyat,Dungun,Terengganu
23000,Taman Raya,Dungun,Terengganu
23000,Taman Ros,Dungun,Terengganu
23000,Taman Rumbia,Dungun,Terengganu
23000,Taman Saeda,Dungun,Terengganu
23000,Taman Selasih Perdana,Dungun,Terengganu
23000,Taman Seri Dungun,Dungun,Terengganu
23000,Taman Setia,Dungun,Terengganu
23000,Taman Sri Bayu,Dungun,Terengganu
23000,Taman Sri Intan,Dungun,Terengganu
23000,Taman Sri Tanjung,Dungun,Terengganu
23000,Taman Sura Jaya,Dungun,Terengganu
23000,Taman Sura Jetty,Dungun,Terengganu
23000,Taman Sura Perdana,Dungun,Terengganu
23000,Taman Sura Permai,Dungun,Terengganu
23000,Taman Sura Tengah 1,Dungun,Terengganu
23000,Taman Sura,Dungun,Terengganu
23000,Taman Sutera,Dungun,Terengganu
23000,Taman Telok Lipat,Dungun,Terengganu
23000,Taman Wahyu,Dungun,Terengganu
23000,Taman Zaharah,Dungun,Terengganu
23000,Tanjung Jara Beach Resort,Dungun,Terengganu
23007,Peti Surat,Dungun,Terengganu
23009,Beg Berkunci,Dungun,Terengganu
23050,Kampung Baru Kuala Abang,Dungun,Terengganu
23050,Kampung Kertas Pulas,Dungun,Terengganu
23050,Kampung Kuala Abang,Dungun,Terengganu
23050,Kampung Kubang Putat,Dungun,Terengganu
23050,Kampung Kubang Temiang,Dungun,Terengganu
23100,Jalan Besar Paka,Paka,Terengganu
23100,Jalan Klinik,Paka,Terengganu
23100,Jalan Santong,Paka,Terengganu
23100,Kampung Air Hitam,Paka,Terengganu
23100,Kampung Baru Paka,Paka,Terengganu
23100,Kampung Baru Tebing Tembah,Paka,Terengganu
23100,Kampung Bukit Merah,Paka,Terengganu
23100,Kampung Cacar Baru,Paka,Terengganu
23100,Kampung Cacar,Paka,Terengganu
23100,Kampung Durian Mentangau,Paka,Terengganu
23100,Kampung Gemia,Paka,Terengganu
23100,Kampung Layout Cacar,Paka,Terengganu
23100,Kampung Limbong,Paka,Terengganu
23100,Kampung Masjid,Paka,Terengganu
23100,Kampung Nyior,Paka,Terengganu
23100,Kampung Pantai Laut,Paka,Terengganu
23100,Kampung Pinang Merah,Paka,Terengganu
23100,Kampung Santong,Paka,Terengganu
23100,Kampung Seberang Alor,Paka,Terengganu
23100,Kampung Tebing Tembah,Paka,Terengganu
23100,Kampung Tok Harun,Paka,Terengganu
23100,Kampung Wakaf Hijau,Paka,Terengganu
23100,Paka,Paka,Terengganu
23200,Bukit Besi,Bukit Besi,Terengganu
23200,Dendang,Bukit Besi,Terengganu
23200,Jerangau,Bukit Besi,Terengganu
23200,Kampung Baru,Bukit Besi,Terengganu
23200,Kampung Besol,Bukit Besi,Terengganu
23200,Kampung Jerangau,Bukit Besi,Terengganu
23200,Kampung Kubur,Bukit Besi,Terengganu
23200,Pinang,Bukit Besi,Terengganu
23200,Rasau,Bukit Besi,Terengganu
23300,Bandar Ketengah Jaya,Ketengah Jaya,Terengganu
23300,Felda Kerteh (1 - 6),Ketengah Jaya,Terengganu
23300,Kampung Padang Lalang,Ketengah Jaya,Terengganu
23400,Al Muktafi Billah Shah,Al Muktatfi Billah Shah,Terengganu
24000,Bakau Tinggi,Cukai,Terengganu
24000,Binjai,Cukai,Terengganu
24000,Bukit Kuang,Cukai,Terengganu
24000,Cukai,Cukai,Terengganu
24000,Desa Darul Iman,Cukai,Terengganu
24000,Dusun Nyior,Cukai,Terengganu
24000,Geliga Permai,Cukai,Terengganu
24000,Jalan Abdul Rahman,Cukai,Terengganu
24000,Jalan Air Puteh,Cukai,Terengganu
24000,Jalan Che Teng,Cukai,Terengganu
24000,Jalan Da Omar,Cukai,Terengganu
24000,Jalan Datok,Cukai,Terengganu
24000,Jalan Feri Lama,Cukai,Terengganu
24000,Jalan Hospital,Cukai,Terengganu
24000,Jalan Injin Gergaji,Cukai,Terengganu
24000,Jalan Jakar,Cukai,Terengganu
24000,Jalan Kenanga,Cukai,Terengganu
24000,Jalan Kubang Kurus,Cukai,Terengganu
24000,Jalan Mak Dayang,Cukai,Terengganu
24000,Jalan Masjid Lama,Cukai,Terengganu
24000,Jalan Pasar,Cukai,Terengganu
24000,Jalan Penghiburan,Cukai,Terengganu
24000,Jalan Sulaiman,Cukai,Terengganu
24000,Jalan Taha,Cukai,Terengganu
24000,Jalan Teratai,Cukai,Terengganu
24000,Kampung Air,Cukai,Terengganu
24000,Kampung Bakau Tinggi,Cukai,Terengganu
24000,Kampung Banggol Kanan,Cukai,Terengganu
24000,Kampung Banggol Kiri,Cukai,Terengganu
24000,Kampung Batu 4 (Binjai),Cukai,Terengganu
24000,Kampung Belakang Esso,Cukai,Terengganu
24000,Kampung Belakang Hospital,Cukai,Terengganu
24000,Kampung Besut,Cukai,Terengganu
24000,Kampung Bukit Kuang,Cukai,Terengganu
24000,Kampung Bukit Mentok,Cukai,Terengganu
24000,Kampung Cina,Cukai,Terengganu
24000,Kampung Darat Olong,Cukai,Terengganu
24000,Kampung Dusun Nyior,Cukai,Terengganu
24000,Kampung Fikri,Cukai,Terengganu
24000,Kampung Geliga Baru,Cukai,Terengganu
24000,Kampung Geliga Besar,Cukai,Terengganu
24000,Kampung Geliga Haji Ali,Cukai,Terengganu
24000,Kampung Geliga Jambatan,Cukai,Terengganu
24000,Kampung Geliga Mengambang,Cukai,Terengganu
24000,Kampung Geliga,Cukai,Terengganu
24000,Kampung Gong Limau,Cukai,Terengganu
24000,Kampung Gong Pauh,Cukai,Terengganu
24000,Kampung Jabur Kubur,Cukai,Terengganu
24000,Kampung Jaya,Cukai,Terengganu
24000,Kampung Kuala Kemaman,Cukai,Terengganu
24000,Kampung Lot Seri Jaya,Cukai,Terengganu
24000,Kampung Mak Chili,Cukai,Terengganu
24000,Kampung Mak Cili Paya,Cukai,Terengganu
24000,Kampung Mak Dayang,Cukai,Terengganu
24000,Kampung Padang Lalang,Cukai,Terengganu
24000,Kampung Paman,Cukai,Terengganu
24000,Kampung Pancor,Cukai,Terengganu
24000,Kampung Pandan,Cukai,Terengganu
24000,Kampung Pasir Minal,Cukai,Terengganu
24000,Kampung Paya Berenjut,Cukai,Terengganu
24000,Kampung Pengkalan Binjai,Cukai,Terengganu
24000,Kampung Pengkalan Cicar,Cukai,Terengganu
24000,Kampung Pengkalan Pandan,Cukai,Terengganu
24000,Kampung Pulau Tempurong,Cukai,Terengganu
24000,Kampung Sungai Pinang,Cukai,Terengganu
24000,Kampung Tanah Lot Geliga,Cukai,Terengganu
24000,Kampung Tempurong,Cukai,Terengganu
24000,Kampung Tengah,Cukai,Terengganu
24000,Kampung Tuan,Cukai,Terengganu
24000,Kampung Wakaf Jambu,Cukai,Terengganu
24000,Kuala Kemaman,Cukai,Terengganu
24000,Padang Lalang,Cukai,Terengganu
24000,Pasir Minar,Cukai,Terengganu
24000,Pengkalan Binjai,Cukai,Terengganu
24000,Pengkalan Cicar,Cukai,Terengganu
24000,Pengkalan Sir,Cukai,Terengganu
24000,Pulau Tempurong,Cukai,Terengganu
24000,Taman Air Puteh,Cukai,Terengganu
24000,Taman Anggerik,Cukai,Terengganu
24000,Taman Bahagia,Cukai,Terengganu
24000,Taman Baiduri,Cukai,Terengganu
24000,Taman Bakar Daud,Cukai,Terengganu
24000,Taman Berjaya,Cukai,Terengganu
24000,Taman Bersekutu,Cukai,Terengganu
24000,Taman Bukit Mentok,Cukai,Terengganu
24000,Taman Bunga Tanjung,Cukai,Terengganu
24000,Taman Cempaka,Cukai,Terengganu
24000,Taman Cendana,Cukai,Terengganu
24000,Taman Chua Ah Kee,Cukai,Terengganu
24000,Taman Cukai Utama,Cukai,Terengganu
24000,Taman Cukai,Cukai,Terengganu
24000,Taman Dahlia,Cukai,Terengganu
24000,Taman Darul Iman 1,Cukai,Terengganu
24000,Taman Darul Iman 2,Cukai,Terengganu
24000,Taman Darul Iman 3,Cukai,Terengganu
24000,Taman Darul Iman,Cukai,Terengganu
24000,Taman Dataran Geliga,Cukai,Terengganu
24000,Taman Delima,Cukai,Terengganu
24000,Taman Desa Awana,Cukai,Terengganu
24000,Taman Desa Cukai,Cukai,Terengganu
24000,Taman Desa Impian,Cukai,Terengganu
24000,Taman Desa Permai 1,Cukai,Terengganu
24000,Taman Desa Permai 2,Cukai,Terengganu
24000,Taman Desa Sentosa,Cukai,Terengganu
24000,Taman Desa Seri Geliga,Cukai,Terengganu
24000,Taman Geliga Besar,Cukai,Terengganu
24000,Taman Geliga Maju,Cukai,Terengganu
24000,Taman Geliga Sakti,Cukai,Terengganu
24000,Taman Geliga,Cukai,Terengganu
24000,Taman Ghulam,Cukai,Terengganu
24000,Taman Gong Pauh,Cukai,Terengganu
24000,Taman Haji Hamzah,Cukai,Terengganu
24000,Taman Haji Wan Ngah,Cukai,Terengganu
24000,Taman Haji Yaacob,Cukai,Terengganu
24000,Taman Idaman,Cukai,Terengganu
24000,Taman Indah,Cukai,Terengganu
24000,Taman Intan,Cukai,Terengganu
24000,Taman Isora,Cukai,Terengganu
24000,Taman Itafah,Cukai,Terengganu
24000,Taman Jakar Jaya,Cukai,Terengganu
24000,Taman Kediaman Indah,Cukai,Terengganu
24000,Taman Kekwa,Cukai,Terengganu
24000,Taman Kemaman,Cukai,Terengganu
24000,Taman Kenari,Cukai,Terengganu
24000,Taman Lembah Geliga,Cukai,Terengganu
24000,Taman LGL,Cukai,Terengganu
24000,Taman Lim Guan Lim,Cukai,Terengganu
24000,Taman Maheran,Cukai,Terengganu
24000,Taman Mak Cili,Cukai,Terengganu
24000,Taman Mat Nor,Cukai,Terengganu
24000,Taman Mawar,Cukai,Terengganu
24000,Taman Melor 2,Cukai,Terengganu
24000,Taman Melor,Cukai,Terengganu
24000,Taman Merpati,Cukai,Terengganu
24000,Taman Mohd Nor,Cukai,Terengganu
24000,Taman Muda,Cukai,Terengganu
24000,Taman Muhibbah,Cukai,Terengganu
24000,Taman Pantai,Cukai,Terengganu
24000,Taman Peladang,Cukai,Terengganu
24000,Taman Pelangi,Cukai,Terengganu
24000,Taman Permai Jaya,Cukai,Terengganu
24000,Taman Perumahan Haji Ismail,Cukai,Terengganu
24000,Taman Perumahan Perwaja,Cukai,Terengganu
24000,Taman Rahmat,Cukai,Terengganu
24000,Taman Samudra,Cukai,Terengganu
24000,Taman Sangsura,Cukai,Terengganu
24000,Taman Selera,Cukai,Terengganu
24000,Taman Seri Cukai,Cukai,Terengganu
24000,Taman Seri Geliga,Cukai,Terengganu
24000,Taman Seri Indah,Cukai,Terengganu
24000,Taman Seri Jakar,Cukai,Terengganu
24000,Taman Seri Jaya,Cukai,Terengganu
24000,Taman Seri Kalongan 2,Cukai,Terengganu
24000,Taman Seri Kalongan,Cukai,Terengganu
24000,Taman Seri Kemaman,Cukai,Terengganu
24000,Taman Seri Pandan 2,Cukai,Terengganu
24000,Taman Seri Pandan,Cukai,Terengganu
24000,Taman Seri Pauh,Cukai,Terengganu
24000,Taman Si Buyung,Cukai,Terengganu
24000,Taman Taja,Cukai,Terengganu
24000,Tanjung Berhala,Cukai,Terengganu
24000,Teluk Kalong,Cukai,Terengganu
24000,Teluk Puchong,Cukai,Terengganu
24000,Tok Kapor,Cukai,Terengganu
24000,Zon Perindustrian Jakar (1 & 2),Cukai,Terengganu
24007,Peti Surat,Cukai,Terengganu
24009,Beg Berkunci,Cukai,Terengganu
24050,Arkid Mara,Ayer Puteh,Terengganu
24050,Ayer Puteh,Ayer Puteh,Terengganu
24050,Ceneh Baru,Ayer Puteh,Terengganu
24050,Ceneh,Ayer Puteh,Terengganu
24050,Cerul Baru,Ayer Puteh,Terengganu
24050,Dadong,Ayer Puteh,Terengganu
24050,Kampung Baran,Ayer Puteh,Terengganu
24050,Kampung Batu 14,Ayer Puteh,Terengganu
24050,Kampung Batu 16,Ayer Puteh,Terengganu
24050,Kampung Habib Mohsin,Ayer Puteh,Terengganu
24050,Kampung Hilir Pasir Gajah,Ayer Puteh,Terengganu
24050,Kampung Hulu Pasir Gajah,Ayer Puteh,Terengganu
24050,Kampung Hulu Seberang Tayor,Ayer Puteh,Terengganu
24050,Kampung Hulu,Ayer Puteh,Terengganu
24050,Kampung Kubang Kurus,Ayer Puteh,Terengganu
24050,Kampung Laut Pasir Gajah,Ayer Puteh,Terengganu
24050,Kampung Sungai Mas,Ayer Puteh,Terengganu
24050,Kampung Tanah Lot Ayer Puteh,Ayer Puteh,Terengganu
24050,Kampung Tanah Lot Pasir Gajah,Ayer Puteh,Terengganu
24050,Kampung Tengah Pasir Gajah,Ayer Puteh,Terengganu
24050,Ladang Tebak,Ayer Puteh,Terengganu
24050,Padang Kubu,Ayer Puteh,Terengganu
24050,Pasir Gajah,Ayer Puteh,Terengganu
24050,RKT Seberang Tayor,Ayer Puteh,Terengganu
24050,Seberang Tayor,Ayer Puteh,Terengganu
24060,Kampung Yak Yah,Ceneh,Terengganu
24060,Lot 144,Ceneh,Terengganu
24060,Neram I,Ceneh,Terengganu
24060,Neram,Ceneh,Terengganu
24100,Kampung Atas Tebing,Kijal,Terengganu
24100,Kampung Baru Bukit Anak Dara,Kijal,Terengganu
24100,Kampung Baru Kanan,Kijal,Terengganu
24100,Kampung Baru Titian Berayong,Kijal,Terengganu
24100,Kampung Beris Nenas,Kijal,Terengganu
24100,Kampung Bukit Anak Dara,Kijal,Terengganu
24100,Kampung Bukit Sembilan,Kijal,Terengganu
24100,Kampung Che Wan,Kijal,Terengganu
24100,Kampung Darat Air Puteh,Kijal,Terengganu
24100,Kampung Darat Haji Awang,Kijal,Terengganu
24100,Kampung Darat Kijal,Kijal,Terengganu
24100,Kampung Darat Penunjuk,Kijal,Terengganu
24100,Kampung Darat Stesyen Bawah,Kijal,Terengganu
24100,Kampung Ibai,Kijal,Terengganu
24100,Kampung Ibok,Kijal,Terengganu
24100,Kampung Jong Berlaboh,Kijal,Terengganu
24100,Kampung Lasir Darat Kijal,Kijal,Terengganu
24100,Kampung Masjid (Kijal),Kijal,Terengganu
24100,Kampung Mentauh,Kijal,Terengganu
24100,Kampung Meraga Beris,Kijal,Terengganu
24100,Kampung Padang Kemunting,Kijal,Terengganu
24100,Kampung Pantai Penunjuk,Kijal,Terengganu
24100,Kampung Penunjuk,Kijal,Terengganu
24100,Kampung Pondok Limau,Kijal,Terengganu
24100,Kampung Pondok Paska,Kijal,Terengganu
24100,Kampung Simpang Bukit Kemuning,Kijal,Terengganu
24100,Kampung Simpang Empat,Kijal,Terengganu
24100,Kampung Tengah Bawah Tebing,Kijal,Terengganu
24100,Kampung Tengah Ibok,Kijal,Terengganu
24100,Kampung Tengah Pantai,Kijal,Terengganu
24100,Kampung Tengah,Kijal,Terengganu
24100,Kampung Titian Berayong,Kijal,Terengganu
24100,Kijal Beach Resort,Kijal,Terengganu
24100,Kijal,Kijal,Terengganu
24100,Simpang Pelatoh,Kijal,Terengganu
24100,Teladas,Kijal,Terengganu
24107,Peti Surat,Kijal,Terengganu
24109,Beg Berkunci,Kijal,Terengganu
24200,Ayer Jerneh,Kemasek,Terengganu
24200,Bandar D,Kemasek,Terengganu
24200,Kampung Baru Semanyor,Kemasek,Terengganu
24200,Kampung Batu 6 1/2 (Ayer Jerneh),Kemasek,Terengganu
24200,Kampung Bukit Kijang,Kemasek,Terengganu
24200,Kampung Bukit Pak Long,Kemasek,Terengganu
24200,Kampung Bukit Teruna Payoh,Kemasek,Terengganu
24200,Kampung Gong Chengal,Kemasek,Terengganu
24200,Kampung Loke Kod Ayer Jernih,Kemasek,Terengganu
24200,Kampung Melayu Ayer Jerneh,Kemasek,Terengganu
24200,Kampung Padang,Kemasek,Terengganu
24200,Kampung Payoh,Kemasek,Terengganu
24200,Kampung Seberang Payoh,Kemasek,Terengganu
24200,Kampung Semanyor,Kemasek,Terengganu
24200,Kemasek,Kemasek,Terengganu
24200,Seri Bandi,Kemasek,Terengganu
24200,Taman Wan Adnan,Kemasek,Terengganu
24207,Peti Surat,Kemasek,Terengganu
24209,Beg Berkunci,Kemasek,Terengganu
24300,Bandar Baru,Kerteh,Terengganu
24300,Estate Tengah/Petronas,Kerteh,Terengganu
24300,Jalan Besar,Kerteh,Terengganu
24300,Jalan Chabang,Kerteh,Terengganu
24300,Jalan Federal,Kerteh,Terengganu
24300,Kampung Api Rokok,Kerteh,Terengganu
24300,Kampung Bangsal Arang,Kerteh,Terengganu
24300,Kampung Baru Chabang,Kerteh,Terengganu
24300,Kampung Baru,Kerteh,Terengganu
24300,Kampung Batu Puteh,Kerteh,Terengganu
24300,Kampung Bukit Pahang Estate,Kerteh,Terengganu
24300,Kampung Cabang,Kerteh,Terengganu
24300,Kampung Gelugor,Kerteh,Terengganu
24300,Kampung Kolam Austasia,Kerteh,Terengganu
24300,Kampung Labohan,Kerteh,Terengganu
24300,Kampung Padang Bola,Kerteh,Terengganu
24300,Kampung Pengkalan Ranggon,Kerteh,Terengganu
24300,Kampung Ranggon Estate,Kerteh,Terengganu
24300,Kampung Seberang Lalang,Kerteh,Terengganu
24300,Kampung Telaga Papan,Kerteh,Terengganu
24300,Kampung Tengah,Kerteh,Terengganu
24300,Kerteh,Kerteh,Terengganu
24300,Kompleks Rantau Petronas,Kerteh,Terengganu
24300,Nyor Matel,Kerteh,Terengganu
24300,Rantau Petronas,Kerteh,Terengganu
