62000,Jalan Alamanda 1,Putrajaya,Wilayah Persekutuan Putrajaya
62000,Jalan Alamanda 2,Putrajaya,Wilayah Persekutuan Putrajaya
62000,Jalan Alamanda,Putrajaya,Wilayah Persekutuan Putrajaya
62000,Jalan Areca P12,Putrajaya,Wilayah Persekutuan Putrajaya
62000,Jalan Cassia P12/1,Putrajaya,Wilayah Persekutuan Putrajaya
62000,Jalan Cassia P12/2,Putrajaya,Wilayah Persekutuan Putrajaya
62000,Jalan Cassia P12/3,Putrajaya,Wilayah Persekutuan Putrajaya
62000,Jalan Cassia P12/4,Putrajaya,Wilayah Persekutuan Putrajaya
62000,Jalan Cassia P12/5,Putrajaya,Wilayah Persekutuan Putrajaya
62000,Jalan Cassia P12/6,Putrajaya,Wilayah Persekutuan Putrajaya
62000,Jalan Cassia P12/7,Putrajaya,Wilayah Persekutuan Putrajaya
62000,Jalan Cassia P12/8,Putrajaya,Wilayah Persekutuan Putrajaya
62000,Jalan Cassia P12/9,Putrajaya,Wilayah Persekutuan Putrajaya
62000,Jalan Eugenia P12,Putrajaya,Wilayah Persekutuan Putrajaya
62000,Jalan Gynura P12/1,Putrajaya,Wilayah Persekutuan Putrajaya
62000,Jalan Gynura P12/2,Putrajaya,Wilayah Persekutuan Putrajaya
62000,Jalan Gynura P12/3,Putrajaya,Wilayah Persekutuan Putrajaya
62000,Jalan Gynura P12/4,Putrajaya,Wilayah Persekutuan Putrajaya
62000,Jalan Gynura P12/5,Putrajaya,Wilayah Persekutuan Putrajaya
62000,Jalan Gynura P12/6,Putrajaya,Wilayah Persekutuan Putrajaya
62000,Jalan Gynura P12/7,Putrajaya,Wilayah Persekutuan Putrajaya
62000,Jalan Gynura P12/8,Putrajaya,Wilayah Persekutuan Putrajaya
62000,Jalan Murraya P12/1,Putrajaya,Wilayah Persekutuan Putrajaya
62000,Jalan Murraya P12/2,Putrajaya,Wilayah Persekutuan Putrajaya
62000,Jalan Murraya P12/3,Putrajaya,Wilayah Persekutuan Putrajaya
62000,Jalan Murraya P12/4,Putrajaya,Wilayah Persekutuan Putrajaya
62000,Jalan Murraya P12/5,Putrajaya,Wilayah Persekutuan Putrajaya
62000,Jalan Murraya P12/6,Putrajaya,Wilayah Persekutuan Putrajaya
62000,Jalan Murraya P12/7,Putrajaya,Wilayah Persekutuan Putrajaya
62000,Jalan Murraya P12/8,Putrajaya,Wilayah Persekutuan Putrajaya
62000,Jalan Murraya P12/9,Putrajaya,Wilayah Persekutuan Putrajaya
62000,Jalan Perdana Timur A/1,Putrajaya,Wilayah Persekutuan Putrajaya
62000,Jalan Senna P12,Putrajaya,Wilayah Persekutuan Putrajaya
62000,Jalan Taman Putra Perdana,Putrajaya,Wilayah Persekutuan Putrajaya
62000,Jalan Taman Putra Perdana/1,Putrajaya,Wilayah Persekutuan Putrajaya
62000,Jalan Taman Putra Perdana/2,Putrajaya,Wilayah Persekutuan Putrajaya
62000,Jalan Taman Putra Perdana/3,Putrajaya,Wilayah Persekutuan Putrajaya
62000,Jalan Taman Putra Perdana/4,Putrajaya,Wilayah Persekutuan Putrajaya
62000,Laluan Dataran Pahlawan P1,Putrajaya,Wilayah Persekutuan Putrajaya
62000,Laluan Laman Putra P1/1,Putrajaya,Wilayah Persekutuan Putrajaya
62000,Laluan Laman Putra P1/2,Putrajaya,Wilayah Persekutuan Putrajaya
62000,Laluan Laman Putra P1/3,Putrajaya,Wilayah Persekutuan Putrajaya
62000,Presint 1,Putrajaya,Wilayah Persekutuan Putrajaya
62000,Presint 12,Putrajaya,Wilayah Persekutuan Putrajaya
62007,Badan Pencegah Rasuah,Putrajaya,Wilayah Persekutuan Putrajaya
62050,Bahagian Pilihanraya Parlimen P125 Putrajaya,Putrajaya,Wilayah Persekutuan Putrajaya
62050,Jalan Ara P15/1 (Jalan P15D),Putrajaya,Wilayah Persekutuan Putrajaya
62050,Jalan Ara P15/2 (Jalan P15D/1),Putrajaya,Wilayah Persekutuan Putrajaya
62050,Jalan Ara P15/3 (Jalan P15D/2),Putrajaya,Wilayah Persekutuan Putrajaya
62050,Jalan Ara P15/4 (Jalan P15D/3),Putrajaya,Wilayah Persekutuan Putrajaya
62050,Jalan Ara P15/5 (Jalan P15D/4),Putrajaya,Wilayah Persekutuan Putrajaya
62050,Jalan Ara P15/6 (Jalan P15D/5),Putrajaya,Wilayah Persekutuan Putrajaya
62050,Jalan Ara P15/7 (Jalan P15D/6),Putrajaya,Wilayah Persekutuan Putrajaya
62050,Jalan Ara P15/8 (Jalan P15D/7),Putrajaya,Wilayah Persekutuan Putrajaya
62050,Jalan Balau P15H 3 (Jalan P15H 3),Putrajaya,Wilayah Persekutuan Putrajaya
62050,Jalan Balau P15H 3/1 (Jalan P15H 3/1),Putrajaya,Wilayah Persekutuan Putrajaya
62050,Jalan Balau P15H 3/2 (Jalan P15H 3/2),Putrajaya,Wilayah Persekutuan Putrajaya
62050,Jalan Balau P15H 3/3 (Jalan P15H 3/3),Putrajaya,Wilayah Persekutuan Putrajaya
62050,Jalan Bertam P14J (Jalan P14J),Putrajaya,Wilayah Persekutuan Putrajaya
62050,Jalan Bertam P14J/1 (Jalan P14J/1),Putrajaya,Wilayah Persekutuan Putrajaya
62050,Jalan Cendana P14A (Jalan P14A),Putrajaya,Wilayah Persekutuan Putrajaya
62050,Jalan Cendana P14A 1 (Jalan P14A 1),Putrajaya,Wilayah Persekutuan Putrajaya
62050,Jalan Cendana P14A 1/1 (Jalan P14A 1/1),Putrajaya,Wilayah Persekutuan Putrajaya
62050,Jalan Cendana P14A 1/10,Putrajaya,Wilayah Persekutuan Putrajaya
62050,Jalan Cendana P14A 1/11,Putrajaya,Wilayah Persekutuan Putrajaya
62050,Jalan Cendana P14A 1/12,Putrajaya,Wilayah Persekutuan Putrajaya
62050,Jalan Cendana P14A 1/13,Putrajaya,Wilayah Persekutuan Putrajaya
62050,Jalan Cendana P14A 1/14,Putrajaya,Wilayah Persekutuan Putrajaya
62050,Jalan Cendana P14A 1/2 (Jalan P14A 1/2),Putrajaya,Wilayah Persekutuan Putrajaya
62050,Jalan Cendana P14A 1/3 (Jalan P14A 1/3),Putrajaya,Wilayah Persekutuan Putrajaya
62050,Jalan Cendana P14A 1/5,Putrajaya,Wilayah Persekutuan Putrajaya
62050,Jalan Cendana P14A 1/6,Putrajaya,Wilayah Persekutuan Putrajaya
62050,Jalan Cendana P14A 1/7,Putrajaya,Wilayah Persekutuan Putrajaya
62050,Jalan Cendana P14A 1/8,Putrajaya,Wilayah Persekutuan Putrajaya
62050,Jalan Cendana P14A 1/9,Putrajaya,Wilayah Persekutuan Putrajaya
62050,Jalan Cengal P14 (Jalan P14),Putrajaya,Wilayah Persekutuan Putrajaya
62050,Jalan Gelam P15/1 (Jalan P15A),Putrajaya,Wilayah Persekutuan Putrajaya
62050,Jalan Gelam P15/2 (Jalan P15A/1),Putrajaya,Wilayah Persekutuan Putrajaya
62050,Jalan Gelam P15/3 (Jalan P15A/2),Putrajaya,Wilayah Persekutuan Putrajaya
62050,Jalan Gelam P15/4 (Jalan P15A/3),Putrajaya,Wilayah Persekutuan Putrajaya
62050,Jalan Industri Putra 1,Putrajaya,Wilayah Persekutuan Putrajaya
62050,Jalan Jati P14B (Jalan P14B),Putrajaya,Wilayah Persekutuan Putrajaya
62050,Jalan Jati P14B 1 (Jalan P14B 1),Putrajaya,Wilayah Persekutuan Putrajaya
62050,Jalan Jati P14B 1/1 (Jalan P14B 1/1),Putrajaya,Wilayah Persekutuan Putrajaya
62050,Jalan Jati P14B 1/2 (Jalan P14B 1/2),Putrajaya,Wilayah Persekutuan Putrajaya
62050,Jalan Jati P14B 1/3 (Jalan P14B 1/3),Putrajaya,Wilayah Persekutuan Putrajaya
62050,Jalan Jati P14B 1/4 (Jalan P14B 1/4),Putrajaya,Wilayah Persekutuan Putrajaya
62050,Jalan Jati P14B 1/5 (Jalan P14B 1/5),Putrajaya,Wilayah Persekutuan Putrajaya
62050,Jalan Jati P14B 1/6 (Jalan P14B 1/6),Putrajaya,Wilayah Persekutuan Putrajaya
62050,Jalan Jati P14B 1/7 (Jalan P14B 1/7),Putrajaya,Wilayah Persekutuan Putrajaya
62050,Jalan Jati P14B 2 (Jalan P14B 2),Putrajaya,Wilayah Persekutuan Putrajaya
62050,Jalan Jati P14B 2/1 (Jalan P14B 2/1),Putrajaya,Wilayah Persekutuan Putrajaya
62050,Jalan Jati P14B 2/2 (Jalan P14B 2/2),Putrajaya,Wilayah Persekutuan Putrajaya
62050,Jalan Jati P14B 2/3 (Jalan P14B 2/3),Putrajaya,Wilayah Persekutuan Putrajaya
62050,Jalan Jati P14B 2/4 (Jalan P14B 2/4),Putrajaya,Wilayah Persekutuan Putrajaya
62050,Jalan Jati P14B 2/5 (Jalan P14B 2/5),Putrajaya,Wilayah Persekutuan Putrajaya
62050,Jalan Jati P14B 2/6 (Jalan P14B 2/6),Putrajaya,Wilayah Persekutuan Putrajaya
62050,Jalan Jati P14B 4 (Jalan P14B 4),Putrajaya,Wilayah Persekutuan Putrajaya
62050,Jalan Jati P14L (Jalan P14L),Putrajaya,Wilayah Persekutuan Putrajaya
62050,Jalan Karas P15/1 (Jalan P15F),Putrajaya,Wilayah Persekutuan Putrajaya
62050,Jalan Karas P15/2 (Jalan P15F/1),Putrajaya,Wilayah Persekutuan Putrajaya
62050,Jalan Karas P15/3 (Jalan P15F/2),Putrajaya,Wilayah Persekutuan Putrajaya
62050,Jalan Karas P15/4 (Jalan P15F/3),Putrajaya,Wilayah Persekutuan Putrajaya
62050,Jalan Karas P15/5 (Jalan P15F/4),Putrajaya,Wilayah Persekutuan Putrajaya
62050,Jalan Karas P15/6 (Jalan P15F/5),Putrajaya,Wilayah Persekutuan Putrajaya
62050,Jalan Karas P15/7 (Jalan P15F/6),Putrajaya,Wilayah Persekutuan Putrajaya
62050,Jalan Keruing P14F (Jalan P14F),Putrajaya,Wilayah Persekutuan Putrajaya
62050,Jalan Keruing P14F/1 (Jalan P14F/1),Putrajaya,Wilayah Persekutuan Putrajaya
62050,Jalan Keruing P14F/2 (Jalan P14F/2),Putrajaya,Wilayah Persekutuan Putrajaya
62050,Jalan Keruing P14F/3 (Jalan P14F/3),Putrajaya,Wilayah Persekutuan Putrajaya
62050,Jalan Keruing P14F/4 (Jalan P14F/4),Putrajaya,Wilayah Persekutuan Putrajaya
62050,Jalan Keruing P14F/5 (Jalan P14F/5),Putrajaya,Wilayah Persekutuan Putrajaya
62050,Jalan Keruing P14F/6 (Jalan P14F/6),Putrajaya,Wilayah Persekutuan Putrajaya
62050,Jalan Keruing P14F/7 (Jalan P14F/7),Putrajaya,Wilayah Persekutuan Putrajaya
62050,Jalan Melunak P15/1 (Jalan P15G),Putrajaya,Wilayah Persekutuan Putrajaya
62050,Jalan Melunak P15/2 (Jalan P15G/1),Putrajaya,Wilayah Persekutuan Putrajaya
62050,Jalan Melunak P15/3 (Jalan P15G/2),Putrajaya,Wilayah Persekutuan Putrajaya
62050,Jalan Mempaga P15/1 (Jalan P15B),Putrajaya,Wilayah Persekutuan Putrajaya
62050,Jalan Mempaga P15/2 (Jalan P15B/1),Putrajaya,Wilayah Persekutuan Putrajaya
62050,Jalan Mempaga P15/3 (Jalan P15B/2),Putrajaya,Wilayah Persekutuan Putrajaya
62050,Jalan Mempaga P15/4 (Jalan P15B/3),Putrajaya,Wilayah Persekutuan Putrajaya
62050,Jalan Meranti P14G (Jalan P14G),Putrajaya,Wilayah Persekutuan Putrajaya
62050,Jalan Meranti P14G/1 (Jalan P14G/1),Putrajaya,Wilayah Persekutuan Putrajaya
62050,Jalan Meranti P14G/2 (Jalan P14G/2),Putrajaya,Wilayah Persekutuan Putrajaya
62050,Jalan Meranti P14H (Jalan P14H),Putrajaya,Wilayah Persekutuan Putrajaya
62050,Jalan Merawan P15 (Jalan P15),Putrajaya,Wilayah Persekutuan Putrajaya
62050,Jalan Merbau P14D (Jalan P14D),Putrajaya,Wilayah Persekutuan Putrajaya
62050,Jalan Merbau P14D 1 (Jalan P14D 1),Putrajaya,Wilayah Persekutuan Putrajaya
62050,Jalan Merbau P14D 2 (Jalan P14D 2),Putrajaya,Wilayah Persekutuan Putrajaya
62050,Jalan Merbau P14D 2/1 (Jalan P14D 2/1),Putrajaya,Wilayah Persekutuan Putrajaya
62050,Jalan Merbau P14D 2/2 (Jalan P14D 2/2),Putrajaya,Wilayah Persekutuan Putrajaya
62050,Jalan Merbau P14D/1 (Jalan P14D/1),Putrajaya,Wilayah Persekutuan Putrajaya
62050,Jalan Merbau P14D/2 (Jalan P14D/2),Putrajaya,Wilayah Persekutuan Putrajaya
62050,Jalan Nyatoh P15H (Jalan P15H),Putrajaya,Wilayah Persekutuan Putrajaya
62050,Jalan Pelawan P15H 2 (Jalan P15H 2),Putrajaya,Wilayah Persekutuan Putrajaya
62050,Jalan Pelawan P15H 2/1 (Jalan P15H 2/1),Putrajaya,Wilayah Persekutuan Putrajaya
62050,Jalan Pelawan P15H 2/2 (Jalan P15H 2/2),Putrajaya,Wilayah Persekutuan Putrajaya
62050,Jalan Pelawan P15H 2/3 (Jalan P15H 2/3),Putrajaya,Wilayah Persekutuan Putrajaya
62050,Jalan Resak P15H 1 (Jalan P15H 1),Putrajaya,Wilayah Persekutuan Putrajaya
62050,Jalan Resak P15H 1/1 (Jalan P15H 1/1),Putrajaya,Wilayah Persekutuan Putrajaya
62050,Jalan Resak P15H 1/2 (Jalan P15H 1/2),Putrajaya,Wilayah Persekutuan Putrajaya
62050,Jalan Resak P15H 1/3 (Jalan P15H 1/3),Putrajaya,Wilayah Persekutuan Putrajaya
62050,Jalan Resak P15H 1/4 (Jalan P15H 1/4),Putrajaya,Wilayah Persekutuan Putrajaya
62050,Jalan Resak P15H 1/5 (Jalan P15H 1/5),Putrajaya,Wilayah Persekutuan Putrajaya
62050,Jalan Rimba Alam P14 (Jalan P14),Putrajaya,Wilayah Persekutuan Putrajaya
62050,Jalan Surian P14E (Jalan P14E),Putrajaya,Wilayah Persekutuan Putrajaya
62050,Jalan Surian P14E 1 (Jalan P14E 1),Putrajaya,Wilayah Persekutuan Putrajaya
62050,Jalan Surian P14E 1/1 (Jalan P14E 1/1),Putrajaya,Wilayah Persekutuan Putrajaya
62050,Jalan Surian P14E 1/2 (Jalan P14E 1/2),Putrajaya,Wilayah Persekutuan Putrajaya
62050,Jalan Surian P14E 2 (Jalan P14E 2),Putrajaya,Wilayah Persekutuan Putrajaya
62050,Jalan Surian P14E 2/1 (Jalan P14E 2/1),Putrajaya,Wilayah Persekutuan Putrajaya
62050,Jalan Tembusu P15/1 (Jalan P15C),Putrajaya,Wilayah Persekutuan Putrajaya
62050,Jalan Tembusu P15/2 (Jalan P15C/1),Putrajaya,Wilayah Persekutuan Putrajaya
62050,Jalan Tembusu P15/3 (Jalan P15C/2),Putrajaya,Wilayah Persekutuan Putrajaya
62050,Jalan Tembusu P15/4 (Jalan P15C/3),Putrajaya,Wilayah Persekutuan Putrajaya
62050,Jalan Tempinis P14C (Jalan P14C),Putrajaya,Wilayah Persekutuan Putrajaya
62050,Jalan Tempinis P14C 1 (Jalan P14C 1),Putrajaya,Wilayah Persekutuan Putrajaya
62050,Jalan Tempinis P14C 1/1 (Jalan P14C 1/1),Putrajaya,Wilayah Persekutuan Putrajaya
62050,Jalan Tempinis P14C 1/2 (Jalan P14C 1/2),Putrajaya,Wilayah Persekutuan Putrajaya
62050,Jalan Tempinis P14C 1/3 (Jalan P14C 1/3),Putrajaya,Wilayah Persekutuan Putrajaya
62050,Jalan Tempinis P14C 1/4 (Jalan P14C 1/4),Putrajaya,Wilayah Persekutuan Putrajaya
62050,Jalan Tempinis P14C 1/5 (Jalan P14C 1/5),Putrajaya,Wilayah Persekutuan Putrajaya
62050,Jalan Tempinis P14C 1/6 (Jalan P14C 1/6),Putrajaya,Wilayah Persekutuan Putrajaya
62050,Jalan Tempinis P14C 2 (Jalan P14C 2),Putrajaya,Wilayah Persekutuan Putrajaya
62050,Jalan Tempinis P14C 2/1 (Jalan P14C 2/1),Putrajaya,Wilayah Persekutuan Putrajaya
62050,Jalan Tempinis P14C 2/2 (Jalan P14C 2/2),Putrajaya,Wilayah Persekutuan Putrajaya
62050,Jalan Tempinis P14C 2/3 (Jalan P14C 2/3),Putrajaya,Wilayah Persekutuan Putrajaya
62050,Jalan Tempinis P14C 2/4 (Jalan P14C 2/4),Putrajaya,Wilayah Persekutuan Putrajaya
62050,Jalan Tempinis P14C 2/5 (Jalan P14C 2/5),Putrajaya,Wilayah Persekutuan Putrajaya
62050,Jalan Tempinis P14C 2/6 (Jalan P14C 2/6),Putrajaya,Wilayah Persekutuan Putrajaya
62050,Jalan Tempinis P14C 2/7 (Jalan P14C 2/7),Putrajaya,Wilayah Persekutuan Putrajaya
62050,Jalan Terap P15/1 (Jalan P15E),Putrajaya,Wilayah Persekutuan Putrajaya
62050,Jalan Terap P15/2 (Jalan P15E 1),Putrajaya,Wilayah Persekutuan Putrajaya
62050,Jalan Terap P15/3 (Jalan P15E 2),Putrajaya,Wilayah Persekutuan Putrajaya
62050,Jalan Terap P15/4 (Jalan P15E 2/1),Putrajaya,Wilayah Persekutuan Putrajaya
62050,Jalan Tualang P15H 4 (Jalan P15H 4),Putrajaya,Wilayah Persekutuan Putrajaya
62050,Jalan Tualang P15H 4/1 (Jalan P15H 4/1),Putrajaya,Wilayah Persekutuan Putrajaya
62050,Jalan Tualang P15H 4/2 (Jalan P15H 4/2),Putrajaya,Wilayah Persekutuan Putrajaya
62050,Jalan Tualang P15H 4/3 (Jalan P15H 4/3),Putrajaya,Wilayah Persekutuan Putrajaya
62050,Jalan Tualang P15H 4/4 (Jalan P15H 4/4),Putrajaya,Wilayah Persekutuan Putrajaya
62050,Jalan Tualang P15H 4/5 (Jalan P15H 4/5),Putrajaya,Wilayah Persekutuan Putrajaya
62050,Jalan Tualang P15H 4/6 (Jalan P15H 4/6),Putrajaya,Wilayah Persekutuan Putrajaya
62050,Jalan Tualang P15H 4/7 (Jalan P15H 4/7),Putrajaya,Wilayah Persekutuan Putrajaya
62050,Presint 14,Putrajaya,Wilayah Persekutuan Putrajaya
62050,Presint 15,Putrajaya,Wilayah Persekutuan Putrajaya
62100,Jalan Al Biruni P3 K (Jalan P3 K),Putrajaya,Wilayah Persekutuan Putrajaya
62100,Jalan Al Farabi P3 H (Jalan P3 H),Putrajaya,Wilayah Persekutuan Putrajaya
62100,Jalan Alaf Baru P2 M (Jalan P2 M),Putrajaya,Wilayah Persekutuan Putrajaya
62100,Jalan Alaf Baru P2 N (Jalan P2 N),Putrajaya,Wilayah Persekutuan Putrajaya
62100,Jalan Alaf Baru P3 A (Jalan P3 A),Putrajaya,Wilayah Persekutuan Putrajaya
62100,Jalan Alaf Baru P3 L (Jalan P3 L),Putrajaya,Wilayah Persekutuan Putrajaya
62100,Jalan Anggerik P18C 1 (Jalan P18C 1),Putrajaya,Wilayah Persekutuan Putrajaya
62100,Jalan Anggerik P18C 1/1 (Jalan P18C 1/1),Putrajaya,Wilayah Persekutuan Putrajaya
62100,Jalan Anggerik P18C 1/2 (Jalan P18C 1/2),Putrajaya,Wilayah Persekutuan Putrajaya
62100,Jalan Anggerik P18C 1/3 (Jalan P18C 1/3),Putrajaya,Wilayah Persekutuan Putrajaya
62100,Jalan Anggerik P18C 1/4 (Jalan P18C 1/4),Putrajaya,Wilayah Persekutuan Putrajaya
62100,Jalan Anggerik P18C 1/5 (Jalan P18C 1/5),Putrajaya,Wilayah Persekutuan Putrajaya
62100,Jalan Belia P4 X (Jalan P4 X),Putrajaya,Wilayah Persekutuan Putrajaya
62100,Jalan Belia P4 Y (Jalan P4 Y),Putrajaya,Wilayah Persekutuan Putrajaya
62100,Jalan Buginvila P18N (Jalan P18N),Putrajaya,Wilayah Persekutuan Putrajaya
62100,Jalan Bunga Matahari P18M (Jalan P18M),Putrajaya,Wilayah Persekutuan Putrajaya
62100,Jalan Bunga Raya P18C (Jalan P18C),Putrajaya,Wilayah Persekutuan Putrajaya
62100,Jalan Cekur P16C (Jalan P16C),Putrajaya,Wilayah Persekutuan Putrajaya
62100,Jalan Gapis P18G (Jalan P18G),Putrajaya,Wilayah Persekutuan Putrajaya
62100,Jalan Gemilang P4 - 1 (Jalan P4 - 1),Putrajaya,Wilayah Persekutuan Putrajaya
62100,Jalan Gemilang P4 - 10 (Jalan P4 - 10),Putrajaya,Wilayah Persekutuan Putrajaya
62100,Jalan Gemilang P4 - 2 (Jalan P4 - 2),Putrajaya,Wilayah Persekutuan Putrajaya
62100,Jalan Gemilang P4 - 3 (Jalan P4 - 3),Putrajaya,Wilayah Persekutuan Putrajaya
62100,Jalan Gemilang P4 - 4 (Jalan P4 - 4),Putrajaya,Wilayah Persekutuan Putrajaya
62100,Jalan Gemilang P4 - 5 (Jalan P4 - 5),Putrajaya,Wilayah Persekutuan Putrajaya
62100,Jalan Gemilang P4 - 6 (Jalan P4 - 6),Putrajaya,Wilayah Persekutuan Putrajaya
62100,Jalan Gemilang P4 - 8 (Jalan P4 - 8),Putrajaya,Wilayah Persekutuan Putrajaya
62100,Jalan Gemilang P4 - 9 (Jalan P4 - 9),Putrajaya,Wilayah Persekutuan Putrajaya
62100,Jalan Guaman P4 P (Jalan P4 P),Putrajaya,Wilayah Persekutuan Putrajaya
62100,Jalan Guaman P4 Q (Jalan P4 Q),Putrajaya,Wilayah Persekutuan Putrajaya
62100,Jalan Halba P17C (Jalan P17C),Putrajaya,Wilayah Persekutuan Putrajaya
62100,Jalan Halia P16 (Jalan P16),Putrajaya,Wilayah Persekutuan Putrajaya
62100,Jalan Helikonia P18D (Jalan P18D),Putrajaya,Wilayah Persekutuan Putrajaya
62100,Jalan Helikonia P18D 1/1 (Jalan P18D 1/1),Putrajaya,Wilayah Persekutuan Putrajaya
62100,Jalan Helikonia P18D 1/2 (Jalan P18D 1/2),Putrajaya,Wilayah Persekutuan Putrajaya
62100,Jalan Ibnu Khaldun P3 J (Jalan P3 J),Putrajaya,Wilayah Persekutuan Putrajaya
62100,Jalan Ibnu Sina P3 E (Jalan P3 E),Putrajaya,Wilayah Persekutuan Putrajaya
62100,Jalan Jasmin P18E (Jalan P18E),Putrajaya,Wilayah Persekutuan Putrajaya
62100,Jalan Kandis P16 (Jalan P16J),Putrajaya,Wilayah Persekutuan Putrajaya
62100,Jalan Kantan P17A (Jalan P17A),Putrajaya,Wilayah Persekutuan Putrajaya
62100,Jalan Kastam P2 Y (Jalan P2 Y),Putrajaya,Wilayah Persekutuan Putrajaya
62100,Jalan Kasturi P17 (Jalan P17),Putrajaya,Wilayah Persekutuan Putrajaya
62100,Jalan Kehakiman P3 M (Jalan P3 M),Putrajaya,Wilayah Persekutuan Putrajaya
62100,Jalan Kehakiman P3 N (Jalan P3 N),Putrajaya,Wilayah Persekutuan Putrajaya
62100,Jalan Kehakiman P3 P (Jalan P3 P),Putrajaya,Wilayah Persekutuan Putrajaya
62100,Jalan Kehakiman P3 Q (Jalan P3 Q),Putrajaya,Wilayah Persekutuan Putrajaya
62100,Jalan Kekwa P18C 2 (Jalan P18C 2),Putrajaya,Wilayah Persekutuan Putrajaya
62100,Jalan Kemboja P18J (Jalan P18J),Putrajaya,Wilayah Persekutuan Putrajaya
62100,Jalan Kesidang P18H (Jalan P18H),Putrajaya,Wilayah Persekutuan Putrajaya
62100,Jalan Kesidang P18H 1/1 (Jalan P18H 1/1),Putrajaya,Wilayah Persekutuan Putrajaya
62100,Jalan Kesidang P18H 1/2 (Jalan P18H 1/2),Putrajaya,Wilayah Persekutuan Putrajaya
62100,Jalan Kesidang P18H 1/3 (Jalan P18H 1/3),Putrajaya,Wilayah Persekutuan Putrajaya
62100,Jalan Kesidang P18H 1/4 (Jalan P18H 1/4),Putrajaya,Wilayah Persekutuan Putrajaya
62100,Jalan Kesidang P18H 1/5 (Jalan P18H 1/5),Putrajaya,Wilayah Persekutuan Putrajaya
62100,Jalan Kesidang P18H 1/6 (Jalan P18H 1/6),Putrajaya,Wilayah Persekutuan Putrajaya
62100,Jalan Kesidang P18H 1/7 (Jalan P18H 1/7),Putrajaya,Wilayah Persekutuan Putrajaya
62100,Jalan Kesidang P18H 1/8 (Jalan P18H 1/8),Putrajaya,Wilayah Persekutuan Putrajaya
62100,Jalan Kesidang P18H 1/9 (Jalan P18H 1/9),Putrajaya,Wilayah Persekutuan Putrajaya
62100,Jalan Kesum P16/1,Putrajaya,Wilayah Persekutuan Putrajaya
62100,Jalan Kesum P16/2,Putrajaya,Wilayah Persekutuan Putrajaya
62100,Jalan Kesum P16/3,Putrajaya,Wilayah Persekutuan Putrajaya
62100,Jalan Kesum P16/4,Putrajaya,Wilayah Persekutuan Putrajaya
62100,Jalan Ketumbar P17B (Jalan P17B),Putrajaya,Wilayah Persekutuan Putrajaya
62100,Jalan Khawarizmi P3 D (Jalan P3 D),Putrajaya,Wilayah Persekutuan Putrajaya
62100,Jalan Konsulat P4 D (Jalan P4 D),Putrajaya,Wilayah Persekutuan Putrajaya
62100,Jalan Konsulat P4 N (Jalan P4 N),Putrajaya,Wilayah Persekutuan Putrajaya
62100,Jalan Kunyit Emas P16A (Jalan P16A),Putrajaya,Wilayah Persekutuan Putrajaya
62100,Jalan Kunyit Emas P16A/2,Putrajaya,Wilayah Persekutuan Putrajaya
62100,Jalan Kunyit Emas P16A/3,Putrajaya,Wilayah Persekutuan Putrajaya
62100,Jalan Lawang P17D (Jalan P17D),Putrajaya,Wilayah Persekutuan Putrajaya
62100,Jalan Lengkuas P16F (Jalan P16F),Putrajaya,Wilayah Persekutuan Putrajaya
62100,Jalan Melati P18L (Jalan P18L),Putrajaya,Wilayah Persekutuan Putrajaya
62100,Jalan Pancarona P18 (Jalan P18),Putrajaya,Wilayah Persekutuan Putrajaya
62100,Jalan Pancarona P18/UIA-4 (Jalan P18/UIA-4),Putrajaya,Wilayah Persekutuan Putrajaya
62100,Jalan Pegaga P16/1 (Jalan P16/1),Putrajaya,Wilayah Persekutuan Putrajaya
62100,Jalan Pegaga P16B (Jalan P16B),Putrajaya,Wilayah Persekutuan Putrajaya
62100,Jalan Pegaga P16B/1 (Jalan P16B/1),Putrajaya,Wilayah Persekutuan Putrajaya
62100,Jalan Pegaga P16B/2 (Jalan P16B/2),Putrajaya,Wilayah Persekutuan Putrajaya
62100,Jalan Pegaga P16B/3 (Jalan P16B/3),Putrajaya,Wilayah Persekutuan Putrajaya
62100,Jalan Pelaga P17F (Jalan P17F),Putrajaya,Wilayah Persekutuan Putrajaya
62100,Jalan Pelaga P17G (Jalan P17G),Putrajaya,Wilayah Persekutuan Putrajaya
62100,Jalan Perbadanan P3 B (Jalan P3 B),Putrajaya,Wilayah Persekutuan Putrajaya
62100,Jalan Perbadanan P3 C (Jalan P3 C),Putrajaya,Wilayah Persekutuan Putrajaya
62100,Jalan Perbadanan P3 F (Jalan P3 F),Putrajaya,Wilayah Persekutuan Putrajaya
62100,Jalan Perbadanan P3 G (Jalan P3 G),Putrajaya,Wilayah Persekutuan Putrajaya
62100,Jalan Perbendaharaan P2 R (Jalan P2 R),Putrajaya,Wilayah Persekutuan Putrajaya
62100,Jalan Perbendaharaan P2 S (Jalan P2 S),Putrajaya,Wilayah Persekutuan Putrajaya
62100,Jalan Perbendaharaan P2 T (Jalan P2 T),Putrajaya,Wilayah Persekutuan Putrajaya
62100,Jalan Perbendaharaan P2 U (Jalan P2 U),Putrajaya,Wilayah Persekutuan Putrajaya
62100,Jalan Perbendaharaan P2 W (Jalan P2 W),Putrajaya,Wilayah Persekutuan Putrajaya
62100,Jalan Perbendaharaan P2 X (Jalan P2 X),Putrajaya,Wilayah Persekutuan Putrajaya
62100,Jalan Pertanian P4 A (Jalan P4 A),Putrajaya,Wilayah Persekutuan Putrajaya
62100,Jalan Pertanian P4 B (Jalan P4 B),Putrajaya,Wilayah Persekutuan Putrajaya
62100,Jalan Puteri P4 H (Jalan P4 H),Putrajaya,Wilayah Persekutuan Putrajaya
62100,Jalan Puteri P4 J (Jalan P4 J),Putrajaya,Wilayah Persekutuan Putrajaya
62100,Jalan Puteri P4 K (Jalan P4 K),Putrajaya,Wilayah Persekutuan Putrajaya
62100,Jalan Puteri P4 L (Jalan P4 L),Putrajaya,Wilayah Persekutuan Putrajaya
62100,Jalan Puteri P4 M (Jalan P4 M),Putrajaya,Wilayah Persekutuan Putrajaya
62100,Jalan Rakyat P4 C (Jalan P4 C),Putrajaya,Wilayah Persekutuan Putrajaya
62100,Jalan Rakyat P4 E (Jalan P4 E),Putrajaya,Wilayah Persekutuan Putrajaya
62100,Jalan Rakyat P4 F (Jalan P4 F),Putrajaya,Wilayah Persekutuan Putrajaya
62100,Jalan Rakyat P4 G (Jalan P4 G),Putrajaya,Wilayah Persekutuan Putrajaya
62100,Jalan Rakyat P4 R (Jalan P4 R),Putrajaya,Wilayah Persekutuan Putrajaya
62100,Jalan Rakyat P4 S (Jalan P4 S),Putrajaya,Wilayah Persekutuan Putrajaya
62100,Jalan Rakyat P4 T (Jalan P4 T),Putrajaya,Wilayah Persekutuan Putrajaya
62100,Jalan Rakyat P4 U (Jalan P4 U),Putrajaya,Wilayah Persekutuan Putrajaya
62100,Jalan Rakyat P4 V (Jalan P4 V),Putrajaya,Wilayah Persekutuan Putrajaya
62100,Jalan Rakyat P4 W (Jalan P4 W),Putrajaya,Wilayah Persekutuan Putrajaya
62100,Jalan Saderi P16 (Jalan P16K),Putrajaya,Wilayah Persekutuan Putrajaya
62100,Jalan Selasih P17E (Jalan P17E),Putrajaya,Wilayah Persekutuan Putrajaya
62100,Jalan Selasih P17E 1 (Jalan P17E 1),Putrajaya,Wilayah Persekutuan Putrajaya
62100,Jalan Selom P16E (Jalan P16E),Putrajaya,Wilayah Persekutuan Putrajaya
62100,Jalan Serai Wangi P16G (Jalan P16G),Putrajaya,Wilayah Persekutuan Putrajaya
62100,Jalan Seri Satria P16,Putrajaya,Wilayah Persekutuan Putrajaya
62100,Jalan Seri Wilayah P2 A (Jalan P2 A),Putrajaya,Wilayah Persekutuan Putrajaya
62100,Jalan Siantan P18K (Jalan P18K),Putrajaya,Wilayah Persekutuan Putrajaya
62100,Jalan Siantan P18K 1/1 (Jalan P18K 1/1),Putrajaya,Wilayah Persekutuan Putrajaya
62100,Jalan Siantan P18K 1/2 (Jalan P18K 1/2),Putrajaya,Wilayah Persekutuan Putrajaya
62100,Jalan Siantan P18K 1/3 (Jalan P18K 1/3),Putrajaya,Wilayah Persekutuan Putrajaya
62100,Jalan Tanjung P18F (Jalan P18F),Putrajaya,Wilayah Persekutuan Putrajaya
62100,Jalan Teja P18B (Jalan P18B),Putrajaya,Wilayah Persekutuan Putrajaya
62100,Jalan Tenaga P2 P (Jalan P2 P),Putrajaya,Wilayah Persekutuan Putrajaya
62100,Jalan Tenaga P2 Q (Jalan P2 Q),Putrajaya,Wilayah Persekutuan Putrajaya
62100,Jalan Tunku Abdul Rahman,Putrajaya,Wilayah Persekutuan Putrajaya
62100,Jalan Ulam Raja P16D (Jalan P16D),Putrajaya,Wilayah Persekutuan Putrajaya
62100,Jalan Ulam Raja P16D/1 (Jalan P16D/1),Putrajaya,Wilayah Persekutuan Putrajaya
62100,Jalan Ulam Raja P16D/2 (Jalan P16D/2),Putrajaya,Wilayah Persekutuan Putrajaya
62100,Jalan Ulam Raja P16D/3 (Jalan P16D/3),Putrajaya,Wilayah Persekutuan Putrajaya
62100,Jalan Ulam Raja P16D/4 (Jalan P16D/4),Putrajaya,Wilayah Persekutuan Putrajaya
62100,Jalan Ulam Raja P16D/5 (Jalan P16D/5),Putrajaya,Wilayah Persekutuan Putrajaya
62100,Jalan Ulam Raja P16D/6 (Jalan P16D/6),Putrajaya,Wilayah Persekutuan Putrajaya
62100,Jalan Usahawan P2 K (Jalan P2 K),Putrajaya,Wilayah Persekutuan Putrajaya
62100,Jalan Usahawan P2 L (Jalan P2 L),Putrajaya,Wilayah Persekutuan Putrajaya
62100,Jalan Wawasan P2 B (Jalan P2 B),Putrajaya,Wilayah Persekutuan Putrajaya
62100,Jalan Wawasan P2 C (Jalan P2 C),Putrajaya,Wilayah Persekutuan Putrajaya
62100,Jalan Wawasan P2 D (Jalan P2 D),Putrajaya,Wilayah Persekutuan Putrajaya
62100,Jalan Wawasan P2 E (Jalan P2 E),Putrajaya,Wilayah Persekutuan Putrajaya
62100,Jalan Wawasan P2 F (Jalan P2 F),Putrajaya,Wilayah Persekutuan Putrajaya
62100,Jalan Wawasan P2 G (Jalan P2 G),Putrajaya,Wilayah Persekutuan Putrajaya
62100,Jalan Wawasan P2 H (Jalan P2 H),Putrajaya,Wilayah Persekutuan Putrajaya
62100,Jalan Wawasan P2 J (Jalan P2 J),Putrajaya,Wilayah Persekutuan Putrajaya
62100,Jalan Wisma Putra,Putrajaya,Wilayah Persekutuan Putrajaya
62100,Kementerian Wilayah Persekutuan,Putrajaya,Wilayah Persekutuan Putrajaya
62100,Lingkaran Gemilang Dua,Putrajaya,Wilayah Persekutuan Putrajaya
62100,Lingkaran Gemilang Satu,Putrajaya,Wilayah Persekutuan Putrajaya
62100,Persiaran Perdana,Putrajaya,Wilayah Persekutuan Putrajaya
62100,Presint 16,Putrajaya,Wilayah Persekutuan Putrajaya
62100,Presint 17,Putrajaya,Wilayah Persekutuan Putrajaya
62100,Presint 18,Putrajaya,Wilayah Persekutuan Putrajaya
62100,Presint 2,Putrajaya,Wilayah Persekutuan Putrajaya
62100,Presint 3,Putrajaya,Wilayah Persekutuan Putrajaya
62100,Presint 4,Putrajaya,Wilayah Persekutuan Putrajaya
62100,Suruhanjaya Tenaga,Putrajaya,Wilayah Persekutuan Putrajaya
62150,Jalan Abadi P20 (Jalan P20),Putrajaya,Wilayah Persekutuan Putrajaya
62150,Jalan Abadi P20/1 (Jalan P20/1),Putrajaya,Wilayah Persekutuan Putrajaya
62150,Jalan Abadi P20/2 (Jalan P20/2),Putrajaya,Wilayah Persekutuan Putrajaya
62150,Jalan Abadi P20/3 (Jalan P20/3),Putrajaya,Wilayah Persekutuan Putrajaya
62150,Jalan Abadi P20/4 (Jalan P20/4),Putrajaya,Wilayah Persekutuan Putrajaya
62150,Jalan Abadi P20/5 (Jalan P20/5),Putrajaya,Wilayah Persekutuan Putrajaya
62150,Jalan Aman P20/6 (Jalan P20/6),Putrajaya,Wilayah Persekutuan Putrajaya
62150,Jalan Amra P19,Putrajaya,Wilayah Persekutuan Putrajaya
62150,Jalan Bedar P6 (Jalan P6),Putrajaya,Wilayah Persekutuan Putrajaya
62150,Jalan Bidara P19,Putrajaya,Wilayah Persekutuan Putrajaya
62150,Jalan Damai P20A (Jalan P20A),Putrajaya,Wilayah Persekutuan Putrajaya
62150,Jalan Damai P20A/1 (Jalan P20A/1),Putrajaya,Wilayah Persekutuan Putrajaya
62150,Jalan Damai P20A/2 (Jalan P20A/2),Putrajaya,Wilayah Persekutuan Putrajaya
62150,Jalan Gambus P5/1 (Jalan P5/1),Putrajaya,Wilayah Persekutuan Putrajaya
62150,Jalan Gambus P5/2 (Jalan P5/2),Putrajaya,Wilayah Persekutuan Putrajaya
62150,Jalan Gambus P5/5 (Jalan P5/5),Putrajaya,Wilayah Persekutuan Putrajaya
62150,Jalan Gambus P5/6 (Jalan P5/6),Putrajaya,Wilayah Persekutuan Putrajaya
62150,Jalan Gendang P5/5 (Jalan P5/5),Putrajaya,Wilayah Persekutuan Putrajaya
62150,Jalan Gendang P5/9 (Jalan P6/1),Putrajaya,Wilayah Persekutuan Putrajaya
62150,Jalan Gong P5B (Jalan P5B),Putrajaya,Wilayah Persekutuan Putrajaya
62150,Jalan Jalur P6 (Jalan P/3),Putrajaya,Wilayah Persekutuan Putrajaya
62150,Jalan Kajangan P6 (Jalan P/5),Putrajaya,Wilayah Persekutuan Putrajaya
62150,Jalan Kelubi P19,Putrajaya,Wilayah Persekutuan Putrajaya
62150,Jalan Kenangan P20 (Jalan P5),Putrajaya,Wilayah Persekutuan Putrajaya
62150,Jalan Kundang P19/1,Putrajaya,Wilayah Persekutuan Putrajaya
62150,Jalan Kundang P19/10,Putrajaya,Wilayah Persekutuan Putrajaya
62150,Jalan Kundang P19/2,Putrajaya,Wilayah Persekutuan Putrajaya
62150,Jalan Kundang P19/3,Putrajaya,Wilayah Persekutuan Putrajaya
62150,Jalan Kundang P19/4,Putrajaya,Wilayah Persekutuan Putrajaya
62150,Jalan Kundang P19/5,Putrajaya,Wilayah Persekutuan Putrajaya
62150,Jalan Kundang P19/6,Putrajaya,Wilayah Persekutuan Putrajaya
62150,Jalan Kundang P19/7,Putrajaya,Wilayah Persekutuan Putrajaya
62150,Jalan Kundang P19/8,Putrajaya,Wilayah Persekutuan Putrajaya
62150,Jalan Kundang P19/9,Putrajaya,Wilayah Persekutuan Putrajaya
62150,Jalan Lindungan P19,Putrajaya,Wilayah Persekutuan Putrajaya
62150,Jalan Payang P6 (Jalan P/2),Putrajaya,Wilayah Persekutuan Putrajaya
62150,Jalan Rebana P5 (Jalan P5),Putrajaya,Wilayah Persekutuan Putrajaya
62150,Jalan Sapeh P5/7 (Jalan P5/7),Putrajaya,Wilayah Persekutuan Putrajaya
62150,Jalan Sapeh P5/8 (Jalan P5/8),Putrajaya,Wilayah Persekutuan Putrajaya
62150,Jalan Sekoci P6 (Jalan P/4),Putrajaya,Wilayah Persekutuan Putrajaya
62150,Jalan Seruling P5A (Jalan P5A),Putrajaya,Wilayah Persekutuan Putrajaya
62150,Jalan Seruling P5A/3 (Jalan P5A/3),Putrajaya,Wilayah Persekutuan Putrajaya
62150,Jalan Seruling P5A/4 (Jalan P5A/4),Putrajaya,Wilayah Persekutuan Putrajaya
62150,Jalan Seruling P5A/5 (Jalan P5A/5),Putrajaya,Wilayah Persekutuan Putrajaya
62150,Jalan Seruling P5A/6 (Jalan P5A/6),Putrajaya,Wilayah Persekutuan Putrajaya
62150,Jalan Serunai P5A (Jalan P5A),Putrajaya,Wilayah Persekutuan Putrajaya
62150,Jalan Serunai P5A/1 (Jalan P5A/1),Putrajaya,Wilayah Persekutuan Putrajaya
62150,Jalan Serunai P5A/2 (Jalan P5A/2),Putrajaya,Wilayah Persekutuan Putrajaya
62150,Jalan Venna P5/3 (Jalan P5/3),Putrajaya,Wilayah Persekutuan Putrajaya
62150,Jalan Venna P5/4 (Jalan P5/4),Putrajaya,Wilayah Persekutuan Putrajaya
62150,Laluan Lindungan P19,Putrajaya,Wilayah Persekutuan Putrajaya
62150,Presint 19,Putrajaya,Wilayah Persekutuan Putrajaya
62150,Presint 20,Putrajaya,Wilayah Persekutuan Putrajaya
62150,Presint 5,Putrajaya,Wilayah Persekutuan Putrajaya
62150,Presint 6,Putrajaya,Wilayah Persekutuan Putrajaya
62200,Former Prime Minister Of Malaysia,Putrajaya,Wilayah Persekutuan Putrajaya
62250,Jalan Berlian P10/10 (Jalan P10/10),Putrajaya,Wilayah Persekutuan Putrajaya
62250,Jalan Cenderawasih P9 A (Jalan P9 A),Putrajaya,Wilayah Persekutuan Putrajaya
62250,Jalan Cenderawasih P9 A/1 (Jalan P9 A/1),Putrajaya,Wilayah Persekutuan Putrajaya
62250,Jalan Cenderawasih P9 A/2 (Jalan P9 A/2),Putrajaya,Wilayah Persekutuan Putrajaya
62250,Jalan Cenderawasih P9 A/3 (Jalan P9 A/3),Putrajaya,Wilayah Persekutuan Putrajaya
62250,Jalan Cenderawasih P9 A/4 (Jalan P9 A/4),Putrajaya,Wilayah Persekutuan Putrajaya
62250,Jalan Cenderawasih P9 A/5 (Jalan P9 A/5),Putrajaya,Wilayah Persekutuan Putrajaya
62250,Jalan Delima P10/8 (Jalan P10/8),Putrajaya,Wilayah Persekutuan Putrajaya
62250,Jalan Delima P10/9 (Jalan P10/9),Putrajaya,Wilayah Persekutuan Putrajaya
62250,Jalan Enggang P9 (Jalan P9),Putrajaya,Wilayah Persekutuan Putrajaya
62250,Jalan Firus P10D (Jalan P10D),Putrajaya,Wilayah Persekutuan Putrajaya
62250,Jalan Gelam P9 D (Jalan P9 D),Putrajaya,Wilayah Persekutuan Putrajaya
62250,Jalan Gelam P9 D/1 (Jalan P9 D/1),Putrajaya,Wilayah Persekutuan Putrajaya
62250,Jalan Gelam P9 D/2 (Jalan P9 D/2),Putrajaya,Wilayah Persekutuan Putrajaya
62250,Jalan Gelam P9 D/3 (Jalan P9 D/3),Putrajaya,Wilayah Persekutuan Putrajaya
62250,Jalan Intan P10A (Jalan P10A),Putrajaya,Wilayah Persekutuan Putrajaya
62250,Jalan Intan P10A 1 (Jalan P10A 1),Putrajaya,Wilayah Persekutuan Putrajaya
62250,Jalan Intan P10A 1/1 (Jalan P10A 1/1),Putrajaya,Wilayah Persekutuan Putrajaya
62250,Jalan Intan P10A 1/2 (Jalan P10A 1/2),Putrajaya,Wilayah Persekutuan Putrajaya
62250,Jalan Intan P10A 1/3 (Jalan P10A 1/3),Putrajaya,Wilayah Persekutuan Putrajaya
62250,Jalan Intan P10A 2 (Jalan P10A 2),Putrajaya,Wilayah Persekutuan Putrajaya
62250,Jalan Intan P10A 2/1 (Jalan P10A 2/1),Putrajaya,Wilayah Persekutuan Putrajaya
62250,Jalan Intan P10A 2/2 (Jalan P10A 2/2),Putrajaya,Wilayah Persekutuan Putrajaya
62250,Jalan Intan P10A 2/3 (Jalan P10A 2/3),Putrajaya,Wilayah Persekutuan Putrajaya
62250,Jalan Intan P10A 3 (Jalan P10A 3),Putrajaya,Wilayah Persekutuan Putrajaya
62250,Jalan Intan P10A 3/1 (Jalan P10A 3/1),Putrajaya,Wilayah Persekutuan Putrajaya
62250,Jalan Intan P10A 3/2 (Jalan P10A 3/2),Putrajaya,Wilayah Persekutuan Putrajaya
62250,Jalan Intan P10A 3/3 (Jalan P10A 3/3),Putrajaya,Wilayah Persekutuan Putrajaya
62250,Jalan Intan P10A 3/4 (Jalan P10A 3/4),Putrajaya,Wilayah Persekutuan Putrajaya
62250,Jalan Intan P10A 3/5 (Jalan P10A 3/5),Putrajaya,Wilayah Persekutuan Putrajaya
62250,Jalan Istana P8E 1 (Jalan P8E 1),Putrajaya,Wilayah Persekutuan Putrajaya
62250,Jalan Jelawat P8C (Jalan P8C),Putrajaya,Wilayah Persekutuan Putrajaya
62250,Jalan Jelawat P8D (Jalan P8D),Putrajaya,Wilayah Persekutuan Putrajaya
62250,Jalan Kedidi P9 G/2 (Jalan P9 G/2),Putrajaya,Wilayah Persekutuan Putrajaya
62250,Jalan Kedidi P9 G/3 (Jalan P9 G/3),Putrajaya,Wilayah Persekutuan Putrajaya
62250,Jalan Kedidi P9 G/4 (Jalan P9 G/4),Putrajaya,Wilayah Persekutuan Putrajaya
62250,Jalan Kedidi P9 G/5 (Jalan P9 G/5),Putrajaya,Wilayah Persekutuan Putrajaya
62250,Jalan Kedidi P9 G/6 (Jalan P9 G/6),Putrajaya,Wilayah Persekutuan Putrajaya
62250,Jalan Kedidi P9 G/7 (Jalan P9 G/7),Putrajaya,Wilayah Persekutuan Putrajaya
62250,Jalan Kelah P8 (Jalan P8),Putrajaya,Wilayah Persekutuan Putrajaya
62250,Jalan Kelicap P9 G/1 (Jalan P9 G/1),Putrajaya,Wilayah Persekutuan Putrajaya
62250,Jalan Kenari P9 G 1/1 (Jalan P9 G 1/1),Putrajaya,Wilayah Persekutuan Putrajaya
62250,Jalan Kenari P9 G 1/2 (Jalan P9 G 1/2),Putrajaya,Wilayah Persekutuan Putrajaya
62250,Jalan Kenari P9 G 1/3 (Jalan P9 G 1/3),Putrajaya,Wilayah Persekutuan Putrajaya
62250,Jalan Kenari P9 G 1/4 (Jalan P9 G 1/4),Putrajaya,Wilayah Persekutuan Putrajaya
62250,Jalan Kenari P9 G 1/5 (Jalan P9 G 1/5),Putrajaya,Wilayah Persekutuan Putrajaya
62250,Jalan Kenari P9 G1 (Jalan P9 G1),Putrajaya,Wilayah Persekutuan Putrajaya
62250,Jalan Kenyalang P9 G (Jalan P9 G),Putrajaya,Wilayah Persekutuan Putrajaya
62250,Jalan Kepimpinan P8H (Jalan P8H),Putrajaya,Wilayah Persekutuan Putrajaya
62250,Jalan Kerai P8E (Jalan P8E),Putrajaya,Wilayah Persekutuan Putrajaya
62250,Jalan Kerai P8E/1 (Jalan P8E/1),Putrajaya,Wilayah Persekutuan Putrajaya
62250,Jalan Kerai P8E/2 (Jalan P8E/2),Putrajaya,Wilayah Persekutuan Putrajaya
62250,Jalan Kerai P8E/3 (Jalan P8E/3),Putrajaya,Wilayah Persekutuan Putrajaya
62250,Jalan Kerai P8E/4 (Jalan P8E/4),Putrajaya,Wilayah Persekutuan Putrajaya
62250,Jalan Kerai P8E/5 (Jalan P8E/5),Putrajaya,Wilayah Persekutuan Putrajaya
62250,Jalan Merbuk P9 C1 (Jalan P9 C1),Putrajaya,Wilayah Persekutuan Putrajaya
62250,Jalan Merpati P9 C (Jalan P9 C),Putrajaya,Wilayah Persekutuan Putrajaya
62250,Jalan Merpati P9 C/1 (Jalan P9 C/1),Putrajaya,Wilayah Persekutuan Putrajaya
62250,Jalan Nilam P10C (Jalan P10C),Putrajaya,Wilayah Persekutuan Putrajaya
62250,Jalan Nilam P10C/1 (Jalan P10C/1),Putrajaya,Wilayah Persekutuan Putrajaya
62250,Jalan Nilam P10C/2 (Jalan P10C/2),Putrajaya,Wilayah Persekutuan Putrajaya
62250,Jalan Nilam P10C/3 (Jalan P10C/3),Putrajaya,Wilayah Persekutuan Putrajaya
62250,Jalan Nilam P10C/4 (Jalan P10C/4),Putrajaya,Wilayah Persekutuan Putrajaya
62250,Jalan Nilam P10C/5 (Jalan P10C/5),Putrajaya,Wilayah Persekutuan Putrajaya
62250,Jalan Nilam P10C/6 (Jalan P10C/6),Putrajaya,Wilayah Persekutuan Putrajaya
62250,Jalan Nuri P9 F (Jalan P9 F),Putrajaya,Wilayah Persekutuan Putrajaya
62250,Jalan P10/2,Putrajaya,Wilayah Persekutuan Putrajaya
62250,Jalan P7E,Putrajaya,Wilayah Persekutuan Putrajaya
62250,Jalan P8E 2/5 - 2,Putrajaya,Wilayah Persekutuan Putrajaya
62250,Jalan P9C/1,Putrajaya,Wilayah Persekutuan Putrajaya
62250,Jalan Patin P8B (Jalan P8B),Putrajaya,Wilayah Persekutuan Putrajaya
62250,Jalan Patin P8B/1 (Jalan P8B/1),Putrajaya,Wilayah Persekutuan Putrajaya
62250,Jalan Patin P8B/2 (Jalan P8B/2),Putrajaya,Wilayah Persekutuan Putrajaya
62250,Jalan Patin P8B/3 (Jalan P8B/3),Putrajaya,Wilayah Persekutuan Putrajaya
62250,Jalan Patin P8B/4 (Jalan P8B/4),Putrajaya,Wilayah Persekutuan Putrajaya
62250,Jalan Patin P8B/5 (Jalan P8B/5),Putrajaya,Wilayah Persekutuan Putrajaya
62250,Jalan Penyelamat P7A (Jalan P7A),Putrajaya,Wilayah Persekutuan Putrajaya
62250,Jalan Rajawali P9 B 1/1 (Jalan P9 B 1/1),Putrajaya,Wilayah Persekutuan Putrajaya
62250,Jalan Rajawali P9 B 1/10 (Jalan P9 B 1/10),Putrajaya,Wilayah Persekutuan Putrajaya
62250,Jalan Rajawali P9 B 1/11 (Jalan P9 B 1/11),Putrajaya,Wilayah Persekutuan Putrajaya
62250,Jalan Rajawali P9 B 1/12 (Jalan P9 B 1/12),Putrajaya,Wilayah Persekutuan Putrajaya
62250,Jalan Rajawali P9 B 1/13 (Jalan P9 B 1/13),Putrajaya,Wilayah Persekutuan Putrajaya
62250,Jalan Rajawali P9 B 1/14 (Jalan P9 B 1/14),Putrajaya,Wilayah Persekutuan Putrajaya
62250,Jalan Rajawali P9 B 1/15 (Jalan P9 B 1/15),Putrajaya,Wilayah Persekutuan Putrajaya
62250,Jalan Rajawali P9 B 1/16 (Jalan P9 B 1/16),Putrajaya,Wilayah Persekutuan Putrajaya
62250,Jalan Rajawali P9 B 1/17 (Jalan P9 B 1/17),Putrajaya,Wilayah Persekutuan Putrajaya
62250,Jalan Rajawali P9 B 1/2 (Jalan P9 B 1/2),Putrajaya,Wilayah Persekutuan Putrajaya
62250,Jalan Rajawali P9 B 1/4 (Jalan P9 B 1/4),Putrajaya,Wilayah Persekutuan Putrajaya
62250,Jalan Rajawali P9 B 1/5 (Jalan P9 B 1/5),Putrajaya,Wilayah Persekutuan Putrajaya
62250,Jalan Rajawali P9 B 1/6 (Jalan P9 B 1/6),Putrajaya,Wilayah Persekutuan Putrajaya
62250,Jalan Rajawali P9 B 1/7 (Jalan P9 B 1/7),Putrajaya,Wilayah Persekutuan Putrajaya
62250,Jalan Rajawali P9 B 1/8 (Jalan P9 B 1/8),Putrajaya,Wilayah Persekutuan Putrajaya
62250,Jalan Rajawali P9 B 1/9 (Jalan P9 B 1/9),Putrajaya,Wilayah Persekutuan Putrajaya
62250,Jalan Rajawali P9 B1 (Jalan P9 B1),Putrajaya,Wilayah Persekutuan Putrajaya
62250,Jalan Rohu P8A (Jalan P8A),Putrajaya,Wilayah Persekutuan Putrajaya
62250,Jalan Rohu P8A/1 (Jalan P8A/1),Putrajaya,Wilayah Persekutuan Putrajaya
62250,Jalan Rohu P8A/2 (Jalan P8A/2),Putrajaya,Wilayah Persekutuan Putrajaya
62250,Jalan Rohu P8A/3 (Jalan P8A/3),Putrajaya,Wilayah Persekutuan Putrajaya
62250,Jalan Rohu P8A/4 (Jalan P8A/4),Putrajaya,Wilayah Persekutuan Putrajaya
62250,Jalan Rohu P8A/5 (Jalan P8A/5),Putrajaya,Wilayah Persekutuan Putrajaya
62250,Jalan Seluang P8/7,Putrajaya,Wilayah Persekutuan Putrajaya
62250,Jalan Seluang P8E 2 (Jalan P8E 2),Putrajaya,Wilayah Persekutuan Putrajaya
62250,Jalan Seluang P8E 2/1 (Jalan P8E 2/1),Putrajaya,Wilayah Persekutuan Putrajaya
62250,Jalan Seluang P8E 2/2 (Jalan P8E 2/2),Putrajaya,Wilayah Persekutuan Putrajaya
62250,Jalan Seluang P8E 2/3 (Jalan P8E 2/3),Putrajaya,Wilayah Persekutuan Putrajaya
62250,Jalan Seluang P8E 2/4 (Jalan P8E 2/4),Putrajaya,Wilayah Persekutuan Putrajaya
62250,Jalan Seluang P8E 2/5 (Jalan P8E 2/5),Putrajaya,Wilayah Persekutuan Putrajaya
62250,Jalan Seluang P8E 2/5 - 1 (Jalan P8E 2/5 - 1),Putrajaya,Wilayah Persekutuan Putrajaya
62250,Jalan Seluang P8E 2/5 - 2 (Jalan P8E 2/5 - 2),Putrajaya,Wilayah Persekutuan Putrajaya
62250,Jalan Seluang P8E 2/6 (Jalan P8E 2/6),Putrajaya,Wilayah Persekutuan Putrajaya
62250,Jalan Seluang P8E 2/7 (Jalan P8E 2/7),Putrajaya,Wilayah Persekutuan Putrajaya
62250,Jalan Seluang P8E 2/8 (Jalan P8E 2/8),Putrajaya,Wilayah Persekutuan Putrajaya
62250,Jalan Seluang P8E 2/9 (Jalan P8E 2/9),Putrajaya,Wilayah Persekutuan Putrajaya
62250,Jalan Sentral P7 (Jalan P7),Putrajaya,Wilayah Persekutuan Putrajaya
62250,Jalan Sentral P7D (Jalan P7D),Putrajaya,Wilayah Persekutuan Putrajaya
62250,Jalan Sentral P7E (Jalan P7E),Putrajaya,Wilayah Persekutuan Putrajaya
62250,Jalan Sentral P7F (Jalan P7F),Putrajaya,Wilayah Persekutuan Putrajaya
62250,Jalan Sentral P7G (Jalan P7G),Putrajaya,Wilayah Persekutuan Putrajaya
62250,Jalan Sentral P7G/2 (Jalan P7G/2),Putrajaya,Wilayah Persekutuan Putrajaya
62250,Jalan Serindit P9 E (Jalan P9 E),Putrajaya,Wilayah Persekutuan Putrajaya
62250,Jalan Temoleh P8/4,Putrajaya,Wilayah Persekutuan Putrajaya
62250,Jalan Temoleh P8/6,Putrajaya,Wilayah Persekutuan Putrajaya
62250,Jalan Temoleh P8/7,Putrajaya,Wilayah Persekutuan Putrajaya
62250,Jalan Temoleh P8/8,Putrajaya,Wilayah Persekutuan Putrajaya
62250,Jalan Temoleh P8/9,Putrajaya,Wilayah Persekutuan Putrajaya
62250,Jalan Temoleh P8G (Jalan P8G),Putrajaya,Wilayah Persekutuan Putrajaya
62250,Jalan Temoleh P8G 1 (Jalan P8G 1),Putrajaya,Wilayah Persekutuan Putrajaya
62250,Jalan Temoleh P8G/13 (Jalan P8G/13),Putrajaya,Wilayah Persekutuan Putrajaya
62250,Jalan Temoleh P8G/3 (Jalan P8G/3),Putrajaya,Wilayah Persekutuan Putrajaya
62250,Jalan Tempua P9 B (Jalan P9 B),Putrajaya,Wilayah Persekutuan Putrajaya
62250,Jalan Tempua P9 B/1 (Jalan P9 B/1),Putrajaya,Wilayah Persekutuan Putrajaya
62250,Jalan Tempua P9 B/10 (Jalan P9 B/10),Putrajaya,Wilayah Persekutuan Putrajaya
62250,Jalan Tempua P9 B/11 (Jalan P9 B/11),Putrajaya,Wilayah Persekutuan Putrajaya
62250,Jalan Tempua P9 B/12 (Jalan P9 B/12),Putrajaya,Wilayah Persekutuan Putrajaya
62250,Jalan Tempua P9 B/2 (Jalan P9 B/2),Putrajaya,Wilayah Persekutuan Putrajaya
62250,Jalan Tempua P9 B/3 (Jalan P9 B/3),Putrajaya,Wilayah Persekutuan Putrajaya
62250,Jalan Tempua P9 B/4 (Jalan P9 B/4),Putrajaya,Wilayah Persekutuan Putrajaya
62250,Jalan Tempua P9 B/5 (Jalan P9 B/5),Putrajaya,Wilayah Persekutuan Putrajaya
62250,Jalan Tempua P9 B/6 (Jalan P9 B/6),Putrajaya,Wilayah Persekutuan Putrajaya
62250,Jalan Tempua P9 B/7 (Jalan P9 B/7),Putrajaya,Wilayah Persekutuan Putrajaya
62250,Jalan Tempua P9 B/8 (Jalan P9 B/8),Putrajaya,Wilayah Persekutuan Putrajaya
62250,Jalan Tempua P9 B/9 (Jalan P9 B/9),Putrajaya,Wilayah Persekutuan Putrajaya
62250,Jalan Tenggalan P8 (Jalan P8),Putrajaya,Wilayah Persekutuan Putrajaya
62250,Jalan Tenggalan P8F (Jalan P8F),Putrajaya,Wilayah Persekutuan Putrajaya
62250,Jalan Topaz P10/1 (Jalan P10/1),Putrajaya,Wilayah Persekutuan Putrajaya
62250,Jalan Topaz P10/3 (Jalan P10/3),Putrajaya,Wilayah Persekutuan Putrajaya
62250,Jalan Topaz P10/4 (Jalan P10/4),Putrajaya,Wilayah Persekutuan Putrajaya
62250,Jalan Topaz P10/5 (Jalan P10/5),Putrajaya,Wilayah Persekutuan Putrajaya
62250,Jalan Topaz P10/6 (Jalan P10/6),Putrajaya,Wilayah Persekutuan Putrajaya
62250,Jalan Topaz P10/7 (Jalan P10/7),Putrajaya,Wilayah Persekutuan Putrajaya
62250,Jalan Zamrud P10B (Jalan P10B),Putrajaya,Wilayah Persekutuan Putrajaya
62250,Jalan Zamrud P10B/1 (Jalan P10B/1),Putrajaya,Wilayah Persekutuan Putrajaya
62250,Jalan Zamrud P10B/10 (Jalan P10B/10),Putrajaya,Wilayah Persekutuan Putrajaya
62250,Jalan Zamrud P10B/11 (Jalan P10B/11),Putrajaya,Wilayah Persekutuan Putrajaya
62250,Jalan Zamrud P10B/12 (Jalan P10B/12),Putrajaya,Wilayah Persekutuan Putrajaya
62250,Jalan Zamrud P10B/13 (Jalan P10B/13),Putrajaya,Wilayah Persekutuan Putrajaya
62250,Jalan Zamrud P10B/2 (Jalan P10B/2),Putrajaya,Wilayah Persekutuan Putrajaya
62250,Jalan Zamrud P10B/3 (Jalan P10B/3),Putrajaya,Wilayah Persekutuan Putrajaya
62250,Jalan Zamrud P10B/4 (Jalan P10B/4),Putrajaya,Wilayah Persekutuan Putrajaya
62250,Jalan Zamrud P10B/5 (Jalan P10B/5),Putrajaya,Wilayah Persekutuan Putrajaya
62250,Jalan Zamrud P10B/6 (Jalan P10B/6),Putrajaya,Wilayah Persekutuan Putrajaya
62250,Jalan Zamrud P10B/7 (Jalan P10B/7),Putrajaya,Wilayah Persekutuan Putrajaya
62250,Jalan Zamrud P10B/8 (Jalan P10B/8),Putrajaya,Wilayah Persekutuan Putrajaya
62250,Jalan Zamrud P10B/9 (Jalan P10B/9),Putrajaya,Wilayah Persekutuan Putrajaya
62250,Laluan Seri Perdana Dua,Putrajaya,Wilayah Persekutuan Putrajaya
62250,Laluan Seri Perdana Satu,Putrajaya,Wilayah Persekutuan Putrajaya
62250,Presint 10,Putrajaya,Wilayah Persekutuan Putrajaya
62250,Presint 7,Putrajaya,Wilayah Persekutuan Putrajaya
62250,Presint 8,Putrajaya,Wilayah Persekutuan Putrajaya
62250,Presint 9,Putrajaya,Wilayah Persekutuan Putrajaya
62300,Bahagian Kerja Tanah Jabatan Perdana Menteri,Putrajaya,Wilayah Persekutuan Putrajaya
62300,Jalan Araucaria P11B 1 (Jalan P11B 1),Putrajaya,Wilayah Persekutuan Putrajaya
62300,Jalan Araucaria P11B 1/1 (Jalan P11B 1/1),Putrajaya,Wilayah Persekutuan Putrajaya
62300,Jalan Araucaria P11B 1/2 (Jalan P11B 1/2),Putrajaya,Wilayah Persekutuan Putrajaya
62300,Jalan Araucaria P11B 1/3 (Jalan P11B 1/3),Putrajaya,Wilayah Persekutuan Putrajaya
62300,Jalan Araucaria P11B 1/4 (Jalan P11B 1/4),Putrajaya,Wilayah Persekutuan Putrajaya
62300,Jalan Araucaria P11B 1/5 (Jalan P11B 1/5),Putrajaya,Wilayah Persekutuan Putrajaya
62300,Jalan Araucaria P11B 1/6 (Jalan P11B 1/6),Putrajaya,Wilayah Persekutuan Putrajaya
62300,Jalan Bucida P11A 6 (Jalan P11A 6),Putrajaya,Wilayah Persekutuan Putrajaya
62300,Jalan Bucida P11A 6/1 (Jalan P11A 6/1),Putrajaya,Wilayah Persekutuan Putrajaya
62300,Jalan Bucida P11A 6/2 (Jalan P11A 6/2),Putrajaya,Wilayah Persekutuan Putrajaya
62300,Jalan Bucida P11A 6/3 (Jalan P11A 6/3),Putrajaya,Wilayah Persekutuan Putrajaya
62300,Jalan Bucida P11A 6/4 (Jalan P11A 6/4),Putrajaya,Wilayah Persekutuan Putrajaya
62300,Jalan Bucida P11A 6/5 (Jalan P11A 6/5),Putrajaya,Wilayah Persekutuan Putrajaya
62300,Jalan Bucida P11A 6/6 (Jalan P11A 6/6),Putrajaya,Wilayah Persekutuan Putrajaya
62300,Jalan Bucida P11A 6/7 (Jalan P11A 6/7),Putrajaya,Wilayah Persekutuan Putrajaya
62300,Jalan Cemara P11C (Jalan P11C),Putrajaya,Wilayah Persekutuan Putrajaya
62300,Jalan Cemara P11C/1 (Jalan P11C/1),Putrajaya,Wilayah Persekutuan Putrajaya
62300,Jalan Cemara P11C/10 (Jalan P11C/10),Putrajaya,Wilayah Persekutuan Putrajaya
62300,Jalan Cemara P11C/11 (Jalan P11C/11),Putrajaya,Wilayah Persekutuan Putrajaya
62300,Jalan Cemara P11C/12 (Jalan P11C/12),Putrajaya,Wilayah Persekutuan Putrajaya
62300,Jalan Cemara P11C/13 (Jalan P11C/13),Putrajaya,Wilayah Persekutuan Putrajaya
62300,Jalan Cemara P11C/14 (Jalan P11C/14),Putrajaya,Wilayah Persekutuan Putrajaya
62300,Jalan Cemara P11C/15 (Jalan P11C/15),Putrajaya,Wilayah Persekutuan Putrajaya
62300,Jalan Cemara P11C/16 (Jalan P11C/16),Putrajaya,Wilayah Persekutuan Putrajaya
62300,Jalan Cemara P11C/17 (Jalan P11C/17),Putrajaya,Wilayah Persekutuan Putrajaya
62300,Jalan Cemara P11C/2 (Jalan P11C/2),Putrajaya,Wilayah Persekutuan Putrajaya
62300,Jalan Cemara P11C/3 (Jalan P11C/3),Putrajaya,Wilayah Persekutuan Putrajaya
62300,Jalan Cemara P11C/4 (Jalan P11C/4),Putrajaya,Wilayah Persekutuan Putrajaya
62300,Jalan Cemara P11C/6 (Jalan P11C/6),Putrajaya,Wilayah Persekutuan Putrajaya
62300,Jalan Cemara P11C/7 (Jalan P11C/7),Putrajaya,Wilayah Persekutuan Putrajaya
62300,Jalan Cemara P11C/8 (Jalan P11C/8),Putrajaya,Wilayah Persekutuan Putrajaya
62300,Jalan Cemara P11C/9 (Jalan P11C/9),Putrajaya,Wilayah Persekutuan Putrajaya
62300,Jalan Damar P11J 1,Putrajaya,Wilayah Persekutuan Putrajaya
62300,Jalan Damar P11J,Putrajaya,Wilayah Persekutuan Putrajaya
62300,Jalan Gingko P11/1 (Jalan P11/1),Putrajaya,Wilayah Persekutuan Putrajaya
62300,Jalan Jati Bukit P11/1 (Jalan P11F),Putrajaya,Wilayah Persekutuan Putrajaya
62300,Jalan Jati Bukit P11/10 (Jalan P11F/9),Putrajaya,Wilayah Persekutuan Putrajaya
62300,Jalan Jati Bukit P11/11 (Jalan P11F/10),Putrajaya,Wilayah Persekutuan Putrajaya
62300,Jalan Jati Bukit P11/2 (Jalan P11F/1),Putrajaya,Wilayah Persekutuan Putrajaya
62300,Jalan Jati Bukit P11/25,Putrajaya,Wilayah Persekutuan Putrajaya
62300,Jalan Jati Bukit P11/3 (Jalan P11F/2),Putrajaya,Wilayah Persekutuan Putrajaya
62300,Jalan Jati Bukit P11/4 (Jalan P11F/3),Putrajaya,Wilayah Persekutuan Putrajaya
62300,Jalan Jati Bukit P11/5 (Jalan P11F/4),Putrajaya,Wilayah Persekutuan Putrajaya
62300,Jalan Jati Bukit P11/6 (Jalan P11F/5),Putrajaya,Wilayah Persekutuan Putrajaya
62300,Jalan Jati Bukit P11/7 (Jalan P11F/6),Putrajaya,Wilayah Persekutuan Putrajaya
62300,Jalan Jati Bukit P11/8 (Jalan P11F/7),Putrajaya,Wilayah Persekutuan Putrajaya
62300,Jalan Jati Bukit P11/9 (Jalan P11F/8),Putrajaya,Wilayah Persekutuan Putrajaya
62300,Jalan Jati Laut P11F/11 (Jalan P11F/11),Putrajaya,Wilayah Persekutuan Putrajaya
62300,Jalan Jati Laut P11F/12 (Jalan P11F/12),Putrajaya,Wilayah Persekutuan Putrajaya
62300,Jalan Jati Laut P11F/13 (Jalan P11F/13),Putrajaya,Wilayah Persekutuan Putrajaya
62300,Jalan Jati Laut P11F/14 (Jalan P11F/14),Putrajaya,Wilayah Persekutuan Putrajaya
62300,Jalan Jati Laut P11F/15 (Jalan P11F/15),Putrajaya,Wilayah Persekutuan Putrajaya
62300,Jalan Jati Laut P11F/16 (Jalan P11F/16),Putrajaya,Wilayah Persekutuan Putrajaya
62300,Jalan Jati Laut P11F/17 (Jalan P11F/17),Putrajaya,Wilayah Persekutuan Putrajaya
62300,Jalan Jati Laut P11F/18 (Jalan P11F/18),Putrajaya,Wilayah Persekutuan Putrajaya
62300,Jalan Jati Laut P11F/19 (Jalan P11F/19),Putrajaya,Wilayah Persekutuan Putrajaya
62300,Jalan Jati Laut P11F/20 (Jalan P11F/20),Putrajaya,Wilayah Persekutuan Putrajaya
62300,Jalan Jati Laut P11F/21 (Jalan P11F/21),Putrajaya,Wilayah Persekutuan Putrajaya
62300,Jalan Jati Laut P11F/22 (Jalan P11F/22),Putrajaya,Wilayah Persekutuan Putrajaya
62300,Jalan Jati Laut P11F/3 (Jalan P11F/3),Putrajaya,Wilayah Persekutuan Putrajaya
62300,Jalan Juniper P11/2,Putrajaya,Wilayah Persekutuan Putrajaya
62300,Jalan Juniper P11/4,Putrajaya,Wilayah Persekutuan Putrajaya
62300,Jalan Juniper P11/5,Putrajaya,Wilayah Persekutuan Putrajaya
62300,Jalan Konifer P11H (Jalan P11H),Putrajaya,Wilayah Persekutuan Putrajaya
62300,Jalan Konifer P11H/1 (Jalan P11H/1),Putrajaya,Wilayah Persekutuan Putrajaya
62300,Jalan Konifer P11H/2 (Jalan P11H/2),Putrajaya,Wilayah Persekutuan Putrajaya
62300,Jalan Konifer P11H/3 (Jalan P11H/3),Putrajaya,Wilayah Persekutuan Putrajaya
62300,Jalan Konifer P11H/4 (Jalan P11H/4),Putrajaya,Wilayah Persekutuan Putrajaya
62300,Jalan Konifer P11H/5 (Jalan P11H/5),Putrajaya,Wilayah Persekutuan Putrajaya
62300,Jalan Konifer P11H/6 (Jalan P11H/6),Putrajaya,Wilayah Persekutuan Putrajaya
62300,Jalan Konifer P11H/7 (Jalan P11H/7),Putrajaya,Wilayah Persekutuan Putrajaya
62300,Jalan Konifer P11H/8 (Jalan P11H/8),Putrajaya,Wilayah Persekutuan Putrajaya
62300,Jalan Melinjau P11E (Jalan P11E),Putrajaya,Wilayah Persekutuan Putrajaya
62300,Jalan Melinjau P11E/1 (Jalan P11E/1),Putrajaya,Wilayah Persekutuan Putrajaya
62300,Jalan Melinjau P11E/2 (Jalan P11E/2),Putrajaya,Wilayah Persekutuan Putrajaya
62300,Jalan Melinjau P11E/3 (Jalan P11E/3),Putrajaya,Wilayah Persekutuan Putrajaya
62300,Jalan Melinjau P11E/4 (Jalan P11E/4),Putrajaya,Wilayah Persekutuan Putrajaya
62300,Jalan Melinjau P11E/5 (Jalan P11E/5),Putrajaya,Wilayah Persekutuan Putrajaya
62300,Jalan P11/3,Putrajaya,Wilayah Persekutuan Putrajaya
62300,Jalan Paku Gajah P11K (Jalan P11K),Putrajaya,Wilayah Persekutuan Putrajaya
62300,Jalan Paku Gajah P11K/1 (Jalan P11K/1),Putrajaya,Wilayah Persekutuan Putrajaya
62300,Jalan Paku Gajah P11K/10 (Jalan P11K/10),Putrajaya,Wilayah Persekutuan Putrajaya
62300,Jalan Paku Gajah P11K/11 (Jalan P11K/11),Putrajaya,Wilayah Persekutuan Putrajaya
62300,Jalan Paku Gajah P11K/12 (Jalan P11K/12),Putrajaya,Wilayah Persekutuan Putrajaya
62300,Jalan Paku Gajah P11K/13 (Jalan P11K/13),Putrajaya,Wilayah Persekutuan Putrajaya
62300,Jalan Paku Gajah P11K/2 (Jalan P11K/2),Putrajaya,Wilayah Persekutuan Putrajaya
62300,Jalan Paku Gajah P11K/3 (Jalan P11K/3),Putrajaya,Wilayah Persekutuan Putrajaya
62300,Jalan Paku Gajah P11K/4 (Jalan P11K/4),Putrajaya,Wilayah Persekutuan Putrajaya
62300,Jalan Paku Gajah P11K/5 (Jalan P11K/5),Putrajaya,Wilayah Persekutuan Putrajaya
62300,Jalan Paku Gajah P11K/6 (Jalan P11K/6),Putrajaya,Wilayah Persekutuan Putrajaya
62300,Jalan Paku Gajah P11K/7 (Jalan P11K/7),Putrajaya,Wilayah Persekutuan Putrajaya
62300,Jalan Paku Gajah P11K/8 (Jalan P11K/8),Putrajaya,Wilayah Persekutuan Putrajaya
62300,Jalan Paku Gajah P11K/9 (Jalan P11K/9),Putrajaya,Wilayah Persekutuan Putrajaya
62300,Jalan Resam P11,Putrajaya,Wilayah Persekutuan Putrajaya
62300,Jalan Rhu P11/1 (Jalan P11G/1),Putrajaya,Wilayah Persekutuan Putrajaya
62300,Jalan Rhu P11/2 (Jalan P11G/2),Putrajaya,Wilayah Persekutuan Putrajaya
62300,Jalan Rhu P11/3 (Jalan P11G/3),Putrajaya,Wilayah Persekutuan Putrajaya
62300,Jalan Rhu P11/4 (Jalan P11G/4),Putrajaya,Wilayah Persekutuan Putrajaya
62300,Jalan Rhu P11/5 (Jalan P11G/5),Putrajaya,Wilayah Persekutuan Putrajaya
62300,Jalan Rhu P11G (Jalan P11G),Putrajaya,Wilayah Persekutuan Putrajaya
62300,Jalan Saujana Hijau P11 (Jalan P11),Putrajaya,Wilayah Persekutuan Putrajaya
62300,Jalan Saujana Hijau P11/2 (Jalan P11/2),Putrajaya,Wilayah Persekutuan Putrajaya
62300,Jalan Saujana Hijau P11/4 (Jalan P11/4),Putrajaya,Wilayah Persekutuan Putrajaya
62300,Jalan Setada P11A 1 (Jalan P11A 1),Putrajaya,Wilayah Persekutuan Putrajaya
62300,Jalan Setada P11A 1/1 (Jalan P11A 1/1),Putrajaya,Wilayah Persekutuan Putrajaya
62300,Jalan Setada P11A 1/10 (Jalan P11A 1/10),Putrajaya,Wilayah Persekutuan Putrajaya
62300,Jalan Setada P11A 1/11 (Jalan P11A 1/11),Putrajaya,Wilayah Persekutuan Putrajaya
62300,Jalan Setada P11A 1/12 (Jalan P11A 1/12),Putrajaya,Wilayah Persekutuan Putrajaya
62300,Jalan Setada P11A 1/13 (Jalan P11A 1/13),Putrajaya,Wilayah Persekutuan Putrajaya
62300,Jalan Setada P11A 1/14 (Jalan P11A 1/14),Putrajaya,Wilayah Persekutuan Putrajaya
62300,Jalan Setada P11A 1/15 (Jalan P11A 1/15),Putrajaya,Wilayah Persekutuan Putrajaya
62300,Jalan Setada P11A 1/2 (Jalan P11A 1/2),Putrajaya,Wilayah Persekutuan Putrajaya
62300,Jalan Setada P11A 1/3 (Jalan P11A 1/3),Putrajaya,Wilayah Persekutuan Putrajaya
62300,Jalan Setada P11A 1/4 (Jalan P11A 1/4),Putrajaya,Wilayah Persekutuan Putrajaya
62300,Jalan Setada P11A 1/5 (Jalan P11A 1/5),Putrajaya,Wilayah Persekutuan Putrajaya
62300,Jalan Setada P11A 1/6 (Jalan P11A 1/6),Putrajaya,Wilayah Persekutuan Putrajaya
62300,Jalan Setada P11A 1/7 (Jalan P11A 1/7),Putrajaya,Wilayah Persekutuan Putrajaya
62300,Jalan Setada P11A 1/8 (Jalan P11A 1/8),Putrajaya,Wilayah Persekutuan Putrajaya
62300,Jalan Setada P11A 1/9 (Jalan P11A 1/9),Putrajaya,Wilayah Persekutuan Putrajaya
62300,Jalan Setada P11A 4 (Jalan P11A 4),Putrajaya,Wilayah Persekutuan Putrajaya
62300,Jalan Sikas P11A 2 (Jalan P11A 2),Putrajaya,Wilayah Persekutuan Putrajaya
62300,Jalan Sikas P11A 2/1 (Jalan P11A 2/1),Putrajaya,Wilayah Persekutuan Putrajaya
62300,Jalan Sikas P11A 2/2 (Jalan P11A 2/2),Putrajaya,Wilayah Persekutuan Putrajaya
62300,Jalan Sikas P11A 2/3 (Jalan P11A 2/3),Putrajaya,Wilayah Persekutuan Putrajaya
62300,Jalan Sikas P11A 2/4 (Jalan P11A 2/4),Putrajaya,Wilayah Persekutuan Putrajaya
62300,Jalan Sikas P11A 2/5 (Jalan P11A 2/5),Putrajaya,Wilayah Persekutuan Putrajaya
62300,Jalan Sikas P11A 2/6 (Jalan P11A 2/6),Putrajaya,Wilayah Persekutuan Putrajaya
62300,Jalan Sikas P11A 3 (Jalan P11A 3),Putrajaya,Wilayah Persekutuan Putrajaya
62300,Jalan Sikas P11A 5 (Jalan P11A 5),Putrajaya,Wilayah Persekutuan Putrajaya
62300,Jalan Sikas P11A 5/1 (Jalan P11A 5/1),Putrajaya,Wilayah Persekutuan Putrajaya
62300,Jalan Sikas P11A 5/2 (Jalan P11A 5/2),Putrajaya,Wilayah Persekutuan Putrajaya
62300,Jalan Sikas P11A 5/3 (Jalan P11A 5/3),Putrajaya,Wilayah Persekutuan Putrajaya
62300,Jalan Sikas P11A 5/4 (Jalan P11A 5/4),Putrajaya,Wilayah Persekutuan Putrajaya
62300,Jalan Sikas P11A 5/5 (Jalan P11A 5/5),Putrajaya,Wilayah Persekutuan Putrajaya
62300,Jalan Sikas P11A 5/6 (Jalan P11A 5/6),Putrajaya,Wilayah Persekutuan Putrajaya
62300,Jalan Sikas P11A 5/7 (Jalan P11A 5/7),Putrajaya,Wilayah Persekutuan Putrajaya
62300,Jalan Sikas P11A 5/8 (Jalan P11A 5/8),Putrajaya,Wilayah Persekutuan Putrajaya
62300,Jalan Tanggilan P11D (Jalan P11D),Putrajaya,Wilayah Persekutuan Putrajaya
62300,Jalan Tanggilan P11D/1 (Jalan P11D/1),Putrajaya,Wilayah Persekutuan Putrajaya
62300,Jalan Tanggilan P11D/10 (Jalan P11D/10),Putrajaya,Wilayah Persekutuan Putrajaya
62300,Jalan Tanggilan P11D/11 (Jalan P11D/11),Putrajaya,Wilayah Persekutuan Putrajaya
62300,Jalan Tanggilan P11D/12 (Jalan P11D/12),Putrajaya,Wilayah Persekutuan Putrajaya
62300,Jalan Tanggilan P11D/13 (Jalan P11D/13),Putrajaya,Wilayah Persekutuan Putrajaya
62300,Jalan Tanggilan P11D/14 (Jalan P11D/14),Putrajaya,Wilayah Persekutuan Putrajaya
62300,Jalan Tanggilan P11D/15 (Jalan P11D/15),Putrajaya,Wilayah Persekutuan Putrajaya
62300,Jalan Tanggilan P11D/16 (Jalan P11D/16),Putrajaya,Wilayah Persekutuan Putrajaya
62300,Jalan Tanggilan P11D/17 (Jalan P11D/17),Putrajaya,Wilayah Persekutuan Putrajaya
62300,Jalan Tanggilan P11D/18 (Jalan P11D/18),Putrajaya,Wilayah Persekutuan Putrajaya
62300,Jalan Tanggilan P11D/19 (Jalan P11D/19),Putrajaya,Wilayah Persekutuan Putrajaya
62300,Jalan Tanggilan P11D/2 (Jalan P11D/2),Putrajaya,Wilayah Persekutuan Putrajaya
62300,Jalan Tanggilan P11D/20 (Jalan P11D/20),Putrajaya,Wilayah Persekutuan Putrajaya
62300,Jalan Tanggilan P11D/21 (Jalan P11D/21),Putrajaya,Wilayah Persekutuan Putrajaya
62300,Jalan Tanggilan P11D/22 (Jalan P11D/22),Putrajaya,Wilayah Persekutuan Putrajaya
62300,Jalan Tanggilan P11D/23 (Jalan P11D/23),Putrajaya,Wilayah Persekutuan Putrajaya
62300,Jalan Tanggilan P11D/24 (Jalan P11D/24),Putrajaya,Wilayah Persekutuan Putrajaya
62300,Jalan Tanggilan P11D/25 (Jalan P11D/25),Putrajaya,Wilayah Persekutuan Putrajaya
62300,Jalan Tanggilan P11D/26 (Jalan P11D/26),Putrajaya,Wilayah Persekutuan Putrajaya
62300,Jalan Tanggilan P11D/28,Putrajaya,Wilayah Persekutuan Putrajaya
62300,Jalan Tanggilan P11D/3 (Jalan P11D/3),Putrajaya,Wilayah Persekutuan Putrajaya
62300,Jalan Tanggilan P11D/4 (Jalan P11D/4),Putrajaya,Wilayah Persekutuan Putrajaya
62300,Jalan Tanggilan P11D/5 (Jalan P11D/5),Putrajaya,Wilayah Persekutuan Putrajaya
62300,Jalan Tanggilan P11D/6 (Jalan P11D/6),Putrajaya,Wilayah Persekutuan Putrajaya
62300,Jalan Tanggilan P11D/7 (Jalan P11D/7),Putrajaya,Wilayah Persekutuan Putrajaya
62300,Jalan Tanggilan P11D/8 (Jalan P11D/8),Putrajaya,Wilayah Persekutuan Putrajaya
62300,Jalan Tanggilan P11D/9 (Jalan P11D/9),Putrajaya,Wilayah Persekutuan Putrajaya
62300,Jalan Zamia P11A (Jalan P11A),Putrajaya,Wilayah Persekutuan Putrajaya
62300,Jalan Zamia P11B (Jalan P11B),Putrajaya,Wilayah Persekutuan Putrajaya
62300,Laluan Belalang P13,Putrajaya,Wilayah Persekutuan Putrajaya
62300,Laluan Cengkerik P13,Putrajaya,Wilayah Persekutuan Putrajaya
62300,Laluan Kerengga P13,Putrajaya,Wilayah Persekutuan Putrajaya
62300,Laluan Keridik P13,Putrajaya,Wilayah Persekutuan Putrajaya
62300,Laluan Kumbang P13,Putrajaya,Wilayah Persekutuan Putrajaya
62300,Laluan Kunang-Kunang P13,Putrajaya,Wilayah Persekutuan Putrajaya
62300,Laluan Lebah P13,Putrajaya,Wilayah Persekutuan Putrajaya
62300,Laluan Mentadak P13,Putrajaya,Wilayah Persekutuan Putrajaya
62300,Laluan Rama-Rama P13,Putrajaya,Wilayah Persekutuan Putrajaya
62300,Laluan Rekreasi Air P13,Putrajaya,Wilayah Persekutuan Putrajaya
62300,Laluan Tebuan P13,Putrajaya,Wilayah Persekutuan Putrajaya
62300,Presint 11,Putrajaya,Wilayah Persekutuan Putrajaya
62300,Presint 13,Putrajaya,Wilayah Persekutuan Putrajaya
62502,Bahagian Keselamatan Negara Jabatan Perdana Menteri,Putrajaya,Wilayah Persekutuan Putrajaya
62502,Bahagian Pengurusan Harta Tanah Jabatan Perdana Menteri,Putrajaya,Wilayah Persekutuan Putrajaya
62502,Bahagian Penyelidikan Jabatan Perdana Menteri,Putrajaya,Wilayah Persekutuan Putrajaya
62502,Biro Tatanegara,Putrajaya,Wilayah Persekutuan Putrajaya
62502,Jabatan Perdana Menteri,Putrajaya,Wilayah Persekutuan Putrajaya
62502,Ketua Setiausaha Negara,Putrajaya,Wilayah Persekutuan Putrajaya
62502,Ketua Setiausaha Sulit Kanan Jabatan Perdana Menteri,Putrajaya,Wilayah Persekutuan Putrajaya
62502,Ketua Unit Kawal Selia Felda,Putrajaya,Wilayah Persekutuan Putrajaya
62502,Koperasi Pekerja-Pekerja Jabatan Perdana Menteri Berhad,Putrajaya,Wilayah Persekutuan Putrajaya
62502,Lembaga Penasihat Jabatan Perdana Menteri,Putrajaya,Wilayah Persekutuan Putrajaya
62502,Pejabat Menteri Di Jabatan Perdana Menteri,Putrajaya,Wilayah Persekutuan Putrajaya
62502,Pejabat Perdana Menteri,Putrajaya,Wilayah Persekutuan Putrajaya
62502,Pejabat Timbalan Menteri Di Jabatan Perdana Menteri,Putrajaya,Wilayah Persekutuan Putrajaya
62502,Pejabat Timbalan Perdana Menteri,Putrajaya,Wilayah Persekutuan Putrajaya
62502,Penasihat Agama Islam Kepada Yang Amat Berhormat Perdana Menteri,Putrajaya,Wilayah Persekutuan Putrajaya
62502,Seketrial Permata Jabatan Perdana Menteri,Putrajaya,Wilayah Persekutuan Putrajaya
62502,Setiausaha Parlimen Di Jabatan Perdana Menteri,Putrajaya,Wilayah Persekutuan Putrajaya
62502,Unit Pemodenan Tadbiran Malaysia,Putrajaya,Wilayah Persekutuan Putrajaya
62502,Unit Penyelarasan Dan Perlaksanaan Jabatan Perdana Menteri,Putrajaya,Wilayah Persekutuan Putrajaya
62502,Unit Perancang Ekonomi Jabatan Perdana Menteri,Putrajaya,Wilayah Persekutuan Putrajaya
62504,Biro Pengaduan Awam,Putrajaya,Wilayah Persekutuan Putrajaya
62505,Mahkamah Majistret Kajang,Putrajaya,Wilayah Persekutuan Putrajaya
62506,Jabatan Perkhidmatan Awam,Putrajaya,Wilayah Persekutuan Putrajaya
62506,Mahkamah Rayuan Malaysia,Putrajaya,Wilayah Persekutuan Putrajaya
62506,Pejabat Ketua Pendaftar Mahkamah Persekutuan,Putrajaya,Wilayah Persekutuan Putrajaya
62510,Jabatan Peguam Negara,Putrajaya,Wilayah Persekutuan Putrajaya
62512,Jabatan Perangkaan Malaysia,Putrajaya,Wilayah Persekutuan Putrajaya
62514,Jabatan Insolvensi Malaysia/Jabatan Pemegang Harta,Putrajaya,Wilayah Persekutuan Putrajaya
62516,Jabatan Perpaduan Negara Dan Integrasi Nasional,Putrajaya,Wilayah Persekutuan Putrajaya
62517,Pejabat Ketua Audit Negara,Putrajaya,Wilayah Persekutuan Putrajaya
62518,Jabatan Kemajuan Islam Malaysia (JAKIM),Putrajaya,Wilayah Persekutuan Putrajaya
62519,Jabatan Wakaf Zakat Dan Haji,Putrajaya,Wilayah Persekutuan Putrajaya
62519,Pejabat Menteri Di Jabatan Perdana Menteri Hal Ehwal Agama,Putrajaya,Wilayah Persekutuan Putrajaya
62519,Suruhanjaya Perkhidmatan Awam Malaysia,Putrajaya,Wilayah Persekutuan Putrajaya
62520,Pusat Pengajian Pembangunan Malaysia,Putrajaya,Wilayah Persekutuan Putrajaya
62522,Pejabat Ketua Pegawai Keselamatan Kerajaan,Putrajaya,Wilayah Persekutuan Putrajaya
62524,Suruhanjaya Perkhidmatan Pelajaran,Putrajaya,Wilayah Persekutuan Putrajaya
62526,Unit Pemodenan Tadbiran Perancangan & Pengurusan Malaysia(MAMPU),Putrajaya,Wilayah Persekutuan Putrajaya
62527,Jabatan Pembangunan Kemahiran,Putrajaya,Wilayah Persekutuan Putrajaya
62530,Jabatan Hal Ehwal Kesatuan Sekerja,Putrajaya,Wilayah Persekutuan Putrajaya
62530,Kementerian Sumber Manusia,Putrajaya,Wilayah Persekutuan Putrajaya
62532,Jabatan Perhubungan Perusahaan,Putrajaya,Wilayah Persekutuan Putrajaya
62532,Jabatan Tenaga Kerja,Putrajaya,Wilayah Persekutuan Putrajaya
62532,Majlis Latihan Vokasional Kebangsaan,Putrajaya,Wilayah Persekutuan Putrajaya
62536,Jabatan Tenaga Manusia,Putrajaya,Wilayah Persekutuan Putrajaya
62540,Pendaftar Kesatuan Sekerja,Putrajaya,Wilayah Persekutuan Putrajaya
62542,Jabatan Pendaftaran Pertubuhan,Putrajaya,Wilayah Persekutuan Putrajaya
62546,Kementerian Hal Ehwal Dalam Negeri,Putrajaya,Wilayah Persekutuan Putrajaya
62546,Kementerian Keselamatan Dalam Negeri,Putrajaya,Wilayah Persekutuan Putrajaya
62546,Ketua Pengarah Agensi Anti Dadah Kebangsaan,Putrajaya,Wilayah Persekutuan Putrajaya
62546,Ketua Pengarah Jabatan RELA,Putrajaya,Wilayah Persekutuan Putrajaya
62550,Ketua Pengarah Jabatan Imigresen Malaysia,Putrajaya,Wilayah Persekutuan Putrajaya
62550,Ketua Pengarah Pendaftaran Negara,Putrajaya,Wilayah Persekutuan Putrajaya
62551,Jabatan Belia Dan Sukan Negara,Putrajaya,Wilayah Persekutuan Putrajaya
62570,Jabatan Alam Sekitar,Putrajaya,Wilayah Persekutuan Putrajaya
62570,Kementerian Belia Dan Sukan,Putrajaya,Wilayah Persekutuan Putrajaya
62574,Kementerian Sumber Asli Dan Alam Sekitar,Putrajaya,Wilayah Persekutuan Putrajaya
62574,Ketua Pengarah Jabatan Tanah Dan Galian Persekutuan,Putrajaya,Wilayah Persekutuan Putrajaya
62576,Jabatan Ukur & Pemetaan,Putrajaya,Wilayah Persekutuan Putrajaya
62582,Jabatan Kawalan Penyakit Bawaan Vektor,Putrajaya,Wilayah Persekutuan Putrajaya
62582,Jabatan Kerja Raya Wilayah Persekutuan Putrajaya,Putrajaya,Wilayah Persekutuan Putrajaya
62584,Kementerian Kesihatan,Putrajaya,Wilayah Persekutuan Putrajaya
62590,Kementerian Kewangan,Putrajaya,Wilayah Persekutuan Putrajaya
62592,Jabatan Akauntan Negara,Putrajaya,Wilayah Persekutuan Putrajaya
62592,Ketua Pengarah Jabatan Penilaian Dan Perkhidmatan Harta,Putrajaya,Wilayah Persekutuan Putrajaya
62596,Ibu Pejabat Jabatan Kastam Diraja Malaysia,Putrajaya,Wilayah Persekutuan Putrajaya
62602,Bahagian Biasiswa Kementerian Pelajaran,Putrajaya,Wilayah Persekutuan Putrajaya
62602,Kementerian Luar Negeri,Putrajaya,Wilayah Persekutuan Putrajaya
62604,Bahagian Kewangan Kementerian Pelajaran,Putrajaya,Wilayah Persekutuan Putrajaya
62604,Bahagian Pendidikan Guru,Putrajaya,Wilayah Persekutuan Putrajaya
62604,Bahagian Sumber Manusia Kementerian Pelajaran,Putrajaya,Wilayah Persekutuan Putrajaya
62604,Jabatan Pendidikan Teknikal,Putrajaya,Wilayah Persekutuan Putrajaya
62604,Jabatan Pendidikan Tinggi,Putrajaya,Wilayah Persekutuan Putrajaya
62604,Jabatan Politeknik Dan Kolej Komuniti,Putrajaya,Wilayah Persekutuan Putrajaya
62604,Jemaah Nazir,Putrajaya,Wilayah Persekutuan Putrajaya
62604,Kementerian Pelajaran,Putrajaya,Wilayah Persekutuan Putrajaya
62604,Kementerian Pengajian Tinggi,Putrajaya,Wilayah Persekutuan Putrajaya
62604,Lembaga Peperiksaan Malaysia,Putrajaya,Wilayah Persekutuan Putrajaya
62604,Pusat Perkembangan Kurikulum,Putrajaya,Wilayah Persekutuan Putrajaya
62605,Jabatan Kemajuan Masayarakat,Putrajaya,Wilayah Persekutuan Putrajaya
62606,Kementerian Kemajuan Luar Bandar Dan Wilayah,Putrajaya,Wilayah Persekutuan Putrajaya
62606,Kementerian Pengangkutan,Putrajaya,Wilayah Persekutuan Putrajaya
62616,Jabatan Penerbangan Awam,Putrajaya,Wilayah Persekutuan Putrajaya
62618,Ketua Pengarah Jabatan Pengangkutan Jalan,Putrajaya,Wilayah Persekutuan Putrajaya
62620,Kementerian Perdagangan Dalam Negeri Dan Hal Ehwal Pengguna,Putrajaya,Wilayah Persekutuan Putrajaya
62623,Kementerian Pertanian Dan Industri Asas Tani,Putrajaya,Wilayah Persekutuan Putrajaya
62624,Jabatan Perikanan,Putrajaya,Wilayah Persekutuan Putrajaya
62628,Jabatan Haiwan,Putrajaya,Wilayah Persekutuan Putrajaya
62630,Jabatan Pertanian,Putrajaya,Wilayah Persekutuan Putrajaya
62632,Ketua Pengarah Jabatan Bomba Malaysia,Putrajaya,Wilayah Persekutuan Putrajaya
62648,Kementerian Pembangunan Usahawan Dan Koperasi,Putrajaya,Wilayah Persekutuan Putrajaya
62652,Kementerian Perusahaan Perladangan Dan Komoditi,Putrajaya,Wilayah Persekutuan Putrajaya
62652,Yayasan Tekun Nasional,Putrajaya,Wilayah Persekutuan Putrajaya
62654,Jabatan Standard Malaysia,Putrajaya,Wilayah Persekutuan Putrajaya
62662,Jabatan Bekalan Air,Putrajaya,Wilayah Persekutuan Putrajaya
62662,Kementerian Sains Teknologi Dan Inovasi,Putrajaya,Wilayah Persekutuan Putrajaya
62668,"Kementerian Tenaga, Air Dan Komunikasi",Putrajaya,Wilayah Persekutuan Putrajaya
62668,Pusat Mel Kerajaan Putrajaya,Putrajaya,Wilayah Persekutuan Putrajaya
62670,Bahagian Kemajuan Wilayah Persekutuan,Putrajaya,Wilayah Persekutuan Putrajaya
62674,Perbadanan Putrajaya,Putrajaya,Wilayah Persekutuan Putrajaya
62675,Jabatan Agama Islam Wilayah Putrajaya,Putrajaya,Wilayah Persekutuan Putrajaya
62676,Jabatan Kehakiman Syariah Malaysia,Putrajaya,Wilayah Persekutuan Putrajaya
62677,Suruhanjaya Kehakiman,Putrajaya,Wilayah Persekutuan Putrajaya
62686,Suruhanjaya Pilihan Raya Malaysia,Putrajaya,Wilayah Persekutuan Putrajaya
62692,Bahagian Hal Ehwal Undang-undang,Putrajaya,Wilayah Persekutuan Putrajaya
62692,Biro Bantuan Guaman Malaysia,Putrajaya,Wilayah Persekutuan Putrajaya
62988,Cyberjaya,Putrajaya,Wilayah Persekutuan Putrajaya
